inventory_date,product_id,product_name,product_category,outlet_id,outlet_name,region_name,city,opening_stock,closing_stock,available_stock,stockout_flag,days_of_supply
2024-01-01,P001,Tempra,Fever & Pain,O001,Bandung Prime Pharmacy,Jawa Barat,Bandung,118,91,91,0,9.4
2024-01-01,P002,Bodrex Flu & Batuk,Cough & Cold,O001,Bandung Prime Pharmacy,Jawa Barat,Bandung,126,90,90,0,9.4
2024-01-01,P003,Hemaviton C1000,Vitamin,O001,Bandung Prime Pharmacy,Jawa Barat,Bandung,99,60,60,0,5.1
2024-01-01,P004,Vidoran Smart,Multivitamin,O001,Bandung Prime Pharmacy,Jawa Barat,Bandung,92,68,68,0,4.8
2024-01-01,P005,Marina Skin Care,Skin Care,O001,Bandung Prime Pharmacy,Jawa Barat,Bandung,121,76,76,0,8.0
2024-01-01,P001,Tempra,Fever & Pain,O002,Bandung Health Mart,Jawa Barat,Bandung,138,99,99,0,11.0
2024-01-01,P002,Bodrex Flu & Batuk,Cough & Cold,O002,Bandung Health Mart,Jawa Barat,Bandung,140,103,103,0,8.5
2024-01-01,P003,Hemaviton C1000,Vitamin,O002,Bandung Health Mart,Jawa Barat,Bandung,134,106,106,0,9.6
2024-01-01,P004,Vidoran Smart,Multivitamin,O002,Bandung Health Mart,Jawa Barat,Bandung,140,97,97,0,6.7
2024-01-01,P005,Marina Skin Care,Skin Care,O002,Bandung Health Mart,Jawa Barat,Bandung,109,65,65,0,4.9
2024-01-01,P001,Tempra,Fever & Pain,O003,Bekasi Prime Pharmacy,Jawa Barat,Bekasi,122,79,79,0,7.1
2024-01-01,P002,Bodrex Flu & Batuk,Cough & Cold,O003,Bekasi Prime Pharmacy,Jawa Barat,Bekasi,101,74,74,0,5.8
2024-01-01,P003,Hemaviton C1000,Vitamin,O003,Bekasi Prime Pharmacy,Jawa Barat,Bekasi,106,90,90,0,10.7
2024-01-01,P004,Vidoran Smart,Multivitamin,O003,Bekasi Prime Pharmacy,Jawa Barat,Bekasi,75,59,59,0,7.1
2024-01-01,P005,Marina Skin Care,Skin Care,O003,Bekasi Prime Pharmacy,Jawa Barat,Bekasi,129,90,90,0,9.0
2024-01-01,P001,Tempra,Fever & Pain,O004,Bekasi Health Mart,Jawa Barat,Bekasi,176,136,136,0,11.8
2024-01-01,P002,Bodrex Flu & Batuk,Cough & Cold,O004,Bekasi Health Mart,Jawa Barat,Bekasi,119,76,76,0,7.4
2024-01-01,P003,Hemaviton C1000,Vitamin,O004,Bekasi Health Mart,Jawa Barat,Bekasi,93,77,77,0,9.0
2024-01-01,P004,Vidoran Smart,Multivitamin,O004,Bekasi Health Mart,Jawa Barat,Bekasi,168,139,139,0,9.6
2024-01-01,P005,Marina Skin Care,Skin Care,O004,Bekasi Health Mart,Jawa Barat,Bekasi,123,97,97,0,6.8
2024-01-01,P001,Tempra,Fever & Pain,O005,Surabaya Prime Pharmacy,Jawa Timur,Surabaya,158,139,139,0,11.8
2024-01-01,P002,Bodrex Flu & Batuk,Cough & Cold,O005,Surabaya Prime Pharmacy,Jawa Timur,Surabaya,162,117,117,0,8.2
2024-01-01,P003,Hemaviton C1000,Vitamin,O005,Surabaya Prime Pharmacy,Jawa Timur,Surabaya,135,110,110,0,11.1
2024-01-01,P004,Vidoran Smart,Multivitamin,O005,Surabaya Prime Pharmacy,Jawa Timur,Surabaya,80,49,49,0,4.9
2024-01-01,P005,Marina Skin Care,Skin Care,O005,Surabaya Prime Pharmacy,Jawa Timur,Surabaya,158,126,126,0,9.6
2024-01-01,P001,Tempra,Fever & Pain,O006,Surabaya Health Mart,Jawa Timur,Surabaya,124,102,102,0,9.7
2024-01-01,P002,Bodrex Flu & Batuk,Cough & Cold,O006,Surabaya Health Mart,Jawa Timur,Surabaya,65,44,44,0,3.6
2024-01-01,P003,Hemaviton C1000,Vitamin,O006,Surabaya Health Mart,Jawa Timur,Surabaya,142,122,122,0,9.7
2024-01-01,P004,Vidoran Smart,Multivitamin,O006,Surabaya Health Mart,Jawa Timur,Surabaya,120,98,98,0,7.5
2024-01-01,P005,Marina Skin Care,Skin Care,O006,Surabaya Health Mart,Jawa Timur,Surabaya,113,68,68,0,7.0
2024-01-01,P001,Tempra,Fever & Pain,O007,Semarang Prime Pharmacy,Jawa Tengah,Semarang,86,46,46,0,4.1
2024-01-01,P002,Bodrex Flu & Batuk,Cough & Cold,O007,Semarang Prime Pharmacy,Jawa Tengah,Semarang,98,79,79,0,8.2
2024-01-01,P003,Hemaviton C1000,Vitamin,O007,Semarang Prime Pharmacy,Jawa Tengah,Semarang,107,97,97,0,6.6
2024-01-01,P004,Vidoran Smart,Multivitamin,O007,Semarang Prime Pharmacy,Jawa Tengah,Semarang,106,71,71,0,5.4
2024-01-01,P005,Marina Skin Care,Skin Care,O007,Semarang Prime Pharmacy,Jawa Tengah,Semarang,113,82,82,0,6.2
2024-01-01,P001,Tempra,Fever & Pain,O008,Semarang Health Mart,Jawa Tengah,Semarang,129,118,118,0,8.1
2024-01-01,P002,Bodrex Flu & Batuk,Cough & Cold,O008,Semarang Health Mart,Jawa Tengah,Semarang,157,128,128,0,14.6
2024-01-01,P003,Hemaviton C1000,Vitamin,O008,Semarang Health Mart,Jawa Tengah,Semarang,141,124,124,0,9.1
2024-01-01,P004,Vidoran Smart,Multivitamin,O008,Semarang Health Mart,Jawa Tengah,Semarang,102,81,81,0,6.2
2024-01-01,P005,Marina Skin Care,Skin Care,O008,Semarang Health Mart,Jawa Tengah,Semarang,123,98,98,0,7.4
2024-01-01,P001,Tempra,Fever & Pain,O009,Medan Prime Pharmacy,Sumatera,Medan,104,79,79,0,6.1
2024-01-01,P002,Bodrex Flu & Batuk,Cough & Cold,O009,Medan Prime Pharmacy,Sumatera,Medan,136,93,93,0,8.9
2024-01-01,P003,Hemaviton C1000,Vitamin,O009,Medan Prime Pharmacy,Sumatera,Medan,136,93,93,0,7.6
2024-01-01,P004,Vidoran Smart,Multivitamin,O009,Medan Prime Pharmacy,Sumatera,Medan,116,75,75,0,8.6
2024-01-01,P005,Marina Skin Care,Skin Care,O009,Medan Prime Pharmacy,Sumatera,Medan,149,120,120,0,14.0
2024-01-01,P001,Tempra,Fever & Pain,O010,Medan Health Mart,Sumatera,Medan,143,130,130,0,10.6
2024-01-01,P002,Bodrex Flu & Batuk,Cough & Cold,O010,Medan Health Mart,Sumatera,Medan,138,99,99,0,11.6
2024-01-01,P003,Hemaviton C1000,Vitamin,O010,Medan Health Mart,Sumatera,Medan,161,132,132,0,10.9
2024-01-01,P004,Vidoran Smart,Multivitamin,O010,Medan Health Mart,Sumatera,Medan,114,90,90,0,6.1
2024-01-01,P005,Marina Skin Care,Skin Care,O010,Medan Health Mart,Sumatera,Medan,128,91,91,0,7.3
2024-01-01,P001,Tempra,Fever & Pain,O011,Balikpapan Prime Pharmacy,Kalimantan,Balikpapan,104,74,74,0,8.4
2024-01-01,P002,Bodrex Flu & Batuk,Cough & Cold,O011,Balikpapan Prime Pharmacy,Kalimantan,Balikpapan,127,100,100,0,8.4
2024-01-01,P003,Hemaviton C1000,Vitamin,O011,Balikpapan Prime Pharmacy,Kalimantan,Balikpapan,134,117,117,0,9.3
2024-01-01,P004,Vidoran Smart,Multivitamin,O011,Balikpapan Prime Pharmacy,Kalimantan,Balikpapan,99,81,81,0,5.8
2024-01-01,P005,Marina Skin Care,Skin Care,O011,Balikpapan Prime Pharmacy,Kalimantan,Balikpapan,118,73,73,0,5.5
2024-01-01,P001,Tempra,Fever & Pain,O012,Balikpapan Health Mart,Kalimantan,Balikpapan,108,89,89,0,7.8
2024-01-01,P002,Bodrex Flu & Batuk,Cough & Cold,O012,Balikpapan Health Mart,Kalimantan,Balikpapan,63,32,32,0,2.6
2024-01-01,P003,Hemaviton C1000,Vitamin,O012,Balikpapan Health Mart,Kalimantan,Balikpapan,135,107,107,0,7.1
2024-01-01,P004,Vidoran Smart,Multivitamin,O012,Balikpapan Health Mart,Kalimantan,Balikpapan,134,113,113,0,12.3
2024-01-01,P005,Marina Skin Care,Skin Care,O012,Balikpapan Health Mart,Kalimantan,Balikpapan,162,118,118,0,13.0
2024-01-01,P001,Tempra,Fever & Pain,O013,Makassar Prime Pharmacy,Sulawesi,Makassar,55,27,27,0,3.3
2024-01-01,P002,Bodrex Flu & Batuk,Cough & Cold,O013,Makassar Prime Pharmacy,Sulawesi,Makassar,92,60,60,0,6.3
2024-01-01,P003,Hemaviton C1000,Vitamin,O013,Makassar Prime Pharmacy,Sulawesi,Makassar,160,130,130,0,9.8
2024-01-01,P004,Vidoran Smart,Multivitamin,O013,Makassar Prime Pharmacy,Sulawesi,Makassar,164,133,133,0,9.8
2024-01-01,P005,Marina Skin Care,Skin Care,O013,Makassar Prime Pharmacy,Sulawesi,Makassar,137,111,111,0,9.2
2024-01-01,P001,Tempra,Fever & Pain,O014,Makassar Health Mart,Sulawesi,Makassar,140,111,111,0,8.8
2024-01-01,P002,Bodrex Flu & Batuk,Cough & Cold,O014,Makassar Health Mart,Sulawesi,Makassar,98,62,62,0,4.9
2024-01-01,P003,Hemaviton C1000,Vitamin,O014,Makassar Health Mart,Sulawesi,Makassar,106,74,74,0,8.8
2024-01-01,P004,Vidoran Smart,Multivitamin,O014,Makassar Health Mart,Sulawesi,Makassar,152,107,107,0,11.3
2024-01-01,P005,Marina Skin Care,Skin Care,O014,Makassar Health Mart,Sulawesi,Makassar,149,138,138,0,15.5
2024-01-02,P001,Tempra,Fever & Pain,O001,Bandung Prime Pharmacy,Jawa Barat,Bandung,90,78,78,0,6.0
2024-01-02,P002,Bodrex Flu & Batuk,Cough & Cold,O001,Bandung Prime Pharmacy,Jawa Barat,Bandung,130,100,100,0,8.2
2024-01-02,P003,Hemaviton C1000,Vitamin,O001,Bandung Prime Pharmacy,Jawa Barat,Bandung,94,71,71,0,6.4
2024-01-02,P004,Vidoran Smart,Multivitamin,O001,Bandung Prime Pharmacy,Jawa Barat,Bandung,76,61,61,0,7.0
2024-01-02,P005,Marina Skin Care,Skin Care,O001,Bandung Prime Pharmacy,Jawa Barat,Bandung,112,83,83,0,7.9
2024-01-02,P001,Tempra,Fever & Pain,O002,Bandung Health Mart,Jawa Barat,Bandung,77,32,32,0,3.9
2024-01-02,P002,Bodrex Flu & Batuk,Cough & Cold,O002,Bandung Health Mart,Jawa Barat,Bandung,133,90,90,0,9.5
2024-01-02,P003,Hemaviton C1000,Vitamin,O002,Bandung Health Mart,Jawa Barat,Bandung,127,90,90,0,7.9
2024-01-02,P004,Vidoran Smart,Multivitamin,O002,Bandung Health Mart,Jawa Barat,Bandung,138,115,115,0,8.6
2024-01-02,P005,Marina Skin Care,Skin Care,O002,Bandung Health Mart,Jawa Barat,Bandung,107,95,95,0,8.6
2024-01-02,P001,Tempra,Fever & Pain,O003,Bekasi Prime Pharmacy,Jawa Barat,Bekasi,123,86,86,0,6.2
2024-01-02,P002,Bodrex Flu & Batuk,Cough & Cold,O003,Bekasi Prime Pharmacy,Jawa Barat,Bekasi,105,73,73,0,7.0
2024-01-02,P003,Hemaviton C1000,Vitamin,O003,Bekasi Prime Pharmacy,Jawa Barat,Bekasi,95,65,65,0,4.6
2024-01-02,P004,Vidoran Smart,Multivitamin,O003,Bekasi Prime Pharmacy,Jawa Barat,Bekasi,96,82,82,0,6.6
2024-01-02,P005,Marina Skin Care,Skin Care,O003,Bekasi Prime Pharmacy,Jawa Barat,Bekasi,72,34,34,0,3.9
2024-01-02,P001,Tempra,Fever & Pain,O004,Bekasi Health Mart,Jawa Barat,Bekasi,130,94,94,0,7.0
2024-01-02,P002,Bodrex Flu & Batuk,Cough & Cold,O004,Bekasi Health Mart,Jawa Barat,Bekasi,157,125,125,0,12.3
2024-01-02,P003,Hemaviton C1000,Vitamin,O004,Bekasi Health Mart,Jawa Barat,Bekasi,155,112,112,0,12.9
2024-01-02,P004,Vidoran Smart,Multivitamin,O004,Bekasi Health Mart,Jawa Barat,Bekasi,108,65,65,0,7.9
2024-01-02,P005,Marina Skin Care,Skin Care,O004,Bekasi Health Mart,Jawa Barat,Bekasi,118,93,93,0,6.3
2024-01-02,P001,Tempra,Fever & Pain,O005,Surabaya Prime Pharmacy,Jawa Timur,Surabaya,142,100,100,0,8.6
2024-01-02,P002,Bodrex Flu & Batuk,Cough & Cold,O005,Surabaya Prime Pharmacy,Jawa Timur,Surabaya,73,53,53,0,5.3
2024-01-02,P003,Hemaviton C1000,Vitamin,O005,Surabaya Prime Pharmacy,Jawa Timur,Surabaya,106,90,90,0,6.5
2024-01-02,P004,Vidoran Smart,Multivitamin,O005,Surabaya Prime Pharmacy,Jawa Timur,Surabaya,118,99,99,0,8.4
2024-01-02,P005,Marina Skin Care,Skin Care,O005,Surabaya Prime Pharmacy,Jawa Timur,Surabaya,148,123,123,0,9.4
2024-01-02,P001,Tempra,Fever & Pain,O006,Surabaya Health Mart,Jawa Timur,Surabaya,108,97,97,0,9.0
2024-01-02,P002,Bodrex Flu & Batuk,Cough & Cold,O006,Surabaya Health Mart,Jawa Timur,Surabaya,144,123,123,0,8.9
2024-01-02,P003,Hemaviton C1000,Vitamin,O006,Surabaya Health Mart,Jawa Timur,Surabaya,132,103,103,0,8.9
2024-01-02,P004,Vidoran Smart,Multivitamin,O006,Surabaya Health Mart,Jawa Timur,Surabaya,126,92,92,0,8.9
2024-01-02,P005,Marina Skin Care,Skin Care,O006,Surabaya Health Mart,Jawa Timur,Surabaya,74,44,44,0,3.5
2024-01-02,P001,Tempra,Fever & Pain,O007,Semarang Prime Pharmacy,Jawa Tengah,Semarang,158,125,125,0,10.8
2024-01-02,P002,Bodrex Flu & Batuk,Cough & Cold,O007,Semarang Prime Pharmacy,Jawa Tengah,Semarang,129,110,110,0,8.6
2024-01-02,P003,Hemaviton C1000,Vitamin,O007,Semarang Prime Pharmacy,Jawa Tengah,Semarang,103,77,77,0,6.0
2024-01-02,P004,Vidoran Smart,Multivitamin,O007,Semarang Prime Pharmacy,Jawa Tengah,Semarang,117,87,87,0,6.9
2024-01-02,P005,Marina Skin Care,Skin Care,O007,Semarang Prime Pharmacy,Jawa Tengah,Semarang,130,97,97,0,8.2
2024-01-02,P001,Tempra,Fever & Pain,O008,Semarang Health Mart,Jawa Tengah,Semarang,152,122,122,0,9.8
2024-01-02,P002,Bodrex Flu & Batuk,Cough & Cold,O008,Semarang Health Mart,Jawa Tengah,Semarang,133,103,103,0,7.1
2024-01-02,P003,Hemaviton C1000,Vitamin,O008,Semarang Health Mart,Jawa Tengah,Semarang,125,106,106,0,11.5
2024-01-02,P004,Vidoran Smart,Multivitamin,O008,Semarang Health Mart,Jawa Tengah,Semarang,134,90,90,0,9.0
2024-01-02,P005,Marina Skin Care,Skin Care,O008,Semarang Health Mart,Jawa Tengah,Semarang,120,90,90,0,6.8
2024-01-02,P001,Tempra,Fever & Pain,O009,Medan Prime Pharmacy,Sumatera,Medan,101,81,81,0,5.9
2024-01-02,P002,Bodrex Flu & Batuk,Cough & Cold,O009,Medan Prime Pharmacy,Sumatera,Medan,114,82,82,0,9.8
2024-01-02,P003,Hemaviton C1000,Vitamin,O009,Medan Prime Pharmacy,Sumatera,Medan,157,124,124,0,10.4
2024-01-02,P004,Vidoran Smart,Multivitamin,O009,Medan Prime Pharmacy,Sumatera,Medan,123,104,104,0,11.1
2024-01-02,P005,Marina Skin Care,Skin Care,O009,Medan Prime Pharmacy,Sumatera,Medan,163,134,134,0,11.0
2024-01-02,P001,Tempra,Fever & Pain,O010,Medan Health Mart,Sumatera,Medan,103,92,92,0,7.6
2024-01-02,P002,Bodrex Flu & Batuk,Cough & Cold,O010,Medan Health Mart,Sumatera,Medan,113,96,96,0,10.3
2024-01-02,P003,Hemaviton C1000,Vitamin,O010,Medan Health Mart,Sumatera,Medan,166,126,126,0,10.8
2024-01-02,P004,Vidoran Smart,Multivitamin,O010,Medan Health Mart,Sumatera,Medan,107,78,78,0,5.8
2024-01-02,P005,Marina Skin Care,Skin Care,O010,Medan Health Mart,Sumatera,Medan,120,88,88,0,6.0
2024-01-02,P001,Tempra,Fever & Pain,O011,Balikpapan Prime Pharmacy,Kalimantan,Balikpapan,141,116,116,0,12.0
2024-01-02,P002,Bodrex Flu & Batuk,Cough & Cold,O011,Balikpapan Prime Pharmacy,Kalimantan,Balikpapan,160,120,120,0,10.6
2024-01-02,P003,Hemaviton C1000,Vitamin,O011,Balikpapan Prime Pharmacy,Kalimantan,Balikpapan,118,106,106,0,7.1
2024-01-02,P004,Vidoran Smart,Multivitamin,O011,Balikpapan Prime Pharmacy,Kalimantan,Balikpapan,128,84,84,0,7.2
2024-01-02,P005,Marina Skin Care,Skin Care,O011,Balikpapan Prime Pharmacy,Kalimantan,Balikpapan,122,87,87,0,6.3
2024-01-02,P001,Tempra,Fever & Pain,O012,Balikpapan Health Mart,Kalimantan,Balikpapan,91,81,81,0,8.2
2024-01-02,P002,Bodrex Flu & Batuk,Cough & Cold,O012,Balikpapan Health Mart,Kalimantan,Balikpapan,101,83,83,0,7.3
2024-01-02,P003,Hemaviton C1000,Vitamin,O012,Balikpapan Health Mart,Kalimantan,Balikpapan,150,107,107,0,9.6
2024-01-02,P004,Vidoran Smart,Multivitamin,O012,Balikpapan Health Mart,Kalimantan,Balikpapan,127,85,85,0,7.6
2024-01-02,P005,Marina Skin Care,Skin Care,O012,Balikpapan Health Mart,Kalimantan,Balikpapan,126,89,89,0,8.5
2024-01-02,P001,Tempra,Fever & Pain,O013,Makassar Prime Pharmacy,Sulawesi,Makassar,152,118,118,0,11.1
2024-01-02,P002,Bodrex Flu & Batuk,Cough & Cold,O013,Makassar Prime Pharmacy,Sulawesi,Makassar,122,93,93,0,8.3
2024-01-02,P003,Hemaviton C1000,Vitamin,O013,Makassar Prime Pharmacy,Sulawesi,Makassar,166,141,141,0,14.9
2024-01-02,P004,Vidoran Smart,Multivitamin,O013,Makassar Prime Pharmacy,Sulawesi,Makassar,103,75,75,0,7.8
2024-01-02,P005,Marina Skin Care,Skin Care,O013,Makassar Prime Pharmacy,Sulawesi,Makassar,83,62,62,0,5.0
2024-01-02,P001,Tempra,Fever & Pain,O014,Makassar Health Mart,Sulawesi,Makassar,97,73,73,0,7.2
2024-01-02,P002,Bodrex Flu & Batuk,Cough & Cold,O014,Makassar Health Mart,Sulawesi,Makassar,149,127,127,0,15.2
2024-01-02,P003,Hemaviton C1000,Vitamin,O014,Makassar Health Mart,Sulawesi,Makassar,139,116,116,0,8.0
2024-01-02,P004,Vidoran Smart,Multivitamin,O014,Makassar Health Mart,Sulawesi,Makassar,125,83,83,0,5.9
2024-01-02,P005,Marina Skin Care,Skin Care,O014,Makassar Health Mart,Sulawesi,Makassar,145,109,109,0,10.8
2024-01-03,P001,Tempra,Fever & Pain,O001,Bandung Prime Pharmacy,Jawa Barat,Bandung,110,92,92,0,7.1
2024-01-03,P002,Bodrex Flu & Batuk,Cough & Cold,O001,Bandung Prime Pharmacy,Jawa Barat,Bandung,96,72,72,0,8.5
2024-01-03,P003,Hemaviton C1000,Vitamin,O001,Bandung Prime Pharmacy,Jawa Barat,Bandung,117,89,89,0,11.0
2024-01-03,P004,Vidoran Smart,Multivitamin,O001,Bandung Prime Pharmacy,Jawa Barat,Bandung,98,65,65,0,4.4
2024-01-03,P005,Marina Skin Care,Skin Care,O001,Bandung Prime Pharmacy,Jawa Barat,Bandung,85,70,70,0,6.1
2024-01-03,P001,Tempra,Fever & Pain,O002,Bandung Health Mart,Jawa Barat,Bandung,80,66,66,0,5.2
2024-01-03,P002,Bodrex Flu & Batuk,Cough & Cold,O002,Bandung Health Mart,Jawa Barat,Bandung,100,66,66,0,5.2
2024-01-03,P003,Hemaviton C1000,Vitamin,O002,Bandung Health Mart,Jawa Barat,Bandung,117,82,82,0,5.5
2024-01-03,P004,Vidoran Smart,Multivitamin,O002,Bandung Health Mart,Jawa Barat,Bandung,122,95,95,0,10.5
2024-01-03,P005,Marina Skin Care,Skin Care,O002,Bandung Health Mart,Jawa Barat,Bandung,149,104,104,0,9.0
2024-01-03,P001,Tempra,Fever & Pain,O003,Bekasi Prime Pharmacy,Jawa Barat,Bekasi,130,96,96,0,10.5
2024-01-03,P002,Bodrex Flu & Batuk,Cough & Cold,O003,Bekasi Prime Pharmacy,Jawa Barat,Bekasi,163,124,124,0,14.2
2024-01-03,P003,Hemaviton C1000,Vitamin,O003,Bekasi Prime Pharmacy,Jawa Barat,Bekasi,140,110,110,0,11.9
2024-01-03,P004,Vidoran Smart,Multivitamin,O003,Bekasi Prime Pharmacy,Jawa Barat,Bekasi,133,89,89,0,9.6
2024-01-03,P005,Marina Skin Care,Skin Care,O003,Bekasi Prime Pharmacy,Jawa Barat,Bekasi,108,89,89,0,6.8
2024-01-03,P001,Tempra,Fever & Pain,O004,Bekasi Health Mart,Jawa Barat,Bekasi,156,112,112,0,9.2
2024-01-03,P002,Bodrex Flu & Batuk,Cough & Cold,O004,Bekasi Health Mart,Jawa Barat,Bekasi,127,103,103,0,8.9
2024-01-03,P003,Hemaviton C1000,Vitamin,O004,Bekasi Health Mart,Jawa Barat,Bekasi,116,101,101,0,11.5
2024-01-03,P004,Vidoran Smart,Multivitamin,O004,Bekasi Health Mart,Jawa Barat,Bekasi,146,130,130,0,10.2
2024-01-03,P005,Marina Skin Care,Skin Care,O004,Bekasi Health Mart,Jawa Barat,Bekasi,136,125,125,0,9.5
2024-01-03,P001,Tempra,Fever & Pain,O005,Surabaya Prime Pharmacy,Jawa Timur,Surabaya,139,98,98,0,8.4
2024-01-03,P002,Bodrex Flu & Batuk,Cough & Cold,O005,Surabaya Prime Pharmacy,Jawa Timur,Surabaya,124,106,106,0,10.4
2024-01-03,P003,Hemaviton C1000,Vitamin,O005,Surabaya Prime Pharmacy,Jawa Timur,Surabaya,129,101,101,0,11.2
2024-01-03,P004,Vidoran Smart,Multivitamin,O005,Surabaya Prime Pharmacy,Jawa Timur,Surabaya,145,107,107,0,9.4
2024-01-03,P005,Marina Skin Care,Skin Care,O005,Surabaya Prime Pharmacy,Jawa Timur,Surabaya,159,126,126,0,10.7
2024-01-03,P001,Tempra,Fever & Pain,O006,Surabaya Health Mart,Jawa Timur,Surabaya,137,122,122,0,11.0
2024-01-03,P002,Bodrex Flu & Batuk,Cough & Cold,O006,Surabaya Health Mart,Jawa Timur,Surabaya,142,115,115,0,9.4
2024-01-03,P003,Hemaviton C1000,Vitamin,O006,Surabaya Health Mart,Jawa Timur,Surabaya,130,103,103,0,7.3
2024-01-03,P004,Vidoran Smart,Multivitamin,O006,Surabaya Health Mart,Jawa Timur,Surabaya,76,61,61,0,5.6
2024-01-03,P005,Marina Skin Care,Skin Care,O006,Surabaya Health Mart,Jawa Timur,Surabaya,72,58,58,0,4.3
2024-01-03,P001,Tempra,Fever & Pain,O007,Semarang Prime Pharmacy,Jawa Tengah,Semarang,166,127,127,0,15.7
2024-01-03,P002,Bodrex Flu & Batuk,Cough & Cold,O007,Semarang Prime Pharmacy,Jawa Tengah,Semarang,137,104,104,0,10.7
2024-01-03,P003,Hemaviton C1000,Vitamin,O007,Semarang Prime Pharmacy,Jawa Tengah,Semarang,110,100,100,0,12.4
2024-01-03,P004,Vidoran Smart,Multivitamin,O007,Semarang Prime Pharmacy,Jawa Tengah,Semarang,148,130,130,0,10.4
2024-01-03,P005,Marina Skin Care,Skin Care,O007,Semarang Prime Pharmacy,Jawa Tengah,Semarang,122,105,105,0,8.7
2024-01-03,P001,Tempra,Fever & Pain,O008,Semarang Health Mart,Jawa Tengah,Semarang,116,87,87,0,9.2
2024-01-03,P002,Bodrex Flu & Batuk,Cough & Cold,O008,Semarang Health Mart,Jawa Tengah,Semarang,147,117,117,0,13.1
2024-01-03,P003,Hemaviton C1000,Vitamin,O008,Semarang Health Mart,Jawa Tengah,Semarang,131,96,96,0,8.3
2024-01-03,P004,Vidoran Smart,Multivitamin,O008,Semarang Health Mart,Jawa Tengah,Semarang,85,71,71,0,7.0
2024-01-03,P005,Marina Skin Care,Skin Care,O008,Semarang Health Mart,Jawa Tengah,Semarang,107,89,89,0,6.9
2024-01-03,P001,Tempra,Fever & Pain,O009,Medan Prime Pharmacy,Sumatera,Medan,115,101,101,0,10.3
2024-01-03,P002,Bodrex Flu & Batuk,Cough & Cold,O009,Medan Prime Pharmacy,Sumatera,Medan,119,77,77,0,9.6
2024-01-03,P003,Hemaviton C1000,Vitamin,O009,Medan Prime Pharmacy,Sumatera,Medan,125,95,95,0,9.6
2024-01-03,P004,Vidoran Smart,Multivitamin,O009,Medan Prime Pharmacy,Sumatera,Medan,178,148,148,0,17.2
2024-01-03,P005,Marina Skin Care,Skin Care,O009,Medan Prime Pharmacy,Sumatera,Medan,134,98,98,0,12.0
2024-01-03,P001,Tempra,Fever & Pain,O010,Medan Health Mart,Sumatera,Medan,94,81,81,0,5.5
2024-01-03,P002,Bodrex Flu & Batuk,Cough & Cold,O010,Medan Health Mart,Sumatera,Medan,82,69,69,0,6.2
2024-01-03,P003,Hemaviton C1000,Vitamin,O010,Medan Health Mart,Sumatera,Medan,130,114,114,0,12.5
2024-01-03,P004,Vidoran Smart,Multivitamin,O010,Medan Health Mart,Sumatera,Medan,122,92,92,0,10.2
2024-01-03,P005,Marina Skin Care,Skin Care,O010,Medan Health Mart,Sumatera,Medan,104,88,88,0,6.5
2024-01-03,P001,Tempra,Fever & Pain,O011,Balikpapan Prime Pharmacy,Kalimantan,Balikpapan,141,103,103,0,7.5
2024-01-03,P002,Bodrex Flu & Batuk,Cough & Cold,O011,Balikpapan Prime Pharmacy,Kalimantan,Balikpapan,128,96,96,0,10.1
2024-01-03,P003,Hemaviton C1000,Vitamin,O011,Balikpapan Prime Pharmacy,Kalimantan,Balikpapan,153,110,110,0,11.3
2024-01-03,P004,Vidoran Smart,Multivitamin,O011,Balikpapan Prime Pharmacy,Kalimantan,Balikpapan,166,142,142,0,17.3
2024-01-03,P005,Marina Skin Care,Skin Care,O011,Balikpapan Prime Pharmacy,Kalimantan,Balikpapan,115,91,91,0,7.6
2024-01-03,P001,Tempra,Fever & Pain,O012,Balikpapan Health Mart,Kalimantan,Balikpapan,73,54,54,0,4.5
2024-01-03,P002,Bodrex Flu & Batuk,Cough & Cold,O012,Balikpapan Health Mart,Kalimantan,Balikpapan,119,98,98,0,6.8
2024-01-03,P003,Hemaviton C1000,Vitamin,O012,Balikpapan Health Mart,Kalimantan,Balikpapan,123,107,107,0,10.3
2024-01-03,P004,Vidoran Smart,Multivitamin,O012,Balikpapan Health Mart,Kalimantan,Balikpapan,106,72,72,0,7.1
2024-01-03,P005,Marina Skin Care,Skin Care,O012,Balikpapan Health Mart,Kalimantan,Balikpapan,81,57,57,0,4.6
2024-01-03,P001,Tempra,Fever & Pain,O013,Makassar Prime Pharmacy,Sulawesi,Makassar,125,111,111,0,10.6
2024-01-03,P002,Bodrex Flu & Batuk,Cough & Cold,O013,Makassar Prime Pharmacy,Sulawesi,Makassar,120,96,96,0,10.5
2024-01-03,P003,Hemaviton C1000,Vitamin,O013,Makassar Prime Pharmacy,Sulawesi,Makassar,107,67,67,0,5.2
2024-01-03,P004,Vidoran Smart,Multivitamin,O013,Makassar Prime Pharmacy,Sulawesi,Makassar,105,76,76,0,7.9
2024-01-03,P005,Marina Skin Care,Skin Care,O013,Makassar Prime Pharmacy,Sulawesi,Makassar,109,92,92,0,9.1
2024-01-03,P001,Tempra,Fever & Pain,O014,Makassar Health Mart,Sulawesi,Makassar,131,104,104,0,8.7
2024-01-03,P002,Bodrex Flu & Batuk,Cough & Cold,O014,Makassar Health Mart,Sulawesi,Makassar,98,73,73,0,6.4
2024-01-03,P003,Hemaviton C1000,Vitamin,O014,Makassar Health Mart,Sulawesi,Makassar,66,43,43,0,3.1
2024-01-03,P004,Vidoran Smart,Multivitamin,O014,Makassar Health Mart,Sulawesi,Makassar,104,77,77,0,6.6
2024-01-03,P005,Marina Skin Care,Skin Care,O014,Makassar Health Mart,Sulawesi,Makassar,123,107,107,0,7.9
2024-01-04,P001,Tempra,Fever & Pain,O001,Bandung Prime Pharmacy,Jawa Barat,Bandung,80,55,55,0,6.6
2024-01-04,P002,Bodrex Flu & Batuk,Cough & Cold,O001,Bandung Prime Pharmacy,Jawa Barat,Bandung,163,125,125,0,9.3
2024-01-04,P003,Hemaviton C1000,Vitamin,O001,Bandung Prime Pharmacy,Jawa Barat,Bandung,164,129,129,0,14.4
2024-01-04,P004,Vidoran Smart,Multivitamin,O001,Bandung Prime Pharmacy,Jawa Barat,Bandung,152,110,110,0,10.2
2024-01-04,P005,Marina Skin Care,Skin Care,O001,Bandung Prime Pharmacy,Jawa Barat,Bandung,112,99,99,0,10.8
2024-01-04,P001,Tempra,Fever & Pain,O002,Bandung Health Mart,Jawa Barat,Bandung,119,98,98,0,8.0
2024-01-04,P002,Bodrex Flu & Batuk,Cough & Cold,O002,Bandung Health Mart,Jawa Barat,Bandung,121,105,105,0,13.0
2024-01-04,P003,Hemaviton C1000,Vitamin,O002,Bandung Health Mart,Jawa Barat,Bandung,102,73,73,0,7.8
2024-01-04,P004,Vidoran Smart,Multivitamin,O002,Bandung Health Mart,Jawa Barat,Bandung,84,62,62,0,6.0
2024-01-04,P005,Marina Skin Care,Skin Care,O002,Bandung Health Mart,Jawa Barat,Bandung,143,117,117,0,8.9
2024-01-04,P001,Tempra,Fever & Pain,O003,Bekasi Prime Pharmacy,Jawa Barat,Bekasi,96,83,83,0,5.9
2024-01-04,P002,Bodrex Flu & Batuk,Cough & Cold,O003,Bekasi Prime Pharmacy,Jawa Barat,Bekasi,133,97,97,0,6.5
2024-01-04,P003,Hemaviton C1000,Vitamin,O003,Bekasi Prime Pharmacy,Jawa Barat,Bekasi,119,99,99,0,8.7
2024-01-04,P004,Vidoran Smart,Multivitamin,O003,Bekasi Prime Pharmacy,Jawa Barat,Bekasi,106,63,63,0,6.7
2024-01-04,P005,Marina Skin Care,Skin Care,O003,Bekasi Prime Pharmacy,Jawa Barat,Bekasi,121,90,90,0,8.2
2024-01-04,P001,Tempra,Fever & Pain,O004,Bekasi Health Mart,Jawa Barat,Bekasi,73,62,62,0,5.1
2024-01-04,P002,Bodrex Flu & Batuk,Cough & Cold,O004,Bekasi Health Mart,Jawa Barat,Bekasi,119,85,85,0,9.6
2024-01-04,P003,Hemaviton C1000,Vitamin,O004,Bekasi Health Mart,Jawa Barat,Bekasi,113,71,71,0,5.4
2024-01-04,P004,Vidoran Smart,Multivitamin,O004,Bekasi Health Mart,Jawa Barat,Bekasi,140,109,109,0,11.3
2024-01-04,P005,Marina Skin Care,Skin Care,O004,Bekasi Health Mart,Jawa Barat,Bekasi,176,148,148,0,15.0
2024-01-04,P001,Tempra,Fever & Pain,O005,Surabaya Prime Pharmacy,Jawa Timur,Surabaya,120,82,82,0,5.6
2024-01-04,P002,Bodrex Flu & Batuk,Cough & Cold,O005,Surabaya Prime Pharmacy,Jawa Timur,Surabaya,97,77,77,0,8.8
2024-01-04,P003,Hemaviton C1000,Vitamin,O005,Surabaya Prime Pharmacy,Jawa Timur,Surabaya,94,76,76,0,6.7
2024-01-04,P004,Vidoran Smart,Multivitamin,O005,Surabaya Prime Pharmacy,Jawa Timur,Surabaya,83,52,52,0,4.5
2024-01-04,P005,Marina Skin Care,Skin Care,O005,Surabaya Prime Pharmacy,Jawa Timur,Surabaya,161,121,121,0,8.7
2024-01-04,P001,Tempra,Fever & Pain,O006,Surabaya Health Mart,Jawa Timur,Surabaya,121,83,83,0,9.6
2024-01-04,P002,Bodrex Flu & Batuk,Cough & Cold,O006,Surabaya Health Mart,Jawa Timur,Surabaya,157,118,118,0,8.1
2024-01-04,P003,Hemaviton C1000,Vitamin,O006,Surabaya Health Mart,Jawa Timur,Surabaya,106,75,75,0,7.2
2024-01-04,P004,Vidoran Smart,Multivitamin,O006,Surabaya Health Mart,Jawa Timur,Surabaya,152,129,129,0,11.5
2024-01-04,P005,Marina Skin Care,Skin Care,O006,Surabaya Health Mart,Jawa Timur,Surabaya,168,127,127,0,15.8
2024-01-04,P001,Tempra,Fever & Pain,O007,Semarang Prime Pharmacy,Jawa Tengah,Semarang,112,78,78,0,7.1
2024-01-04,P002,Bodrex Flu & Batuk,Cough & Cold,O007,Semarang Prime Pharmacy,Jawa Tengah,Semarang,126,81,81,0,5.8
2024-01-04,P003,Hemaviton C1000,Vitamin,O007,Semarang Prime Pharmacy,Jawa Tengah,Semarang,104,87,87,0,6.5
2024-01-04,P004,Vidoran Smart,Multivitamin,O007,Semarang Prime Pharmacy,Jawa Tengah,Semarang,88,75,75,0,5.9
2024-01-04,P005,Marina Skin Care,Skin Care,O007,Semarang Prime Pharmacy,Jawa Tengah,Semarang,145,121,121,0,9.2
2024-01-04,P001,Tempra,Fever & Pain,O008,Semarang Health Mart,Jawa Tengah,Semarang,75,65,65,0,4.9
2024-01-04,P002,Bodrex Flu & Batuk,Cough & Cold,O008,Semarang Health Mart,Jawa Tengah,Semarang,118,104,104,0,11.2
2024-01-04,P003,Hemaviton C1000,Vitamin,O008,Semarang Health Mart,Jawa Tengah,Semarang,149,119,119,0,9.8
2024-01-04,P004,Vidoran Smart,Multivitamin,O008,Semarang Health Mart,Jawa Tengah,Semarang,146,111,111,0,12.8
2024-01-04,P005,Marina Skin Care,Skin Care,O008,Semarang Health Mart,Jawa Tengah,Semarang,158,120,120,0,12.4
2024-01-04,P001,Tempra,Fever & Pain,O009,Medan Prime Pharmacy,Sumatera,Medan,140,98,98,0,8.8
2024-01-04,P002,Bodrex Flu & Batuk,Cough & Cold,O009,Medan Prime Pharmacy,Sumatera,Medan,103,66,66,0,4.8
2024-01-04,P003,Hemaviton C1000,Vitamin,O009,Medan Prime Pharmacy,Sumatera,Medan,116,102,102,0,8.5
2024-01-04,P004,Vidoran Smart,Multivitamin,O009,Medan Prime Pharmacy,Sumatera,Medan,125,111,111,0,10.6
2024-01-04,P005,Marina Skin Care,Skin Care,O009,Medan Prime Pharmacy,Sumatera,Medan,136,108,108,0,7.3
2024-01-04,P001,Tempra,Fever & Pain,O010,Medan Health Mart,Sumatera,Medan,94,50,50,0,4.2
2024-01-04,P002,Bodrex Flu & Batuk,Cough & Cold,O010,Medan Health Mart,Sumatera,Medan,93,80,80,0,5.7
2024-01-04,P003,Hemaviton C1000,Vitamin,O010,Medan Health Mart,Sumatera,Medan,83,67,67,0,6.7
2024-01-04,P004,Vidoran Smart,Multivitamin,O010,Medan Health Mart,Sumatera,Medan,140,103,103,0,10.4
2024-01-04,P005,Marina Skin Care,Skin Care,O010,Medan Health Mart,Sumatera,Medan,102,58,58,0,6.2
2024-01-04,P001,Tempra,Fever & Pain,O011,Balikpapan Prime Pharmacy,Kalimantan,Balikpapan,137,118,118,0,11.2
2024-01-04,P002,Bodrex Flu & Batuk,Cough & Cold,O011,Balikpapan Prime Pharmacy,Kalimantan,Balikpapan,96,76,76,0,5.7
2024-01-04,P003,Hemaviton C1000,Vitamin,O011,Balikpapan Prime Pharmacy,Kalimantan,Balikpapan,141,98,98,0,6.8
2024-01-04,P004,Vidoran Smart,Multivitamin,O011,Balikpapan Prime Pharmacy,Kalimantan,Balikpapan,151,130,130,0,12.2
2024-01-04,P005,Marina Skin Care,Skin Care,O011,Balikpapan Prime Pharmacy,Kalimantan,Balikpapan,182,144,144,0,15.7
2024-01-04,P001,Tempra,Fever & Pain,O012,Balikpapan Health Mart,Kalimantan,Balikpapan,120,97,97,0,8.0
2024-01-04,P002,Bodrex Flu & Batuk,Cough & Cold,O012,Balikpapan Health Mart,Kalimantan,Balikpapan,53,42,42,0,3.0
2024-01-04,P003,Hemaviton C1000,Vitamin,O012,Balikpapan Health Mart,Kalimantan,Balikpapan,172,130,130,0,13.2
2024-01-04,P004,Vidoran Smart,Multivitamin,O012,Balikpapan Health Mart,Kalimantan,Balikpapan,129,117,117,0,8.3
2024-01-04,P005,Marina Skin Care,Skin Care,O012,Balikpapan Health Mart,Kalimantan,Balikpapan,153,110,110,0,10.0
2024-01-04,P001,Tempra,Fever & Pain,O013,Makassar Prime Pharmacy,Sulawesi,Makassar,167,123,123,0,11.3
2024-01-04,P002,Bodrex Flu & Batuk,Cough & Cold,O013,Makassar Prime Pharmacy,Sulawesi,Makassar,137,111,111,0,11.3
2024-01-04,P003,Hemaviton C1000,Vitamin,O013,Makassar Prime Pharmacy,Sulawesi,Makassar,93,58,58,0,4.4
2024-01-04,P004,Vidoran Smart,Multivitamin,O013,Makassar Prime Pharmacy,Sulawesi,Makassar,95,75,75,0,7.0
2024-01-04,P005,Marina Skin Care,Skin Care,O013,Makassar Prime Pharmacy,Sulawesi,Makassar,97,84,84,0,5.7
2024-01-04,P001,Tempra,Fever & Pain,O014,Makassar Health Mart,Sulawesi,Makassar,90,78,78,0,7.4
2024-01-04,P002,Bodrex Flu & Batuk,Cough & Cold,O014,Makassar Health Mart,Sulawesi,Makassar,122,90,90,0,8.6
2024-01-04,P003,Hemaviton C1000,Vitamin,O014,Makassar Health Mart,Sulawesi,Makassar,106,64,64,0,4.4
2024-01-04,P004,Vidoran Smart,Multivitamin,O014,Makassar Health Mart,Sulawesi,Makassar,120,106,106,0,9.9
2024-01-04,P005,Marina Skin Care,Skin Care,O014,Makassar Health Mart,Sulawesi,Makassar,128,97,97,0,11.4
2024-01-05,P001,Tempra,Fever & Pain,O001,Bandung Prime Pharmacy,Jawa Barat,Bandung,124,99,99,0,7.1
2024-01-05,P002,Bodrex Flu & Batuk,Cough & Cold,O001,Bandung Prime Pharmacy,Jawa Barat,Bandung,137,110,110,0,9.6
2024-01-05,P003,Hemaviton C1000,Vitamin,O001,Bandung Prime Pharmacy,Jawa Barat,Bandung,167,124,124,0,11.1
2024-01-05,P004,Vidoran Smart,Multivitamin,O001,Bandung Prime Pharmacy,Jawa Barat,Bandung,194,153,153,0,14.0
2024-01-05,P005,Marina Skin Care,Skin Care,O001,Bandung Prime Pharmacy,Jawa Barat,Bandung,123,104,104,0,9.2
2024-01-05,P001,Tempra,Fever & Pain,O002,Bandung Health Mart,Jawa Barat,Bandung,102,82,82,0,9.7
2024-01-05,P002,Bodrex Flu & Batuk,Cough & Cold,O002,Bandung Health Mart,Jawa Barat,Bandung,154,110,110,0,11.9
2024-01-05,P003,Hemaviton C1000,Vitamin,O002,Bandung Health Mart,Jawa Barat,Bandung,122,91,91,0,8.3
2024-01-05,P004,Vidoran Smart,Multivitamin,O002,Bandung Health Mart,Jawa Barat,Bandung,174,131,131,0,8.9
2024-01-05,P005,Marina Skin Care,Skin Care,O002,Bandung Health Mart,Jawa Barat,Bandung,125,80,80,0,9.6
2024-01-05,P001,Tempra,Fever & Pain,O003,Bekasi Prime Pharmacy,Jawa Barat,Bekasi,92,80,80,0,6.3
2024-01-05,P002,Bodrex Flu & Batuk,Cough & Cold,O003,Bekasi Prime Pharmacy,Jawa Barat,Bekasi,129,92,92,0,7.9
2024-01-05,P003,Hemaviton C1000,Vitamin,O003,Bekasi Prime Pharmacy,Jawa Barat,Bekasi,89,79,79,0,6.2
2024-01-05,P004,Vidoran Smart,Multivitamin,O003,Bekasi Prime Pharmacy,Jawa Barat,Bekasi,151,117,117,0,8.5
2024-01-05,P005,Marina Skin Care,Skin Care,O003,Bekasi Prime Pharmacy,Jawa Barat,Bekasi,123,106,106,0,8.5
2024-01-05,P001,Tempra,Fever & Pain,O004,Bekasi Health Mart,Jawa Barat,Bekasi,124,100,100,0,11.6
2024-01-05,P002,Bodrex Flu & Batuk,Cough & Cold,O004,Bekasi Health Mart,Jawa Barat,Bekasi,92,71,71,0,7.6
2024-01-05,P003,Hemaviton C1000,Vitamin,O004,Bekasi Health Mart,Jawa Barat,Bekasi,156,113,113,0,8.9
2024-01-05,P004,Vidoran Smart,Multivitamin,O004,Bekasi Health Mart,Jawa Barat,Bekasi,145,128,128,0,13.3
2024-01-05,P005,Marina Skin Care,Skin Care,O004,Bekasi Health Mart,Jawa Barat,Bekasi,131,106,106,0,11.6
2024-01-05,P001,Tempra,Fever & Pain,O005,Surabaya Prime Pharmacy,Jawa Timur,Surabaya,142,104,104,0,7.9
2024-01-05,P002,Bodrex Flu & Batuk,Cough & Cold,O005,Surabaya Prime Pharmacy,Jawa Timur,Surabaya,94,55,55,0,5.5
2024-01-05,P003,Hemaviton C1000,Vitamin,O005,Surabaya Prime Pharmacy,Jawa Timur,Surabaya,166,141,141,0,13.8
2024-01-05,P004,Vidoran Smart,Multivitamin,O005,Surabaya Prime Pharmacy,Jawa Timur,Surabaya,112,100,100,0,7.2
2024-01-05,P005,Marina Skin Care,Skin Care,O005,Surabaya Prime Pharmacy,Jawa Timur,Surabaya,110,87,87,0,6.9
2024-01-05,P001,Tempra,Fever & Pain,O006,Surabaya Health Mart,Jawa Timur,Surabaya,103,89,89,0,6.4
2024-01-05,P002,Bodrex Flu & Batuk,Cough & Cold,O006,Surabaya Health Mart,Jawa Timur,Surabaya,125,93,93,0,7.3
2024-01-05,P003,Hemaviton C1000,Vitamin,O006,Surabaya Health Mart,Jawa Timur,Surabaya,84,54,54,0,3.9
2024-01-05,P004,Vidoran Smart,Multivitamin,O006,Surabaya Health Mart,Jawa Timur,Surabaya,129,101,101,0,8.3
2024-01-05,P005,Marina Skin Care,Skin Care,O006,Surabaya Health Mart,Jawa Timur,Surabaya,114,95,95,0,11.0
2024-01-05,P001,Tempra,Fever & Pain,O007,Semarang Prime Pharmacy,Jawa Tengah,Semarang,83,67,67,0,5.5
2024-01-05,P002,Bodrex Flu & Batuk,Cough & Cold,O007,Semarang Prime Pharmacy,Jawa Tengah,Semarang,108,98,98,0,7.9
2024-01-05,P003,Hemaviton C1000,Vitamin,O007,Semarang Prime Pharmacy,Jawa Tengah,Semarang,122,85,85,0,8.5
2024-01-05,P004,Vidoran Smart,Multivitamin,O007,Semarang Prime Pharmacy,Jawa Tengah,Semarang,131,90,90,0,8.4
2024-01-05,P005,Marina Skin Care,Skin Care,O007,Semarang Prime Pharmacy,Jawa Tengah,Semarang,114,103,103,0,7.7
2024-01-05,P001,Tempra,Fever & Pain,O008,Semarang Health Mart,Jawa Tengah,Semarang,128,115,115,0,11.9
2024-01-05,P002,Bodrex Flu & Batuk,Cough & Cold,O008,Semarang Health Mart,Jawa Tengah,Semarang,114,95,95,0,7.4
2024-01-05,P003,Hemaviton C1000,Vitamin,O008,Semarang Health Mart,Jawa Tengah,Semarang,91,64,64,0,5.1
2024-01-05,P004,Vidoran Smart,Multivitamin,O008,Semarang Health Mart,Jawa Tengah,Semarang,147,108,108,0,9.1
2024-01-05,P005,Marina Skin Care,Skin Care,O008,Semarang Health Mart,Jawa Tengah,Semarang,130,103,103,0,7.5
2024-01-05,P001,Tempra,Fever & Pain,O009,Medan Prime Pharmacy,Sumatera,Medan,151,127,127,0,11.6
2024-01-05,P002,Bodrex Flu & Batuk,Cough & Cold,O009,Medan Prime Pharmacy,Sumatera,Medan,129,86,86,0,6.0
2024-01-05,P003,Hemaviton C1000,Vitamin,O009,Medan Prime Pharmacy,Sumatera,Medan,151,115,115,0,7.8
2024-01-05,P004,Vidoran Smart,Multivitamin,O009,Medan Prime Pharmacy,Sumatera,Medan,122,98,98,0,8.0
2024-01-05,P005,Marina Skin Care,Skin Care,O009,Medan Prime Pharmacy,Sumatera,Medan,108,98,98,0,6.8
2024-01-05,P001,Tempra,Fever & Pain,O010,Medan Health Mart,Sumatera,Medan,156,119,119,0,11.0
2024-01-05,P002,Bodrex Flu & Batuk,Cough & Cold,O010,Medan Health Mart,Sumatera,Medan,123,98,98,0,8.4
2024-01-05,P003,Hemaviton C1000,Vitamin,O010,Medan Health Mart,Sumatera,Medan,101,88,88,0,6.9
2024-01-05,P004,Vidoran Smart,Multivitamin,O010,Medan Health Mart,Sumatera,Medan,68,46,46,0,3.2
2024-01-05,P005,Marina Skin Care,Skin Care,O010,Medan Health Mart,Sumatera,Medan,151,109,109,0,8.9
2024-01-05,P001,Tempra,Fever & Pain,O011,Balikpapan Prime Pharmacy,Kalimantan,Balikpapan,115,87,87,0,7.0
2024-01-05,P002,Bodrex Flu & Batuk,Cough & Cold,O011,Balikpapan Prime Pharmacy,Kalimantan,Balikpapan,74,34,34,0,3.0
2024-01-05,P003,Hemaviton C1000,Vitamin,O011,Balikpapan Prime Pharmacy,Kalimantan,Balikpapan,154,125,125,0,12.1
2024-01-05,P004,Vidoran Smart,Multivitamin,O011,Balikpapan Prime Pharmacy,Kalimantan,Balikpapan,113,101,101,0,11.7
2024-01-05,P005,Marina Skin Care,Skin Care,O011,Balikpapan Prime Pharmacy,Kalimantan,Balikpapan,99,83,83,0,6.9
2024-01-05,P001,Tempra,Fever & Pain,O012,Balikpapan Health Mart,Kalimantan,Balikpapan,81,63,63,0,5.1
2024-01-05,P002,Bodrex Flu & Batuk,Cough & Cold,O012,Balikpapan Health Mart,Kalimantan,Balikpapan,139,103,103,0,9.5
2024-01-05,P003,Hemaviton C1000,Vitamin,O012,Balikpapan Health Mart,Kalimantan,Balikpapan,157,126,126,0,11.7
2024-01-05,P004,Vidoran Smart,Multivitamin,O012,Balikpapan Health Mart,Kalimantan,Balikpapan,167,128,128,0,9.5
2024-01-05,P005,Marina Skin Care,Skin Care,O012,Balikpapan Health Mart,Kalimantan,Balikpapan,75,56,56,0,5.6
2024-01-05,P001,Tempra,Fever & Pain,O013,Makassar Prime Pharmacy,Sulawesi,Makassar,95,70,70,0,6.6
2024-01-05,P002,Bodrex Flu & Batuk,Cough & Cold,O013,Makassar Prime Pharmacy,Sulawesi,Makassar,140,109,109,0,7.5
2024-01-05,P003,Hemaviton C1000,Vitamin,O013,Makassar Prime Pharmacy,Sulawesi,Makassar,104,92,92,0,7.2
2024-01-05,P004,Vidoran Smart,Multivitamin,O013,Makassar Prime Pharmacy,Sulawesi,Makassar,121,94,94,0,8.0
2024-01-05,P005,Marina Skin Care,Skin Care,O013,Makassar Prime Pharmacy,Sulawesi,Makassar,125,105,105,0,12.4
2024-01-05,P001,Tempra,Fever & Pain,O014,Makassar Health Mart,Sulawesi,Makassar,103,65,65,0,5.3
2024-01-05,P002,Bodrex Flu & Batuk,Cough & Cold,O014,Makassar Health Mart,Sulawesi,Makassar,98,59,59,0,5.2
2024-01-05,P003,Hemaviton C1000,Vitamin,O014,Makassar Health Mart,Sulawesi,Makassar,122,105,105,0,10.0
2024-01-05,P004,Vidoran Smart,Multivitamin,O014,Makassar Health Mart,Sulawesi,Makassar,99,74,74,0,6.3
2024-01-05,P005,Marina Skin Care,Skin Care,O014,Makassar Health Mart,Sulawesi,Makassar,150,109,109,0,12.4
2024-01-06,P001,Tempra,Fever & Pain,O001,Bandung Prime Pharmacy,Jawa Barat,Bandung,128,110,110,0,7.7
2024-01-06,P002,Bodrex Flu & Batuk,Cough & Cold,O001,Bandung Prime Pharmacy,Jawa Barat,Bandung,130,101,101,0,7.0
2024-01-06,P003,Hemaviton C1000,Vitamin,O001,Bandung Prime Pharmacy,Jawa Barat,Bandung,157,125,125,0,14.3
2024-01-06,P004,Vidoran Smart,Multivitamin,O001,Bandung Prime Pharmacy,Jawa Barat,Bandung,128,95,95,0,6.8
2024-01-06,P005,Marina Skin Care,Skin Care,O001,Bandung Prime Pharmacy,Jawa Barat,Bandung,109,72,72,0,5.8
2024-01-06,P001,Tempra,Fever & Pain,O002,Bandung Health Mart,Jawa Barat,Bandung,141,108,108,0,13.1
2024-01-06,P002,Bodrex Flu & Batuk,Cough & Cold,O002,Bandung Health Mart,Jawa Barat,Bandung,87,62,62,0,5.5
2024-01-06,P003,Hemaviton C1000,Vitamin,O002,Bandung Health Mart,Jawa Barat,Bandung,121,90,90,0,8.2
2024-01-06,P004,Vidoran Smart,Multivitamin,O002,Bandung Health Mart,Jawa Barat,Bandung,149,138,138,0,13.8
2024-01-06,P005,Marina Skin Care,Skin Care,O002,Bandung Health Mart,Jawa Barat,Bandung,130,92,92,0,8.7
2024-01-06,P001,Tempra,Fever & Pain,O003,Bekasi Prime Pharmacy,Jawa Barat,Bekasi,112,74,74,0,5.7
2024-01-06,P002,Bodrex Flu & Batuk,Cough & Cold,O003,Bekasi Prime Pharmacy,Jawa Barat,Bekasi,131,107,107,0,10.0
2024-01-06,P003,Hemaviton C1000,Vitamin,O003,Bekasi Prime Pharmacy,Jawa Barat,Bekasi,92,55,55,0,4.5
2024-01-06,P004,Vidoran Smart,Multivitamin,O003,Bekasi Prime Pharmacy,Jawa Barat,Bekasi,70,49,49,0,4.8
2024-01-06,P005,Marina Skin Care,Skin Care,O003,Bekasi Prime Pharmacy,Jawa Barat,Bekasi,75,52,52,0,3.5
2024-01-06,P001,Tempra,Fever & Pain,O004,Bekasi Health Mart,Jawa Barat,Bekasi,105,66,66,0,5.2
2024-01-06,P002,Bodrex Flu & Batuk,Cough & Cold,O004,Bekasi Health Mart,Jawa Barat,Bekasi,139,113,113,0,12.2
2024-01-06,P003,Hemaviton C1000,Vitamin,O004,Bekasi Health Mart,Jawa Barat,Bekasi,106,94,94,0,11.0
2024-01-06,P004,Vidoran Smart,Multivitamin,O004,Bekasi Health Mart,Jawa Barat,Bekasi,79,38,38,0,3.3
2024-01-06,P005,Marina Skin Care,Skin Care,O004,Bekasi Health Mart,Jawa Barat,Bekasi,118,89,89,0,8.2
2024-01-06,P001,Tempra,Fever & Pain,O005,Surabaya Prime Pharmacy,Jawa Timur,Surabaya,124,108,108,0,8.7
2024-01-06,P002,Bodrex Flu & Batuk,Cough & Cold,O005,Surabaya Prime Pharmacy,Jawa Timur,Surabaya,173,129,129,0,8.7
2024-01-06,P003,Hemaviton C1000,Vitamin,O005,Surabaya Prime Pharmacy,Jawa Timur,Surabaya,80,56,56,0,3.9
2024-01-06,P004,Vidoran Smart,Multivitamin,O005,Surabaya Prime Pharmacy,Jawa Timur,Surabaya,125,86,86,0,7.0
2024-01-06,P005,Marina Skin Care,Skin Care,O005,Surabaya Prime Pharmacy,Jawa Timur,Surabaya,165,121,121,0,13.5
2024-01-06,P001,Tempra,Fever & Pain,O006,Surabaya Health Mart,Jawa Timur,Surabaya,132,120,120,0,13.4
2024-01-06,P002,Bodrex Flu & Batuk,Cough & Cold,O006,Surabaya Health Mart,Jawa Timur,Surabaya,120,102,102,0,10.8
2024-01-06,P003,Hemaviton C1000,Vitamin,O006,Surabaya Health Mart,Jawa Timur,Surabaya,78,68,68,0,5.7
2024-01-06,P004,Vidoran Smart,Multivitamin,O006,Surabaya Health Mart,Jawa Timur,Surabaya,162,122,122,0,10.6
2024-01-06,P005,Marina Skin Care,Skin Care,O006,Surabaya Health Mart,Jawa Timur,Surabaya,152,132,132,0,9.8
2024-01-06,P001,Tempra,Fever & Pain,O007,Semarang Prime Pharmacy,Jawa Tengah,Semarang,125,91,91,0,6.4
2024-01-06,P002,Bodrex Flu & Batuk,Cough & Cold,O007,Semarang Prime Pharmacy,Jawa Tengah,Semarang,77,46,46,0,5.2
2024-01-06,P003,Hemaviton C1000,Vitamin,O007,Semarang Prime Pharmacy,Jawa Tengah,Semarang,149,125,125,0,14.5
2024-01-06,P004,Vidoran Smart,Multivitamin,O007,Semarang Prime Pharmacy,Jawa Tengah,Semarang,169,150,150,0,10.4
2024-01-06,P005,Marina Skin Care,Skin Care,O007,Semarang Prime Pharmacy,Jawa Tengah,Semarang,165,129,129,0,8.8
2024-01-06,P001,Tempra,Fever & Pain,O008,Semarang Health Mart,Jawa Tengah,Semarang,150,115,115,0,12.4
2024-01-06,P002,Bodrex Flu & Batuk,Cough & Cold,O008,Semarang Health Mart,Jawa Tengah,Semarang,95,80,80,0,6.5
2024-01-06,P003,Hemaviton C1000,Vitamin,O008,Semarang Health Mart,Jawa Tengah,Semarang,132,87,87,0,6.7
2024-01-06,P004,Vidoran Smart,Multivitamin,O008,Semarang Health Mart,Jawa Tengah,Semarang,118,91,91,0,10.9
2024-01-06,P005,Marina Skin Care,Skin Care,O008,Semarang Health Mart,Jawa Tengah,Semarang,145,131,131,0,14.1
2024-01-06,P001,Tempra,Fever & Pain,O009,Medan Prime Pharmacy,Sumatera,Medan,163,119,119,0,8.2
2024-01-06,P002,Bodrex Flu & Batuk,Cough & Cold,O009,Medan Prime Pharmacy,Sumatera,Medan,128,98,98,0,8.6
2024-01-06,P003,Hemaviton C1000,Vitamin,O009,Medan Prime Pharmacy,Sumatera,Medan,126,106,106,0,8.6
2024-01-06,P004,Vidoran Smart,Multivitamin,O009,Medan Prime Pharmacy,Sumatera,Medan,143,110,110,0,11.8
2024-01-06,P005,Marina Skin Care,Skin Care,O009,Medan Prime Pharmacy,Sumatera,Medan,84,74,74,0,5.0
2024-01-06,P001,Tempra,Fever & Pain,O010,Medan Health Mart,Sumatera,Medan,131,100,100,0,7.8
2024-01-06,P002,Bodrex Flu & Batuk,Cough & Cold,O010,Medan Health Mart,Sumatera,Medan,131,104,104,0,11.1
2024-01-06,P003,Hemaviton C1000,Vitamin,O010,Medan Health Mart,Sumatera,Medan,187,150,150,0,14.2
2024-01-06,P004,Vidoran Smart,Multivitamin,O010,Medan Health Mart,Sumatera,Medan,155,119,119,0,13.3
2024-01-06,P005,Marina Skin Care,Skin Care,O010,Medan Health Mart,Sumatera,Medan,126,90,90,0,9.8
2024-01-06,P001,Tempra,Fever & Pain,O011,Balikpapan Prime Pharmacy,Kalimantan,Balikpapan,120,101,101,0,10.3
2024-01-06,P002,Bodrex Flu & Batuk,Cough & Cold,O011,Balikpapan Prime Pharmacy,Kalimantan,Balikpapan,150,136,136,0,11.2
2024-01-06,P003,Hemaviton C1000,Vitamin,O011,Balikpapan Prime Pharmacy,Kalimantan,Balikpapan,129,111,111,0,10.6
2024-01-06,P004,Vidoran Smart,Multivitamin,O011,Balikpapan Prime Pharmacy,Kalimantan,Balikpapan,136,116,116,0,9.8
2024-01-06,P005,Marina Skin Care,Skin Care,O011,Balikpapan Prime Pharmacy,Kalimantan,Balikpapan,93,73,73,0,8.4
2024-01-06,P001,Tempra,Fever & Pain,O012,Balikpapan Health Mart,Kalimantan,Balikpapan,111,97,97,0,11.0
2024-01-06,P002,Bodrex Flu & Batuk,Cough & Cold,O012,Balikpapan Health Mart,Kalimantan,Balikpapan,123,104,104,0,8.1
2024-01-06,P003,Hemaviton C1000,Vitamin,O012,Balikpapan Health Mart,Kalimantan,Balikpapan,116,103,103,0,9.1
2024-01-06,P004,Vidoran Smart,Multivitamin,O012,Balikpapan Health Mart,Kalimantan,Balikpapan,126,94,94,0,9.0
2024-01-06,P005,Marina Skin Care,Skin Care,O012,Balikpapan Health Mart,Kalimantan,Balikpapan,85,75,75,0,5.1
2024-01-06,P001,Tempra,Fever & Pain,O013,Makassar Prime Pharmacy,Sulawesi,Makassar,126,96,96,0,10.8
2024-01-06,P002,Bodrex Flu & Batuk,Cough & Cold,O013,Makassar Prime Pharmacy,Sulawesi,Makassar,144,106,106,0,11.1
2024-01-06,P003,Hemaviton C1000,Vitamin,O013,Makassar Prime Pharmacy,Sulawesi,Makassar,76,59,59,0,6.6
2024-01-06,P004,Vidoran Smart,Multivitamin,O013,Makassar Prime Pharmacy,Sulawesi,Makassar,130,89,89,0,8.9
2024-01-06,P005,Marina Skin Care,Skin Care,O013,Makassar Prime Pharmacy,Sulawesi,Makassar,150,109,109,0,11.3
2024-01-06,P001,Tempra,Fever & Pain,O014,Makassar Health Mart,Sulawesi,Makassar,149,106,106,0,7.9
2024-01-06,P002,Bodrex Flu & Batuk,Cough & Cold,O014,Makassar Health Mart,Sulawesi,Makassar,113,79,79,0,7.1
2024-01-06,P003,Hemaviton C1000,Vitamin,O014,Makassar Health Mart,Sulawesi,Makassar,153,108,108,0,8.4
2024-01-06,P004,Vidoran Smart,Multivitamin,O014,Makassar Health Mart,Sulawesi,Makassar,170,138,138,0,10.1
2024-01-06,P005,Marina Skin Care,Skin Care,O014,Makassar Health Mart,Sulawesi,Makassar,121,107,107,0,7.6
2024-01-07,P001,Tempra,Fever & Pain,O001,Bandung Prime Pharmacy,Jawa Barat,Bandung,91,75,75,0,5.5
2024-01-07,P002,Bodrex Flu & Batuk,Cough & Cold,O001,Bandung Prime Pharmacy,Jawa Barat,Bandung,129,85,85,0,8.9
2024-01-07,P003,Hemaviton C1000,Vitamin,O001,Bandung Prime Pharmacy,Jawa Barat,Bandung,89,75,75,0,6.0
2024-01-07,P004,Vidoran Smart,Multivitamin,O001,Bandung Prime Pharmacy,Jawa Barat,Bandung,125,104,104,0,8.6
2024-01-07,P005,Marina Skin Care,Skin Care,O001,Bandung Prime Pharmacy,Jawa Barat,Bandung,105,86,86,0,6.5
2024-01-07,P001,Tempra,Fever & Pain,O002,Bandung Health Mart,Jawa Barat,Bandung,130,105,105,0,11.9
2024-01-07,P002,Bodrex Flu & Batuk,Cough & Cold,O002,Bandung Health Mart,Jawa Barat,Bandung,98,86,86,0,5.8
2024-01-07,P003,Hemaviton C1000,Vitamin,O002,Bandung Health Mart,Jawa Barat,Bandung,100,82,82,0,8.5
2024-01-07,P004,Vidoran Smart,Multivitamin,O002,Bandung Health Mart,Jawa Barat,Bandung,139,114,114,0,7.8
2024-01-07,P005,Marina Skin Care,Skin Care,O002,Bandung Health Mart,Jawa Barat,Bandung,85,60,60,0,4.1
2024-01-07,P001,Tempra,Fever & Pain,O003,Bekasi Prime Pharmacy,Jawa Barat,Bekasi,144,99,99,0,9.3
2024-01-07,P002,Bodrex Flu & Batuk,Cough & Cold,O003,Bekasi Prime Pharmacy,Jawa Barat,Bekasi,102,77,77,0,7.6
2024-01-07,P003,Hemaviton C1000,Vitamin,O003,Bekasi Prime Pharmacy,Jawa Barat,Bekasi,151,114,114,0,8.1
2024-01-07,P004,Vidoran Smart,Multivitamin,O003,Bekasi Prime Pharmacy,Jawa Barat,Bekasi,123,85,85,0,6.3
2024-01-07,P005,Marina Skin Care,Skin Care,O003,Bekasi Prime Pharmacy,Jawa Barat,Bekasi,140,100,100,0,7.1
2024-01-07,P001,Tempra,Fever & Pain,O004,Bekasi Health Mart,Jawa Barat,Bekasi,85,74,74,0,5.1
2024-01-07,P002,Bodrex Flu & Batuk,Cough & Cold,O004,Bekasi Health Mart,Jawa Barat,Bekasi,149,106,106,0,9.6
2024-01-07,P003,Hemaviton C1000,Vitamin,O004,Bekasi Health Mart,Jawa Barat,Bekasi,114,91,91,0,6.1
2024-01-07,P004,Vidoran Smart,Multivitamin,O004,Bekasi Health Mart,Jawa Barat,Bekasi,137,107,107,0,7.2
2024-01-07,P005,Marina Skin Care,Skin Care,O004,Bekasi Health Mart,Jawa Barat,Bekasi,107,95,95,0,11.8
2024-01-07,P001,Tempra,Fever & Pain,O005,Surabaya Prime Pharmacy,Jawa Timur,Surabaya,163,126,126,0,14.0
2024-01-07,P002,Bodrex Flu & Batuk,Cough & Cold,O005,Surabaya Prime Pharmacy,Jawa Timur,Surabaya,145,115,115,0,10.4
2024-01-07,P003,Hemaviton C1000,Vitamin,O005,Surabaya Prime Pharmacy,Jawa Timur,Surabaya,125,108,108,0,7.2
2024-01-07,P004,Vidoran Smart,Multivitamin,O005,Surabaya Prime Pharmacy,Jawa Timur,Surabaya,138,118,118,0,8.9
2024-01-07,P005,Marina Skin Care,Skin Care,O005,Surabaya Prime Pharmacy,Jawa Timur,Surabaya,102,85,85,0,7.9
2024-01-07,P001,Tempra,Fever & Pain,O006,Surabaya Health Mart,Jawa Timur,Surabaya,150,112,112,0,10.9
2024-01-07,P002,Bodrex Flu & Batuk,Cough & Cold,O006,Surabaya Health Mart,Jawa Timur,Surabaya,117,82,82,0,9.5
2024-01-07,P003,Hemaviton C1000,Vitamin,O006,Surabaya Health Mart,Jawa Timur,Surabaya,121,103,103,0,9.8
2024-01-07,P004,Vidoran Smart,Multivitamin,O006,Surabaya Health Mart,Jawa Timur,Surabaya,158,119,119,0,9.3
2024-01-07,P005,Marina Skin Care,Skin Care,O006,Surabaya Health Mart,Jawa Timur,Surabaya,139,110,110,0,7.9
2024-01-07,P001,Tempra,Fever & Pain,O007,Semarang Prime Pharmacy,Jawa Tengah,Semarang,136,119,119,0,9.0
2024-01-07,P002,Bodrex Flu & Batuk,Cough & Cold,O007,Semarang Prime Pharmacy,Jawa Tengah,Semarang,129,108,108,0,11.4
2024-01-07,P003,Hemaviton C1000,Vitamin,O007,Semarang Prime Pharmacy,Jawa Tengah,Semarang,122,93,93,0,7.5
2024-01-07,P004,Vidoran Smart,Multivitamin,O007,Semarang Prime Pharmacy,Jawa Tengah,Semarang,79,56,56,0,4.9
2024-01-07,P005,Marina Skin Care,Skin Care,O007,Semarang Prime Pharmacy,Jawa Tengah,Semarang,79,68,68,0,4.9
2024-01-07,P001,Tempra,Fever & Pain,O008,Semarang Health Mart,Jawa Tengah,Semarang,149,104,104,0,6.9
2024-01-07,P002,Bodrex Flu & Batuk,Cough & Cold,O008,Semarang Health Mart,Jawa Tengah,Semarang,131,91,91,0,10.3
2024-01-07,P003,Hemaviton C1000,Vitamin,O008,Semarang Health Mart,Jawa Tengah,Semarang,168,129,129,0,14.5
2024-01-07,P004,Vidoran Smart,Multivitamin,O008,Semarang Health Mart,Jawa Tengah,Semarang,110,88,88,0,9.7
2024-01-07,P005,Marina Skin Care,Skin Care,O008,Semarang Health Mart,Jawa Tengah,Semarang,126,84,84,0,10.2
2024-01-07,P001,Tempra,Fever & Pain,O009,Medan Prime Pharmacy,Sumatera,Medan,100,84,84,0,6.5
2024-01-07,P002,Bodrex Flu & Batuk,Cough & Cold,O009,Medan Prime Pharmacy,Sumatera,Medan,85,68,68,0,4.8
2024-01-07,P003,Hemaviton C1000,Vitamin,O009,Medan Prime Pharmacy,Sumatera,Medan,84,59,59,0,4.3
2024-01-07,P004,Vidoran Smart,Multivitamin,O009,Medan Prime Pharmacy,Sumatera,Medan,152,115,115,0,10.6
2024-01-07,P005,Marina Skin Care,Skin Care,O009,Medan Prime Pharmacy,Sumatera,Medan,122,109,109,0,10.1
2024-01-07,P001,Tempra,Fever & Pain,O010,Medan Health Mart,Sumatera,Medan,122,93,93,0,7.1
2024-01-07,P002,Bodrex Flu & Batuk,Cough & Cold,O010,Medan Health Mart,Sumatera,Medan,105,70,70,0,5.2
2024-01-07,P003,Hemaviton C1000,Vitamin,O010,Medan Health Mart,Sumatera,Medan,151,131,131,0,16.0
2024-01-07,P004,Vidoran Smart,Multivitamin,O010,Medan Health Mart,Sumatera,Medan,135,97,97,0,9.6
2024-01-07,P005,Marina Skin Care,Skin Care,O010,Medan Health Mart,Sumatera,Medan,55,37,37,0,2.8
2024-01-07,P001,Tempra,Fever & Pain,O011,Balikpapan Prime Pharmacy,Kalimantan,Balikpapan,102,69,69,0,5.4
2024-01-07,P002,Bodrex Flu & Batuk,Cough & Cold,O011,Balikpapan Prime Pharmacy,Kalimantan,Balikpapan,140,98,98,0,11.0
2024-01-07,P003,Hemaviton C1000,Vitamin,O011,Balikpapan Prime Pharmacy,Kalimantan,Balikpapan,112,84,84,0,10.1
2024-01-07,P004,Vidoran Smart,Multivitamin,O011,Balikpapan Prime Pharmacy,Kalimantan,Balikpapan,142,101,101,0,12.6
2024-01-07,P005,Marina Skin Care,Skin Care,O011,Balikpapan Prime Pharmacy,Kalimantan,Balikpapan,106,68,68,0,7.5
2024-01-07,P001,Tempra,Fever & Pain,O012,Balikpapan Health Mart,Kalimantan,Balikpapan,84,64,64,0,4.9
2024-01-07,P002,Bodrex Flu & Batuk,Cough & Cold,O012,Balikpapan Health Mart,Kalimantan,Balikpapan,61,44,44,0,3.5
2024-01-07,P003,Hemaviton C1000,Vitamin,O012,Balikpapan Health Mart,Kalimantan,Balikpapan,113,102,102,0,9.8
2024-01-07,P004,Vidoran Smart,Multivitamin,O012,Balikpapan Health Mart,Kalimantan,Balikpapan,121,91,91,0,9.8
2024-01-07,P005,Marina Skin Care,Skin Care,O012,Balikpapan Health Mart,Kalimantan,Balikpapan,129,87,87,0,6.6
2024-01-07,P001,Tempra,Fever & Pain,O013,Makassar Prime Pharmacy,Sulawesi,Makassar,113,95,95,0,9.4
2024-01-07,P002,Bodrex Flu & Batuk,Cough & Cold,O013,Makassar Prime Pharmacy,Sulawesi,Makassar,135,125,125,0,9.1
2024-01-07,P003,Hemaviton C1000,Vitamin,O013,Makassar Prime Pharmacy,Sulawesi,Makassar,125,105,105,0,8.0
2024-01-07,P004,Vidoran Smart,Multivitamin,O013,Makassar Prime Pharmacy,Sulawesi,Makassar,109,78,78,0,6.3
2024-01-07,P005,Marina Skin Care,Skin Care,O013,Makassar Prime Pharmacy,Sulawesi,Makassar,119,98,98,0,9.0
2024-01-07,P001,Tempra,Fever & Pain,O014,Makassar Health Mart,Sulawesi,Makassar,129,95,95,0,6.9
2024-01-07,P002,Bodrex Flu & Batuk,Cough & Cold,O014,Makassar Health Mart,Sulawesi,Makassar,117,88,88,0,6.4
2024-01-07,P003,Hemaviton C1000,Vitamin,O014,Makassar Health Mart,Sulawesi,Makassar,145,103,103,0,9.0
2024-01-07,P004,Vidoran Smart,Multivitamin,O014,Makassar Health Mart,Sulawesi,Makassar,109,98,98,0,6.6
2024-01-07,P005,Marina Skin Care,Skin Care,O014,Makassar Health Mart,Sulawesi,Makassar,106,79,79,0,8.9
2024-01-08,P001,Tempra,Fever & Pain,O001,Bandung Prime Pharmacy,Jawa Barat,Bandung,144,120,120,0,8.1
2024-01-08,P002,Bodrex Flu & Batuk,Cough & Cold,O001,Bandung Prime Pharmacy,Jawa Barat,Bandung,52,26,26,0,2.7
2024-01-08,P003,Hemaviton C1000,Vitamin,O001,Bandung Prime Pharmacy,Jawa Barat,Bandung,181,147,147,0,14.4
2024-01-08,P004,Vidoran Smart,Multivitamin,O001,Bandung Prime Pharmacy,Jawa Barat,Bandung,102,86,86,0,7.0
2024-01-08,P005,Marina Skin Care,Skin Care,O001,Bandung Prime Pharmacy,Jawa Barat,Bandung,79,63,63,0,7.2
2024-01-08,P001,Tempra,Fever & Pain,O002,Bandung Health Mart,Jawa Barat,Bandung,104,91,91,0,10.2
2024-01-08,P002,Bodrex Flu & Batuk,Cough & Cold,O002,Bandung Health Mart,Jawa Barat,Bandung,112,87,87,0,7.5
2024-01-08,P003,Hemaviton C1000,Vitamin,O002,Bandung Health Mart,Jawa Barat,Bandung,114,83,83,0,5.9
2024-01-08,P004,Vidoran Smart,Multivitamin,O002,Bandung Health Mart,Jawa Barat,Bandung,132,101,101,0,7.4
2024-01-08,P005,Marina Skin Care,Skin Care,O002,Bandung Health Mart,Jawa Barat,Bandung,132,121,121,0,12.9
2024-01-08,P001,Tempra,Fever & Pain,O003,Bekasi Prime Pharmacy,Jawa Barat,Bekasi,97,66,66,0,4.5
2024-01-08,P002,Bodrex Flu & Batuk,Cough & Cold,O003,Bekasi Prime Pharmacy,Jawa Barat,Bekasi,75,53,53,0,5.7
2024-01-08,P003,Hemaviton C1000,Vitamin,O003,Bekasi Prime Pharmacy,Jawa Barat,Bekasi,150,108,108,0,7.3
2024-01-08,P004,Vidoran Smart,Multivitamin,O003,Bekasi Prime Pharmacy,Jawa Barat,Bekasi,78,48,48,0,3.7
2024-01-08,P005,Marina Skin Care,Skin Care,O003,Bekasi Prime Pharmacy,Jawa Barat,Bekasi,133,99,99,0,8.3
2024-01-08,P001,Tempra,Fever & Pain,O004,Bekasi Health Mart,Jawa Barat,Bekasi,155,119,119,0,11.3
2024-01-08,P002,Bodrex Flu & Batuk,Cough & Cold,O004,Bekasi Health Mart,Jawa Barat,Bekasi,129,96,96,0,11.6
2024-01-08,P003,Hemaviton C1000,Vitamin,O004,Bekasi Health Mart,Jawa Barat,Bekasi,132,106,106,0,13.2
2024-01-08,P004,Vidoran Smart,Multivitamin,O004,Bekasi Health Mart,Jawa Barat,Bekasi,140,100,100,0,10.4
2024-01-08,P005,Marina Skin Care,Skin Care,O004,Bekasi Health Mart,Jawa Barat,Bekasi,145,134,134,0,12.6
2024-01-08,P001,Tempra,Fever & Pain,O005,Surabaya Prime Pharmacy,Jawa Timur,Surabaya,104,92,92,0,6.4
2024-01-08,P002,Bodrex Flu & Batuk,Cough & Cold,O005,Surabaya Prime Pharmacy,Jawa Timur,Surabaya,115,99,99,0,9.6
2024-01-08,P003,Hemaviton C1000,Vitamin,O005,Surabaya Prime Pharmacy,Jawa Timur,Surabaya,143,100,100,0,11.8
2024-01-08,P004,Vidoran Smart,Multivitamin,O005,Surabaya Prime Pharmacy,Jawa Timur,Surabaya,132,114,114,0,8.1
2024-01-08,P005,Marina Skin Care,Skin Care,O005,Surabaya Prime Pharmacy,Jawa Timur,Surabaya,134,109,109,0,9.3
2024-01-08,P001,Tempra,Fever & Pain,O006,Surabaya Health Mart,Jawa Timur,Surabaya,86,65,65,0,6.0
2024-01-08,P002,Bodrex Flu & Batuk,Cough & Cold,O006,Surabaya Health Mart,Jawa Timur,Surabaya,74,60,60,0,4.7
2024-01-08,P003,Hemaviton C1000,Vitamin,O006,Surabaya Health Mart,Jawa Timur,Surabaya,128,86,86,0,10.3
2024-01-08,P004,Vidoran Smart,Multivitamin,O006,Surabaya Health Mart,Jawa Timur,Surabaya,83,68,68,0,5.7
2024-01-08,P005,Marina Skin Care,Skin Care,O006,Surabaya Health Mart,Jawa Timur,Surabaya,110,100,100,0,7.8
2024-01-08,P001,Tempra,Fever & Pain,O007,Semarang Prime Pharmacy,Jawa Tengah,Semarang,92,79,79,0,6.5
2024-01-08,P002,Bodrex Flu & Batuk,Cough & Cold,O007,Semarang Prime Pharmacy,Jawa Tengah,Semarang,124,108,108,0,8.0
2024-01-08,P003,Hemaviton C1000,Vitamin,O007,Semarang Prime Pharmacy,Jawa Tengah,Semarang,121,100,100,0,12.3
2024-01-08,P004,Vidoran Smart,Multivitamin,O007,Semarang Prime Pharmacy,Jawa Tengah,Semarang,132,116,116,0,8.9
2024-01-08,P005,Marina Skin Care,Skin Care,O007,Semarang Prime Pharmacy,Jawa Tengah,Semarang,137,97,97,0,11.4
2024-01-08,P001,Tempra,Fever & Pain,O008,Semarang Health Mart,Jawa Tengah,Semarang,95,58,58,0,4.4
2024-01-08,P002,Bodrex Flu & Batuk,Cough & Cold,O008,Semarang Health Mart,Jawa Tengah,Semarang,100,88,88,0,7.6
2024-01-08,P003,Hemaviton C1000,Vitamin,O008,Semarang Health Mart,Jawa Tengah,Semarang,152,128,128,0,10.4
2024-01-08,P004,Vidoran Smart,Multivitamin,O008,Semarang Health Mart,Jawa Tengah,Semarang,147,122,122,0,10.6
2024-01-08,P005,Marina Skin Care,Skin Care,O008,Semarang Health Mart,Jawa Tengah,Semarang,79,46,46,0,4.3
2024-01-08,P001,Tempra,Fever & Pain,O009,Medan Prime Pharmacy,Sumatera,Medan,104,83,83,0,8.5
2024-01-08,P002,Bodrex Flu & Batuk,Cough & Cold,O009,Medan Prime Pharmacy,Sumatera,Medan,128,87,87,0,8.0
2024-01-08,P003,Hemaviton C1000,Vitamin,O009,Medan Prime Pharmacy,Sumatera,Medan,131,99,99,0,8.6
2024-01-08,P004,Vidoran Smart,Multivitamin,O009,Medan Prime Pharmacy,Sumatera,Medan,53,34,34,0,3.5
2024-01-08,P005,Marina Skin Care,Skin Care,O009,Medan Prime Pharmacy,Sumatera,Medan,140,118,118,0,8.3
2024-01-08,P001,Tempra,Fever & Pain,O010,Medan Health Mart,Sumatera,Medan,110,78,78,0,5.7
2024-01-08,P002,Bodrex Flu & Batuk,Cough & Cold,O010,Medan Health Mart,Sumatera,Medan,102,81,81,0,6.3
2024-01-08,P003,Hemaviton C1000,Vitamin,O010,Medan Health Mart,Sumatera,Medan,117,101,101,0,7.2
2024-01-08,P004,Vidoran Smart,Multivitamin,O010,Medan Health Mart,Sumatera,Medan,49,33,33,0,3.5
2024-01-08,P005,Marina Skin Care,Skin Care,O010,Medan Health Mart,Sumatera,Medan,84,59,59,0,4.0
2024-01-08,P001,Tempra,Fever & Pain,O011,Balikpapan Prime Pharmacy,Kalimantan,Balikpapan,133,108,108,0,10.2
2024-01-08,P002,Bodrex Flu & Batuk,Cough & Cold,O011,Balikpapan Prime Pharmacy,Kalimantan,Balikpapan,110,80,80,0,6.3
2024-01-08,P003,Hemaviton C1000,Vitamin,O011,Balikpapan Prime Pharmacy,Kalimantan,Balikpapan,108,65,65,0,4.6
2024-01-08,P004,Vidoran Smart,Multivitamin,O011,Balikpapan Prime Pharmacy,Kalimantan,Balikpapan,115,71,71,0,7.3
2024-01-08,P005,Marina Skin Care,Skin Care,O011,Balikpapan Prime Pharmacy,Kalimantan,Balikpapan,61,44,44,0,3.5
2024-01-08,P001,Tempra,Fever & Pain,O012,Balikpapan Health Mart,Kalimantan,Balikpapan,136,102,102,0,8.1
2024-01-08,P002,Bodrex Flu & Batuk,Cough & Cold,O012,Balikpapan Health Mart,Kalimantan,Balikpapan,143,109,109,0,9.1
2024-01-08,P003,Hemaviton C1000,Vitamin,O012,Balikpapan Health Mart,Kalimantan,Balikpapan,144,109,109,0,13.5
2024-01-08,P004,Vidoran Smart,Multivitamin,O012,Balikpapan Health Mart,Kalimantan,Balikpapan,99,82,82,0,8.3
2024-01-08,P005,Marina Skin Care,Skin Care,O012,Balikpapan Health Mart,Kalimantan,Balikpapan,144,120,120,0,9.3
2024-01-08,P001,Tempra,Fever & Pain,O013,Makassar Prime Pharmacy,Sulawesi,Makassar,170,135,135,0,15.9
2024-01-08,P002,Bodrex Flu & Batuk,Cough & Cold,O013,Makassar Prime Pharmacy,Sulawesi,Makassar,112,92,92,0,7.6
2024-01-08,P003,Hemaviton C1000,Vitamin,O013,Makassar Prime Pharmacy,Sulawesi,Makassar,66,46,46,0,3.2
2024-01-08,P004,Vidoran Smart,Multivitamin,O013,Makassar Prime Pharmacy,Sulawesi,Makassar,183,142,142,0,14.0
2024-01-08,P005,Marina Skin Care,Skin Care,O013,Makassar Prime Pharmacy,Sulawesi,Makassar,123,106,106,0,9.3
2024-01-08,P001,Tempra,Fever & Pain,O014,Makassar Health Mart,Sulawesi,Makassar,113,95,95,0,10.9
2024-01-08,P002,Bodrex Flu & Batuk,Cough & Cold,O014,Makassar Health Mart,Sulawesi,Makassar,102,85,85,0,6.4
2024-01-08,P003,Hemaviton C1000,Vitamin,O014,Makassar Health Mart,Sulawesi,Makassar,79,53,53,0,3.8
2024-01-08,P004,Vidoran Smart,Multivitamin,O014,Makassar Health Mart,Sulawesi,Makassar,121,80,80,0,6.2
2024-01-08,P005,Marina Skin Care,Skin Care,O014,Makassar Health Mart,Sulawesi,Makassar,118,73,73,0,7.7
2024-01-09,P001,Tempra,Fever & Pain,O001,Bandung Prime Pharmacy,Jawa Barat,Bandung,113,86,86,0,5.7
2024-01-09,P002,Bodrex Flu & Batuk,Cough & Cold,O001,Bandung Prime Pharmacy,Jawa Barat,Bandung,106,92,92,0,9.3
2024-01-09,P003,Hemaviton C1000,Vitamin,O001,Bandung Prime Pharmacy,Jawa Barat,Bandung,122,105,105,0,11.4
2024-01-09,P004,Vidoran Smart,Multivitamin,O001,Bandung Prime Pharmacy,Jawa Barat,Bandung,187,153,153,0,16.5
2024-01-09,P005,Marina Skin Care,Skin Care,O001,Bandung Prime Pharmacy,Jawa Barat,Bandung,110,77,77,0,5.9
2024-01-09,P001,Tempra,Fever & Pain,O002,Bandung Health Mart,Jawa Barat,Bandung,116,87,87,0,7.0
2024-01-09,P002,Bodrex Flu & Batuk,Cough & Cold,O002,Bandung Health Mart,Jawa Barat,Bandung,133,96,96,0,7.5
2024-01-09,P003,Hemaviton C1000,Vitamin,O002,Bandung Health Mart,Jawa Barat,Bandung,135,91,91,0,6.9
2024-01-09,P004,Vidoran Smart,Multivitamin,O002,Bandung Health Mart,Jawa Barat,Bandung,114,96,96,0,8.3
2024-01-09,P005,Marina Skin Care,Skin Care,O002,Bandung Health Mart,Jawa Barat,Bandung,127,104,104,0,13.0
2024-01-09,P001,Tempra,Fever & Pain,O003,Bekasi Prime Pharmacy,Jawa Barat,Bekasi,91,75,75,0,9.3
2024-01-09,P002,Bodrex Flu & Batuk,Cough & Cold,O003,Bekasi Prime Pharmacy,Jawa Barat,Bekasi,123,99,99,0,8.8
2024-01-09,P003,Hemaviton C1000,Vitamin,O003,Bekasi Prime Pharmacy,Jawa Barat,Bekasi,120,92,92,0,11.1
2024-01-09,P004,Vidoran Smart,Multivitamin,O003,Bekasi Prime Pharmacy,Jawa Barat,Bekasi,113,83,83,0,6.3
2024-01-09,P005,Marina Skin Care,Skin Care,O003,Bekasi Prime Pharmacy,Jawa Barat,Bekasi,174,137,137,0,9.2
2024-01-09,P001,Tempra,Fever & Pain,O004,Bekasi Health Mart,Jawa Barat,Bekasi,134,109,109,0,8.6
2024-01-09,P002,Bodrex Flu & Batuk,Cough & Cold,O004,Bekasi Health Mart,Jawa Barat,Bekasi,111,92,92,0,8.4
2024-01-09,P003,Hemaviton C1000,Vitamin,O004,Bekasi Health Mart,Jawa Barat,Bekasi,137,110,110,0,10.4
2024-01-09,P004,Vidoran Smart,Multivitamin,O004,Bekasi Health Mart,Jawa Barat,Bekasi,125,94,94,0,9.3
2024-01-09,P005,Marina Skin Care,Skin Care,O004,Bekasi Health Mart,Jawa Barat,Bekasi,156,122,122,0,14.2
2024-01-09,P001,Tempra,Fever & Pain,O005,Surabaya Prime Pharmacy,Jawa Timur,Surabaya,108,86,86,0,7.3
2024-01-09,P002,Bodrex Flu & Batuk,Cough & Cold,O005,Surabaya Prime Pharmacy,Jawa Timur,Surabaya,157,120,120,0,14.2
2024-01-09,P003,Hemaviton C1000,Vitamin,O005,Surabaya Prime Pharmacy,Jawa Timur,Surabaya,107,65,65,0,4.4
2024-01-09,P004,Vidoran Smart,Multivitamin,O005,Surabaya Prime Pharmacy,Jawa Timur,Surabaya,155,116,116,0,10.1
2024-01-09,P005,Marina Skin Care,Skin Care,O005,Surabaya Prime Pharmacy,Jawa Timur,Surabaya,140,127,127,0,10.2
2024-01-09,P001,Tempra,Fever & Pain,O006,Surabaya Health Mart,Jawa Timur,Surabaya,159,131,131,0,12.8
2024-01-09,P002,Bodrex Flu & Batuk,Cough & Cold,O006,Surabaya Health Mart,Jawa Timur,Surabaya,120,94,94,0,6.7
2024-01-09,P003,Hemaviton C1000,Vitamin,O006,Surabaya Health Mart,Jawa Timur,Surabaya,111,71,71,0,8.2
2024-01-09,P004,Vidoran Smart,Multivitamin,O006,Surabaya Health Mart,Jawa Timur,Surabaya,128,103,103,0,9.2
2024-01-09,P005,Marina Skin Care,Skin Care,O006,Surabaya Health Mart,Jawa Timur,Surabaya,116,98,98,0,10.1
2024-01-09,P001,Tempra,Fever & Pain,O007,Semarang Prime Pharmacy,Jawa Tengah,Semarang,90,70,70,0,6.9
2024-01-09,P002,Bodrex Flu & Batuk,Cough & Cold,O007,Semarang Prime Pharmacy,Jawa Tengah,Semarang,108,84,84,0,10.3
2024-01-09,P003,Hemaviton C1000,Vitamin,O007,Semarang Prime Pharmacy,Jawa Tengah,Semarang,147,116,116,0,13.1
2024-01-09,P004,Vidoran Smart,Multivitamin,O007,Semarang Prime Pharmacy,Jawa Tengah,Semarang,120,88,88,0,6.2
2024-01-09,P005,Marina Skin Care,Skin Care,O007,Semarang Prime Pharmacy,Jawa Tengah,Semarang,94,54,54,0,3.9
2024-01-09,P001,Tempra,Fever & Pain,O008,Semarang Health Mart,Jawa Tengah,Semarang,140,109,109,0,12.2
2024-01-09,P002,Bodrex Flu & Batuk,Cough & Cold,O008,Semarang Health Mart,Jawa Tengah,Semarang,116,101,101,0,10.5
2024-01-09,P003,Hemaviton C1000,Vitamin,O008,Semarang Health Mart,Jawa Tengah,Semarang,98,79,79,0,5.7
2024-01-09,P004,Vidoran Smart,Multivitamin,O008,Semarang Health Mart,Jawa Tengah,Semarang,119,105,105,0,9.3
2024-01-09,P005,Marina Skin Care,Skin Care,O008,Semarang Health Mart,Jawa Tengah,Semarang,127,98,98,0,8.7
2024-01-09,P001,Tempra,Fever & Pain,O009,Medan Prime Pharmacy,Sumatera,Medan,146,120,120,0,8.3
2024-01-09,P002,Bodrex Flu & Batuk,Cough & Cold,O009,Medan Prime Pharmacy,Sumatera,Medan,131,86,86,0,7.0
2024-01-09,P003,Hemaviton C1000,Vitamin,O009,Medan Prime Pharmacy,Sumatera,Medan,123,98,98,0,9.8
2024-01-09,P004,Vidoran Smart,Multivitamin,O009,Medan Prime Pharmacy,Sumatera,Medan,113,73,73,0,8.8
2024-01-09,P005,Marina Skin Care,Skin Care,O009,Medan Prime Pharmacy,Sumatera,Medan,78,62,62,0,5.4
2024-01-09,P001,Tempra,Fever & Pain,O010,Medan Health Mart,Sumatera,Medan,139,116,116,0,8.5
2024-01-09,P002,Bodrex Flu & Batuk,Cough & Cold,O010,Medan Health Mart,Sumatera,Medan,144,110,110,0,11.4
2024-01-09,P003,Hemaviton C1000,Vitamin,O010,Medan Health Mart,Sumatera,Medan,115,74,74,0,8.5
2024-01-09,P004,Vidoran Smart,Multivitamin,O010,Medan Health Mart,Sumatera,Medan,104,87,87,0,5.9
2024-01-09,P005,Marina Skin Care,Skin Care,O010,Medan Health Mart,Sumatera,Medan,122,84,84,0,8.5
2024-01-09,P001,Tempra,Fever & Pain,O011,Balikpapan Prime Pharmacy,Kalimantan,Balikpapan,155,116,116,0,9.1
2024-01-09,P002,Bodrex Flu & Batuk,Cough & Cold,O011,Balikpapan Prime Pharmacy,Kalimantan,Balikpapan,136,105,105,0,7.0
2024-01-09,P003,Hemaviton C1000,Vitamin,O011,Balikpapan Prime Pharmacy,Kalimantan,Balikpapan,152,115,115,0,7.7
2024-01-09,P004,Vidoran Smart,Multivitamin,O011,Balikpapan Prime Pharmacy,Kalimantan,Balikpapan,122,86,86,0,7.4
2024-01-09,P005,Marina Skin Care,Skin Care,O011,Balikpapan Prime Pharmacy,Kalimantan,Balikpapan,146,114,114,0,7.9
2024-01-09,P001,Tempra,Fever & Pain,O012,Balikpapan Health Mart,Kalimantan,Balikpapan,156,126,126,0,15.6
2024-01-09,P002,Bodrex Flu & Batuk,Cough & Cold,O012,Balikpapan Health Mart,Kalimantan,Balikpapan,86,74,74,0,7.8
2024-01-09,P003,Hemaviton C1000,Vitamin,O012,Balikpapan Health Mart,Kalimantan,Balikpapan,99,70,70,0,6.1
2024-01-09,P004,Vidoran Smart,Multivitamin,O012,Balikpapan Health Mart,Kalimantan,Balikpapan,153,109,109,0,9.9
2024-01-09,P005,Marina Skin Care,Skin Care,O012,Balikpapan Health Mart,Kalimantan,Balikpapan,159,123,123,0,14.1
2024-01-09,P001,Tempra,Fever & Pain,O013,Makassar Prime Pharmacy,Sulawesi,Makassar,163,131,131,0,8.9
2024-01-09,P002,Bodrex Flu & Batuk,Cough & Cold,O013,Makassar Prime Pharmacy,Sulawesi,Makassar,84,48,48,0,3.8
2024-01-09,P003,Hemaviton C1000,Vitamin,O013,Makassar Prime Pharmacy,Sulawesi,Makassar,107,72,72,0,5.2
2024-01-09,P004,Vidoran Smart,Multivitamin,O013,Makassar Prime Pharmacy,Sulawesi,Makassar,121,86,86,0,6.2
2024-01-09,P005,Marina Skin Care,Skin Care,O013,Makassar Prime Pharmacy,Sulawesi,Makassar,133,115,115,0,7.7
2024-01-09,P001,Tempra,Fever & Pain,O014,Makassar Health Mart,Sulawesi,Makassar,121,106,106,0,7.3
2024-01-09,P002,Bodrex Flu & Batuk,Cough & Cold,O014,Makassar Health Mart,Sulawesi,Makassar,148,107,107,0,7.9
2024-01-09,P003,Hemaviton C1000,Vitamin,O014,Makassar Health Mart,Sulawesi,Makassar,86,74,74,0,8.4
2024-01-09,P004,Vidoran Smart,Multivitamin,O014,Makassar Health Mart,Sulawesi,Makassar,122,99,99,0,12.1
2024-01-09,P005,Marina Skin Care,Skin Care,O014,Makassar Health Mart,Sulawesi,Makassar,152,117,117,0,8.1
2024-01-10,P001,Tempra,Fever & Pain,O001,Bandung Prime Pharmacy,Jawa Barat,Bandung,91,64,64,0,4.7
2024-01-10,P002,Bodrex Flu & Batuk,Cough & Cold,O001,Bandung Prime Pharmacy,Jawa Barat,Bandung,148,105,105,0,10.0
2024-01-10,P003,Hemaviton C1000,Vitamin,O001,Bandung Prime Pharmacy,Jawa Barat,Bandung,112,82,82,0,5.7
2024-01-10,P004,Vidoran Smart,Multivitamin,O001,Bandung Prime Pharmacy,Jawa Barat,Bandung,155,118,118,0,11.5
2024-01-10,P005,Marina Skin Care,Skin Care,O001,Bandung Prime Pharmacy,Jawa Barat,Bandung,75,65,65,0,4.5
2024-01-10,P001,Tempra,Fever & Pain,O002,Bandung Health Mart,Jawa Barat,Bandung,89,57,57,0,5.3
2024-01-10,P002,Bodrex Flu & Batuk,Cough & Cold,O002,Bandung Health Mart,Jawa Barat,Bandung,114,98,98,0,6.6
2024-01-10,P003,Hemaviton C1000,Vitamin,O002,Bandung Health Mart,Jawa Barat,Bandung,108,96,96,0,10.9
2024-01-10,P004,Vidoran Smart,Multivitamin,O002,Bandung Health Mart,Jawa Barat,Bandung,178,142,142,0,11.4
2024-01-10,P005,Marina Skin Care,Skin Care,O002,Bandung Health Mart,Jawa Barat,Bandung,79,54,54,0,4.3
2024-01-10,P001,Tempra,Fever & Pain,O003,Bekasi Prime Pharmacy,Jawa Barat,Bekasi,77,48,48,0,3.7
2024-01-10,P002,Bodrex Flu & Batuk,Cough & Cold,O003,Bekasi Prime Pharmacy,Jawa Barat,Bekasi,115,86,86,0,5.9
2024-01-10,P003,Hemaviton C1000,Vitamin,O003,Bekasi Prime Pharmacy,Jawa Barat,Bekasi,96,73,73,0,8.1
2024-01-10,P004,Vidoran Smart,Multivitamin,O003,Bekasi Prime Pharmacy,Jawa Barat,Bekasi,129,88,88,0,7.6
2024-01-10,P005,Marina Skin Care,Skin Care,O003,Bekasi Prime Pharmacy,Jawa Barat,Bekasi,99,75,75,0,5.7
2024-01-10,P001,Tempra,Fever & Pain,O004,Bekasi Health Mart,Jawa Barat,Bekasi,137,108,108,0,7.7
2024-01-10,P002,Bodrex Flu & Batuk,Cough & Cold,O004,Bekasi Health Mart,Jawa Barat,Bekasi,124,114,114,0,9.4
2024-01-10,P003,Hemaviton C1000,Vitamin,O004,Bekasi Health Mart,Jawa Barat,Bekasi,146,130,130,0,14.9
2024-01-10,P004,Vidoran Smart,Multivitamin,O004,Bekasi Health Mart,Jawa Barat,Bekasi,110,70,70,0,8.0
2024-01-10,P005,Marina Skin Care,Skin Care,O004,Bekasi Health Mart,Jawa Barat,Bekasi,68,53,53,0,5.7
2024-01-10,P001,Tempra,Fever & Pain,O005,Surabaya Prime Pharmacy,Jawa Timur,Surabaya,102,75,75,0,7.4
2024-01-10,P002,Bodrex Flu & Batuk,Cough & Cold,O005,Surabaya Prime Pharmacy,Jawa Timur,Surabaya,149,110,110,0,8.6
2024-01-10,P003,Hemaviton C1000,Vitamin,O005,Surabaya Prime Pharmacy,Jawa Timur,Surabaya,127,117,117,0,14.0
2024-01-10,P004,Vidoran Smart,Multivitamin,O005,Surabaya Prime Pharmacy,Jawa Timur,Surabaya,123,95,95,0,10.0
2024-01-10,P005,Marina Skin Care,Skin Care,O005,Surabaya Prime Pharmacy,Jawa Timur,Surabaya,103,81,81,0,8.3
2024-01-10,P001,Tempra,Fever & Pain,O006,Surabaya Health Mart,Jawa Timur,Surabaya,165,123,123,0,8.5
2024-01-10,P002,Bodrex Flu & Batuk,Cough & Cold,O006,Surabaya Health Mart,Jawa Timur,Surabaya,114,96,96,0,7.8
2024-01-10,P003,Hemaviton C1000,Vitamin,O006,Surabaya Health Mart,Jawa Timur,Surabaya,139,123,123,0,11.9
2024-01-10,P004,Vidoran Smart,Multivitamin,O006,Surabaya Health Mart,Jawa Timur,Surabaya,96,77,77,0,7.6
2024-01-10,P005,Marina Skin Care,Skin Care,O006,Surabaya Health Mart,Jawa Timur,Surabaya,137,95,95,0,8.6
2024-01-10,P001,Tempra,Fever & Pain,O007,Semarang Prime Pharmacy,Jawa Tengah,Semarang,109,84,84,0,9.1
2024-01-10,P002,Bodrex Flu & Batuk,Cough & Cold,O007,Semarang Prime Pharmacy,Jawa Tengah,Semarang,120,83,83,0,9.2
2024-01-10,P003,Hemaviton C1000,Vitamin,O007,Semarang Prime Pharmacy,Jawa Tengah,Semarang,111,91,91,0,8.7
2024-01-10,P004,Vidoran Smart,Multivitamin,O007,Semarang Prime Pharmacy,Jawa Tengah,Semarang,122,95,95,0,7.0
2024-01-10,P005,Marina Skin Care,Skin Care,O007,Semarang Prime Pharmacy,Jawa Tengah,Semarang,116,84,84,0,6.9
2024-01-10,P001,Tempra,Fever & Pain,O008,Semarang Health Mart,Jawa Tengah,Semarang,89,64,64,0,7.3
2024-01-10,P002,Bodrex Flu & Batuk,Cough & Cold,O008,Semarang Health Mart,Jawa Tengah,Semarang,125,109,109,0,8.5
2024-01-10,P003,Hemaviton C1000,Vitamin,O008,Semarang Health Mart,Jawa Tengah,Semarang,108,97,97,0,7.8
2024-01-10,P004,Vidoran Smart,Multivitamin,O008,Semarang Health Mart,Jawa Tengah,Semarang,89,49,49,0,4.3
2024-01-10,P005,Marina Skin Care,Skin Care,O008,Semarang Health Mart,Jawa Tengah,Semarang,109,96,96,0,7.9
2024-01-10,P001,Tempra,Fever & Pain,O009,Medan Prime Pharmacy,Sumatera,Medan,155,120,120,0,9.7
2024-01-10,P002,Bodrex Flu & Batuk,Cough & Cold,O009,Medan Prime Pharmacy,Sumatera,Medan,114,83,83,0,5.7
2024-01-10,P003,Hemaviton C1000,Vitamin,O009,Medan Prime Pharmacy,Sumatera,Medan,132,87,87,0,7.7
2024-01-10,P004,Vidoran Smart,Multivitamin,O009,Medan Prime Pharmacy,Sumatera,Medan,110,88,88,0,7.5
2024-01-10,P005,Marina Skin Care,Skin Care,O009,Medan Prime Pharmacy,Sumatera,Medan,139,117,117,0,11.2
2024-01-10,P001,Tempra,Fever & Pain,O010,Medan Health Mart,Sumatera,Medan,105,92,92,0,10.8
2024-01-10,P002,Bodrex Flu & Batuk,Cough & Cold,O010,Medan Health Mart,Sumatera,Medan,99,67,67,0,4.7
2024-01-10,P003,Hemaviton C1000,Vitamin,O010,Medan Health Mart,Sumatera,Medan,123,87,87,0,6.7
2024-01-10,P004,Vidoran Smart,Multivitamin,O010,Medan Health Mart,Sumatera,Medan,122,83,83,0,5.7
2024-01-10,P005,Marina Skin Care,Skin Care,O010,Medan Health Mart,Sumatera,Medan,86,62,62,0,6.6
2024-01-10,P001,Tempra,Fever & Pain,O011,Balikpapan Prime Pharmacy,Kalimantan,Balikpapan,92,61,61,0,4.7
2024-01-10,P002,Bodrex Flu & Batuk,Cough & Cold,O011,Balikpapan Prime Pharmacy,Kalimantan,Balikpapan,110,73,73,0,6.1
2024-01-10,P003,Hemaviton C1000,Vitamin,O011,Balikpapan Prime Pharmacy,Kalimantan,Balikpapan,109,74,74,0,8.9
2024-01-10,P004,Vidoran Smart,Multivitamin,O011,Balikpapan Prime Pharmacy,Kalimantan,Balikpapan,99,89,89,0,7.9
2024-01-10,P005,Marina Skin Care,Skin Care,O011,Balikpapan Prime Pharmacy,Kalimantan,Balikpapan,105,87,87,0,9.1
2024-01-10,P001,Tempra,Fever & Pain,O012,Balikpapan Health Mart,Kalimantan,Balikpapan,168,142,142,0,9.6
2024-01-10,P002,Bodrex Flu & Batuk,Cough & Cold,O012,Balikpapan Health Mart,Kalimantan,Balikpapan,126,112,112,0,9.0
2024-01-10,P003,Hemaviton C1000,Vitamin,O012,Balikpapan Health Mart,Kalimantan,Balikpapan,82,63,63,0,4.4
2024-01-10,P004,Vidoran Smart,Multivitamin,O012,Balikpapan Health Mart,Kalimantan,Balikpapan,48,33,33,0,2.2
2024-01-10,P005,Marina Skin Care,Skin Care,O012,Balikpapan Health Mart,Kalimantan,Balikpapan,195,152,152,0,13.7
2024-01-10,P001,Tempra,Fever & Pain,O013,Makassar Prime Pharmacy,Sulawesi,Makassar,143,111,111,0,9.3
2024-01-10,P002,Bodrex Flu & Batuk,Cough & Cold,O013,Makassar Prime Pharmacy,Sulawesi,Makassar,97,79,79,0,6.5
2024-01-10,P003,Hemaviton C1000,Vitamin,O013,Makassar Prime Pharmacy,Sulawesi,Makassar,99,59,59,0,4.5
2024-01-10,P004,Vidoran Smart,Multivitamin,O013,Makassar Prime Pharmacy,Sulawesi,Makassar,143,115,115,0,13.0
2024-01-10,P005,Marina Skin Care,Skin Care,O013,Makassar Prime Pharmacy,Sulawesi,Makassar,106,88,88,0,6.7
2024-01-10,P001,Tempra,Fever & Pain,O014,Makassar Health Mart,Sulawesi,Makassar,148,121,121,0,8.3
2024-01-10,P002,Bodrex Flu & Batuk,Cough & Cold,O014,Makassar Health Mart,Sulawesi,Makassar,133,110,110,0,10.0
2024-01-10,P003,Hemaviton C1000,Vitamin,O014,Makassar Health Mart,Sulawesi,Makassar,75,59,59,0,4.1
2024-01-10,P004,Vidoran Smart,Multivitamin,O014,Makassar Health Mart,Sulawesi,Makassar,147,110,110,0,8.4
2024-01-10,P005,Marina Skin Care,Skin Care,O014,Makassar Health Mart,Sulawesi,Makassar,114,97,97,0,6.6
2024-01-11,P001,Tempra,Fever & Pain,O001,Bandung Prime Pharmacy,Jawa Barat,Bandung,148,105,105,0,10.3
2024-01-11,P002,Bodrex Flu & Batuk,Cough & Cold,O001,Bandung Prime Pharmacy,Jawa Barat,Bandung,118,97,97,0,7.4
2024-01-11,P003,Hemaviton C1000,Vitamin,O001,Bandung Prime Pharmacy,Jawa Barat,Bandung,118,93,93,0,7.5
2024-01-11,P004,Vidoran Smart,Multivitamin,O001,Bandung Prime Pharmacy,Jawa Barat,Bandung,135,118,118,0,8.0
2024-01-11,P005,Marina Skin Care,Skin Care,O001,Bandung Prime Pharmacy,Jawa Barat,Bandung,169,128,128,0,10.5
2024-01-11,P001,Tempra,Fever & Pain,O002,Bandung Health Mart,Jawa Barat,Bandung,90,64,64,0,4.4
2024-01-11,P002,Bodrex Flu & Batuk,Cough & Cold,O002,Bandung Health Mart,Jawa Barat,Bandung,90,79,79,0,5.4
2024-01-11,P003,Hemaviton C1000,Vitamin,O002,Bandung Health Mart,Jawa Barat,Bandung,158,123,123,0,8.8
2024-01-11,P004,Vidoran Smart,Multivitamin,O002,Bandung Health Mart,Jawa Barat,Bandung,110,81,81,0,9.9
2024-01-11,P005,Marina Skin Care,Skin Care,O002,Bandung Health Mart,Jawa Barat,Bandung,132,96,96,0,11.8
2024-01-11,P001,Tempra,Fever & Pain,O003,Bekasi Prime Pharmacy,Jawa Barat,Bekasi,124,84,84,0,7.9
2024-01-11,P002,Bodrex Flu & Batuk,Cough & Cold,O003,Bekasi Prime Pharmacy,Jawa Barat,Bekasi,113,97,97,0,8.7
2024-01-11,P003,Hemaviton C1000,Vitamin,O003,Bekasi Prime Pharmacy,Jawa Barat,Bekasi,140,125,125,0,13.9
2024-01-11,P004,Vidoran Smart,Multivitamin,O003,Bekasi Prime Pharmacy,Jawa Barat,Bekasi,119,83,83,0,5.9
2024-01-11,P005,Marina Skin Care,Skin Care,O003,Bekasi Prime Pharmacy,Jawa Barat,Bekasi,131,117,117,0,11.0
2024-01-11,P001,Tempra,Fever & Pain,O004,Bekasi Health Mart,Jawa Barat,Bekasi,127,82,82,0,7.5
2024-01-11,P002,Bodrex Flu & Batuk,Cough & Cold,O004,Bekasi Health Mart,Jawa Barat,Bekasi,147,114,114,0,9.8
2024-01-11,P003,Hemaviton C1000,Vitamin,O004,Bekasi Health Mart,Jawa Barat,Bekasi,53,39,39,0,2.6
2024-01-11,P004,Vidoran Smart,Multivitamin,O004,Bekasi Health Mart,Jawa Barat,Bekasi,138,110,110,0,8.0
2024-01-11,P005,Marina Skin Care,Skin Care,O004,Bekasi Health Mart,Jawa Barat,Bekasi,122,96,96,0,8.0
2024-01-11,P001,Tempra,Fever & Pain,O005,Surabaya Prime Pharmacy,Jawa Timur,Surabaya,135,112,112,0,13.0
2024-01-11,P002,Bodrex Flu & Batuk,Cough & Cold,O005,Surabaya Prime Pharmacy,Jawa Timur,Surabaya,112,95,95,0,9.8
2024-01-11,P003,Hemaviton C1000,Vitamin,O005,Surabaya Prime Pharmacy,Jawa Timur,Surabaya,149,111,111,0,9.7
2024-01-11,P004,Vidoran Smart,Multivitamin,O005,Surabaya Prime Pharmacy,Jawa Timur,Surabaya,137,115,115,0,10.8
2024-01-11,P005,Marina Skin Care,Skin Care,O005,Surabaya Prime Pharmacy,Jawa Timur,Surabaya,153,113,113,0,10.5
2024-01-11,P001,Tempra,Fever & Pain,O006,Surabaya Health Mart,Jawa Timur,Surabaya,143,99,99,0,7.3
2024-01-11,P002,Bodrex Flu & Batuk,Cough & Cold,O006,Surabaya Health Mart,Jawa Timur,Surabaya,141,119,119,0,9.5
2024-01-11,P003,Hemaviton C1000,Vitamin,O006,Surabaya Health Mart,Jawa Timur,Surabaya,125,112,112,0,13.2
2024-01-11,P004,Vidoran Smart,Multivitamin,O006,Surabaya Health Mart,Jawa Timur,Surabaya,122,91,91,0,8.1
2024-01-11,P005,Marina Skin Care,Skin Care,O006,Surabaya Health Mart,Jawa Timur,Surabaya,150,117,117,0,10.4
2024-01-11,P001,Tempra,Fever & Pain,O007,Semarang Prime Pharmacy,Jawa Tengah,Semarang,94,72,72,0,7.3
2024-01-11,P002,Bodrex Flu & Batuk,Cough & Cold,O007,Semarang Prime Pharmacy,Jawa Tengah,Semarang,119,85,85,0,9.4
2024-01-11,P003,Hemaviton C1000,Vitamin,O007,Semarang Prime Pharmacy,Jawa Tengah,Semarang,125,99,99,0,12.0
2024-01-11,P004,Vidoran Smart,Multivitamin,O007,Semarang Prime Pharmacy,Jawa Tengah,Semarang,121,111,111,0,12.2
2024-01-11,P005,Marina Skin Care,Skin Care,O007,Semarang Prime Pharmacy,Jawa Tengah,Semarang,116,91,91,0,9.3
2024-01-11,P001,Tempra,Fever & Pain,O008,Semarang Health Mart,Jawa Tengah,Semarang,103,68,68,0,5.6
2024-01-11,P002,Bodrex Flu & Batuk,Cough & Cold,O008,Semarang Health Mart,Jawa Tengah,Semarang,149,130,130,0,9.6
2024-01-11,P003,Hemaviton C1000,Vitamin,O008,Semarang Health Mart,Jawa Tengah,Semarang,150,117,117,0,14.6
2024-01-11,P004,Vidoran Smart,Multivitamin,O008,Semarang Health Mart,Jawa Tengah,Semarang,147,117,117,0,8.2
2024-01-11,P005,Marina Skin Care,Skin Care,O008,Semarang Health Mart,Jawa Tengah,Semarang,116,85,85,0,7.4
2024-01-11,P001,Tempra,Fever & Pain,O009,Medan Prime Pharmacy,Sumatera,Medan,121,81,81,0,9.8
2024-01-11,P002,Bodrex Flu & Batuk,Cough & Cold,O009,Medan Prime Pharmacy,Sumatera,Medan,158,128,128,0,14.4
2024-01-11,P003,Hemaviton C1000,Vitamin,O009,Medan Prime Pharmacy,Sumatera,Medan,84,53,53,0,3.8
2024-01-11,P004,Vidoran Smart,Multivitamin,O009,Medan Prime Pharmacy,Sumatera,Medan,133,94,94,0,8.5
2024-01-11,P005,Marina Skin Care,Skin Care,O009,Medan Prime Pharmacy,Sumatera,Medan,126,88,88,0,8.6
2024-01-11,P001,Tempra,Fever & Pain,O010,Medan Health Mart,Sumatera,Medan,158,119,119,0,9.3
2024-01-11,P002,Bodrex Flu & Batuk,Cough & Cold,O010,Medan Health Mart,Sumatera,Medan,60,45,45,0,4.3
2024-01-11,P003,Hemaviton C1000,Vitamin,O010,Medan Health Mart,Sumatera,Medan,169,140,140,0,11.4
2024-01-11,P004,Vidoran Smart,Multivitamin,O010,Medan Health Mart,Sumatera,Medan,110,82,82,0,8.3
2024-01-11,P005,Marina Skin Care,Skin Care,O010,Medan Health Mart,Sumatera,Medan,132,104,104,0,7.9
2024-01-11,P001,Tempra,Fever & Pain,O011,Balikpapan Prime Pharmacy,Kalimantan,Balikpapan,85,65,65,0,5.1
2024-01-11,P002,Bodrex Flu & Batuk,Cough & Cold,O011,Balikpapan Prime Pharmacy,Kalimantan,Balikpapan,134,95,95,0,11.6
2024-01-11,P003,Hemaviton C1000,Vitamin,O011,Balikpapan Prime Pharmacy,Kalimantan,Balikpapan,74,58,58,0,5.4
2024-01-11,P004,Vidoran Smart,Multivitamin,O011,Balikpapan Prime Pharmacy,Kalimantan,Balikpapan,98,65,65,0,5.2
2024-01-11,P005,Marina Skin Care,Skin Care,O011,Balikpapan Prime Pharmacy,Kalimantan,Balikpapan,121,111,111,0,9.5
2024-01-11,P001,Tempra,Fever & Pain,O012,Balikpapan Health Mart,Kalimantan,Balikpapan,92,77,77,0,6.3
2024-01-11,P002,Bodrex Flu & Batuk,Cough & Cold,O012,Balikpapan Health Mart,Kalimantan,Balikpapan,145,125,125,0,11.2
2024-01-11,P003,Hemaviton C1000,Vitamin,O012,Balikpapan Health Mart,Kalimantan,Balikpapan,84,59,59,0,4.3
2024-01-11,P004,Vidoran Smart,Multivitamin,O012,Balikpapan Health Mart,Kalimantan,Balikpapan,181,147,147,0,17.3
2024-01-11,P005,Marina Skin Care,Skin Care,O012,Balikpapan Health Mart,Kalimantan,Balikpapan,48,36,36,0,3.4
2024-01-11,P001,Tempra,Fever & Pain,O013,Makassar Prime Pharmacy,Sulawesi,Makassar,106,66,66,0,7.0
2024-01-11,P002,Bodrex Flu & Batuk,Cough & Cold,O013,Makassar Prime Pharmacy,Sulawesi,Makassar,151,139,139,0,10.4
2024-01-11,P003,Hemaviton C1000,Vitamin,O013,Makassar Prime Pharmacy,Sulawesi,Makassar,112,93,93,0,7.6
2024-01-11,P004,Vidoran Smart,Multivitamin,O013,Makassar Prime Pharmacy,Sulawesi,Makassar,78,58,58,0,3.9
2024-01-11,P005,Marina Skin Care,Skin Care,O013,Makassar Prime Pharmacy,Sulawesi,Makassar,133,110,110,0,11.5
2024-01-11,P001,Tempra,Fever & Pain,O014,Makassar Health Mart,Sulawesi,Makassar,125,101,101,0,7.7
2024-01-11,P002,Bodrex Flu & Batuk,Cough & Cold,O014,Makassar Health Mart,Sulawesi,Makassar,98,77,77,0,6.0
2024-01-11,P003,Hemaviton C1000,Vitamin,O014,Makassar Health Mart,Sulawesi,Makassar,135,92,92,0,9.1
2024-01-11,P004,Vidoran Smart,Multivitamin,O014,Makassar Health Mart,Sulawesi,Makassar,161,120,120,0,11.9
2024-01-11,P005,Marina Skin Care,Skin Care,O014,Makassar Health Mart,Sulawesi,Makassar,140,113,113,0,9.9
2024-01-12,P001,Tempra,Fever & Pain,O001,Bandung Prime Pharmacy,Jawa Barat,Bandung,151,121,121,0,8.5
2024-01-12,P002,Bodrex Flu & Batuk,Cough & Cold,O001,Bandung Prime Pharmacy,Jawa Barat,Bandung,109,85,85,0,9.0
2024-01-12,P003,Hemaviton C1000,Vitamin,O001,Bandung Prime Pharmacy,Jawa Barat,Bandung,127,84,84,0,5.6
2024-01-12,P004,Vidoran Smart,Multivitamin,O001,Bandung Prime Pharmacy,Jawa Barat,Bandung,124,86,86,0,8.5
2024-01-12,P005,Marina Skin Care,Skin Care,O001,Bandung Prime Pharmacy,Jawa Barat,Bandung,118,85,85,0,10.4
2024-01-12,P001,Tempra,Fever & Pain,O002,Bandung Health Mart,Jawa Barat,Bandung,119,79,79,0,5.4
2024-01-12,P002,Bodrex Flu & Batuk,Cough & Cold,O002,Bandung Health Mart,Jawa Barat,Bandung,116,76,76,0,8.5
2024-01-12,P003,Hemaviton C1000,Vitamin,O002,Bandung Health Mart,Jawa Barat,Bandung,128,102,102,0,8.6
2024-01-12,P004,Vidoran Smart,Multivitamin,O002,Bandung Health Mart,Jawa Barat,Bandung,120,87,87,0,8.4
2024-01-12,P005,Marina Skin Care,Skin Care,O002,Bandung Health Mart,Jawa Barat,Bandung,152,110,110,0,10.4
2024-01-12,P001,Tempra,Fever & Pain,O003,Bekasi Prime Pharmacy,Jawa Barat,Bekasi,147,105,105,0,7.5
2024-01-12,P002,Bodrex Flu & Batuk,Cough & Cold,O003,Bekasi Prime Pharmacy,Jawa Barat,Bekasi,118,104,104,0,11.2
2024-01-12,P003,Hemaviton C1000,Vitamin,O003,Bekasi Prime Pharmacy,Jawa Barat,Bekasi,152,122,122,0,10.4
2024-01-12,P004,Vidoran Smart,Multivitamin,O003,Bekasi Prime Pharmacy,Jawa Barat,Bekasi,145,133,133,0,9.9
2024-01-12,P005,Marina Skin Care,Skin Care,O003,Bekasi Prime Pharmacy,Jawa Barat,Bekasi,166,128,128,0,14.4
2024-01-12,P001,Tempra,Fever & Pain,O004,Bekasi Health Mart,Jawa Barat,Bekasi,176,134,134,0,9.3
2024-01-12,P002,Bodrex Flu & Batuk,Cough & Cold,O004,Bekasi Health Mart,Jawa Barat,Bekasi,133,94,94,0,11.6
2024-01-12,P003,Hemaviton C1000,Vitamin,O004,Bekasi Health Mart,Jawa Barat,Bekasi,140,106,106,0,7.5
2024-01-12,P004,Vidoran Smart,Multivitamin,O004,Bekasi Health Mart,Jawa Barat,Bekasi,109,81,81,0,7.6
2024-01-12,P005,Marina Skin Care,Skin Care,O004,Bekasi Health Mart,Jawa Barat,Bekasi,114,85,85,0,7.9
2024-01-12,P001,Tempra,Fever & Pain,O005,Surabaya Prime Pharmacy,Jawa Timur,Surabaya,108,92,92,0,11.4
2024-01-12,P002,Bodrex Flu & Batuk,Cough & Cold,O005,Surabaya Prime Pharmacy,Jawa Timur,Surabaya,120,80,80,0,5.6
2024-01-12,P003,Hemaviton C1000,Vitamin,O005,Surabaya Prime Pharmacy,Jawa Timur,Surabaya,133,117,117,0,9.0
2024-01-12,P004,Vidoran Smart,Multivitamin,O005,Surabaya Prime Pharmacy,Jawa Timur,Surabaya,140,122,122,0,11.8
2024-01-12,P005,Marina Skin Care,Skin Care,O005,Surabaya Prime Pharmacy,Jawa Timur,Surabaya,106,96,96,0,8.0
2024-01-12,P001,Tempra,Fever & Pain,O006,Surabaya Health Mart,Jawa Timur,Surabaya,150,119,119,0,11.5
2024-01-12,P002,Bodrex Flu & Batuk,Cough & Cold,O006,Surabaya Health Mart,Jawa Timur,Surabaya,131,107,107,0,7.2
2024-01-12,P003,Hemaviton C1000,Vitamin,O006,Surabaya Health Mart,Jawa Timur,Surabaya,134,92,92,0,9.8
2024-01-12,P004,Vidoran Smart,Multivitamin,O006,Surabaya Health Mart,Jawa Timur,Surabaya,155,122,122,0,13.4
2024-01-12,P005,Marina Skin Care,Skin Care,O006,Surabaya Health Mart,Jawa Timur,Surabaya,120,85,85,0,8.4
2024-01-12,P001,Tempra,Fever & Pain,O007,Semarang Prime Pharmacy,Jawa Tengah,Semarang,139,103,103,0,11.5
2024-01-12,P002,Bodrex Flu & Batuk,Cough & Cold,O007,Semarang Prime Pharmacy,Jawa Tengah,Semarang,119,92,92,0,10.2
2024-01-12,P003,Hemaviton C1000,Vitamin,O007,Semarang Prime Pharmacy,Jawa Tengah,Semarang,118,80,80,0,7.9
2024-01-12,P004,Vidoran Smart,Multivitamin,O007,Semarang Prime Pharmacy,Jawa Tengah,Semarang,123,84,84,0,7.6
2024-01-12,P005,Marina Skin Care,Skin Care,O007,Semarang Prime Pharmacy,Jawa Tengah,Semarang,94,57,57,0,5.2
2024-01-12,P001,Tempra,Fever & Pain,O008,Semarang Health Mart,Jawa Tengah,Semarang,137,96,96,0,9.9
2024-01-12,P002,Bodrex Flu & Batuk,Cough & Cold,O008,Semarang Health Mart,Jawa Tengah,Semarang,85,69,69,0,5.7
2024-01-12,P003,Hemaviton C1000,Vitamin,O008,Semarang Health Mart,Jawa Tengah,Semarang,118,75,75,0,9.1
2024-01-12,P004,Vidoran Smart,Multivitamin,O008,Semarang Health Mart,Jawa Tengah,Semarang,78,46,46,0,3.4
2024-01-12,P005,Marina Skin Care,Skin Care,O008,Semarang Health Mart,Jawa Tengah,Semarang,138,108,108,0,8.2
2024-01-12,P001,Tempra,Fever & Pain,O009,Medan Prime Pharmacy,Sumatera,Medan,156,115,115,0,9.2
2024-01-12,P002,Bodrex Flu & Batuk,Cough & Cold,O009,Medan Prime Pharmacy,Sumatera,Medan,150,108,108,0,8.4
2024-01-12,P003,Hemaviton C1000,Vitamin,O009,Medan Prime Pharmacy,Sumatera,Medan,105,71,71,0,8.1
2024-01-12,P004,Vidoran Smart,Multivitamin,O009,Medan Prime Pharmacy,Sumatera,Medan,131,90,90,0,9.4
2024-01-12,P005,Marina Skin Care,Skin Care,O009,Medan Prime Pharmacy,Sumatera,Medan,131,110,110,0,7.9
2024-01-12,P001,Tempra,Fever & Pain,O010,Medan Health Mart,Sumatera,Medan,124,94,94,0,8.0
2024-01-12,P002,Bodrex Flu & Batuk,Cough & Cold,O010,Medan Health Mart,Sumatera,Medan,154,130,130,0,10.0
2024-01-12,P003,Hemaviton C1000,Vitamin,O010,Medan Health Mart,Sumatera,Medan,167,122,122,0,11.0
2024-01-12,P004,Vidoran Smart,Multivitamin,O010,Medan Health Mart,Sumatera,Medan,75,57,57,0,3.8
2024-01-12,P005,Marina Skin Care,Skin Care,O010,Medan Health Mart,Sumatera,Medan,122,112,112,0,7.6
2024-01-12,P001,Tempra,Fever & Pain,O011,Balikpapan Prime Pharmacy,Kalimantan,Balikpapan,139,98,98,0,7.5
2024-01-12,P002,Bodrex Flu & Batuk,Cough & Cold,O011,Balikpapan Prime Pharmacy,Kalimantan,Balikpapan,126,89,89,0,6.3
2024-01-12,P003,Hemaviton C1000,Vitamin,O011,Balikpapan Prime Pharmacy,Kalimantan,Balikpapan,136,116,116,0,14.5
2024-01-12,P004,Vidoran Smart,Multivitamin,O011,Balikpapan Prime Pharmacy,Kalimantan,Balikpapan,135,103,103,0,11.9
2024-01-12,P005,Marina Skin Care,Skin Care,O011,Balikpapan Prime Pharmacy,Kalimantan,Balikpapan,144,127,127,0,9.3
2024-01-12,P001,Tempra,Fever & Pain,O012,Balikpapan Health Mart,Kalimantan,Balikpapan,112,67,67,0,4.8
2024-01-12,P002,Bodrex Flu & Batuk,Cough & Cold,O012,Balikpapan Health Mart,Kalimantan,Balikpapan,65,49,49,0,3.5
2024-01-12,P003,Hemaviton C1000,Vitamin,O012,Balikpapan Health Mart,Kalimantan,Balikpapan,137,100,100,0,9.2
2024-01-12,P004,Vidoran Smart,Multivitamin,O012,Balikpapan Health Mart,Kalimantan,Balikpapan,142,98,98,0,10.6
2024-01-12,P005,Marina Skin Care,Skin Care,O012,Balikpapan Health Mart,Kalimantan,Balikpapan,146,104,104,0,9.8
2024-01-12,P001,Tempra,Fever & Pain,O013,Makassar Prime Pharmacy,Sulawesi,Makassar,133,105,105,0,13.1
2024-01-12,P002,Bodrex Flu & Batuk,Cough & Cold,O013,Makassar Prime Pharmacy,Sulawesi,Makassar,167,130,130,0,10.2
2024-01-12,P003,Hemaviton C1000,Vitamin,O013,Makassar Prime Pharmacy,Sulawesi,Makassar,108,98,98,0,7.9
2024-01-12,P004,Vidoran Smart,Multivitamin,O013,Makassar Prime Pharmacy,Sulawesi,Makassar,102,76,76,0,5.2
2024-01-12,P005,Marina Skin Care,Skin Care,O013,Makassar Prime Pharmacy,Sulawesi,Makassar,115,103,103,0,9.1
2024-01-12,P001,Tempra,Fever & Pain,O014,Makassar Health Mart,Sulawesi,Makassar,164,122,122,0,9.1
2024-01-12,P002,Bodrex Flu & Batuk,Cough & Cold,O014,Makassar Health Mart,Sulawesi,Makassar,120,106,106,0,11.1
2024-01-12,P003,Hemaviton C1000,Vitamin,O014,Makassar Health Mart,Sulawesi,Makassar,125,111,111,0,10.2
2024-01-12,P004,Vidoran Smart,Multivitamin,O014,Makassar Health Mart,Sulawesi,Makassar,119,107,107,0,9.0
2024-01-12,P005,Marina Skin Care,Skin Care,O014,Makassar Health Mart,Sulawesi,Makassar,145,106,106,0,9.3
2024-01-13,P001,Tempra,Fever & Pain,O001,Bandung Prime Pharmacy,Jawa Barat,Bandung,128,92,92,0,7.1
2024-01-13,P002,Bodrex Flu & Batuk,Cough & Cold,O001,Bandung Prime Pharmacy,Jawa Barat,Bandung,131,101,101,0,8.0
2024-01-13,P003,Hemaviton C1000,Vitamin,O001,Bandung Prime Pharmacy,Jawa Barat,Bandung,115,80,80,0,8.9
2024-01-13,P004,Vidoran Smart,Multivitamin,O001,Bandung Prime Pharmacy,Jawa Barat,Bandung,130,109,109,0,7.5
2024-01-13,P005,Marina Skin Care,Skin Care,O001,Bandung Prime Pharmacy,Jawa Barat,Bandung,137,96,96,0,9.4
2024-01-13,P001,Tempra,Fever & Pain,O002,Bandung Health Mart,Jawa Barat,Bandung,166,134,134,0,14.2
2024-01-13,P002,Bodrex Flu & Batuk,Cough & Cold,O002,Bandung Health Mart,Jawa Barat,Bandung,142,106,106,0,12.0
2024-01-13,P003,Hemaviton C1000,Vitamin,O002,Bandung Health Mart,Jawa Barat,Bandung,98,86,86,0,9.6
2024-01-13,P004,Vidoran Smart,Multivitamin,O002,Bandung Health Mart,Jawa Barat,Bandung,64,49,49,0,3.4
2024-01-13,P005,Marina Skin Care,Skin Care,O002,Bandung Health Mart,Jawa Barat,Bandung,89,74,74,0,7.1
2024-01-13,P001,Tempra,Fever & Pain,O003,Bekasi Prime Pharmacy,Jawa Barat,Bekasi,141,112,112,0,11.4
2024-01-13,P002,Bodrex Flu & Batuk,Cough & Cold,O003,Bekasi Prime Pharmacy,Jawa Barat,Bekasi,154,125,125,0,11.7
2024-01-13,P003,Hemaviton C1000,Vitamin,O003,Bekasi Prime Pharmacy,Jawa Barat,Bekasi,130,89,89,0,8.9
2024-01-13,P004,Vidoran Smart,Multivitamin,O003,Bekasi Prime Pharmacy,Jawa Barat,Bekasi,79,65,65,0,7.2
2024-01-13,P005,Marina Skin Care,Skin Care,O003,Bekasi Prime Pharmacy,Jawa Barat,Bekasi,140,124,124,0,10.1
2024-01-13,P001,Tempra,Fever & Pain,O004,Bekasi Health Mart,Jawa Barat,Bekasi,107,64,64,0,6.8
2024-01-13,P002,Bodrex Flu & Batuk,Cough & Cold,O004,Bekasi Health Mart,Jawa Barat,Bekasi,112,90,90,0,7.0
2024-01-13,P003,Hemaviton C1000,Vitamin,O004,Bekasi Health Mart,Jawa Barat,Bekasi,176,144,144,0,11.0
2024-01-13,P004,Vidoran Smart,Multivitamin,O004,Bekasi Health Mart,Jawa Barat,Bekasi,108,98,98,0,6.6
2024-01-13,P005,Marina Skin Care,Skin Care,O004,Bekasi Health Mart,Jawa Barat,Bekasi,90,57,57,0,5.0
2024-01-13,P001,Tempra,Fever & Pain,O005,Surabaya Prime Pharmacy,Jawa Timur,Surabaya,82,44,44,0,4.9
2024-01-13,P002,Bodrex Flu & Batuk,Cough & Cold,O005,Surabaya Prime Pharmacy,Jawa Timur,Surabaya,125,106,106,0,8.7
2024-01-13,P003,Hemaviton C1000,Vitamin,O005,Surabaya Prime Pharmacy,Jawa Timur,Surabaya,110,90,90,0,7.9
2024-01-13,P004,Vidoran Smart,Multivitamin,O005,Surabaya Prime Pharmacy,Jawa Timur,Surabaya,89,69,69,0,6.7
2024-01-13,P005,Marina Skin Care,Skin Care,O005,Surabaya Prime Pharmacy,Jawa Timur,Surabaya,112,82,82,0,6.4
2024-01-13,P001,Tempra,Fever & Pain,O006,Surabaya Health Mart,Jawa Timur,Surabaya,132,108,108,0,8.3
2024-01-13,P002,Bodrex Flu & Batuk,Cough & Cold,O006,Surabaya Health Mart,Jawa Timur,Surabaya,169,142,142,0,16.8
2024-01-13,P003,Hemaviton C1000,Vitamin,O006,Surabaya Health Mart,Jawa Timur,Surabaya,87,60,60,0,4.1
2024-01-13,P004,Vidoran Smart,Multivitamin,O006,Surabaya Health Mart,Jawa Timur,Surabaya,110,76,76,0,6.9
2024-01-13,P005,Marina Skin Care,Skin Care,O006,Surabaya Health Mart,Jawa Timur,Surabaya,139,94,94,0,10.3
2024-01-13,P001,Tempra,Fever & Pain,O007,Semarang Prime Pharmacy,Jawa Tengah,Semarang,115,81,81,0,6.8
2024-01-13,P002,Bodrex Flu & Batuk,Cough & Cold,O007,Semarang Prime Pharmacy,Jawa Tengah,Semarang,114,96,96,0,8.4
2024-01-13,P003,Hemaviton C1000,Vitamin,O007,Semarang Prime Pharmacy,Jawa Tengah,Semarang,153,118,118,0,9.2
2024-01-13,P004,Vidoran Smart,Multivitamin,O007,Semarang Prime Pharmacy,Jawa Tengah,Semarang,144,104,104,0,12.5
2024-01-13,P005,Marina Skin Care,Skin Care,O007,Semarang Prime Pharmacy,Jawa Tengah,Semarang,97,85,85,0,9.0
2024-01-13,P001,Tempra,Fever & Pain,O008,Semarang Health Mart,Jawa Tengah,Semarang,94,66,66,0,6.7
2024-01-13,P002,Bodrex Flu & Batuk,Cough & Cold,O008,Semarang Health Mart,Jawa Tengah,Semarang,98,75,75,0,8.1
2024-01-13,P003,Hemaviton C1000,Vitamin,O008,Semarang Health Mart,Jawa Tengah,Semarang,71,58,58,0,4.6
2024-01-13,P004,Vidoran Smart,Multivitamin,O008,Semarang Health Mart,Jawa Tengah,Semarang,147,127,127,0,8.8
2024-01-13,P005,Marina Skin Care,Skin Care,O008,Semarang Health Mart,Jawa Tengah,Semarang,101,91,91,0,9.0
2024-01-13,P001,Tempra,Fever & Pain,O009,Medan Prime Pharmacy,Sumatera,Medan,137,111,111,0,9.9
2024-01-13,P002,Bodrex Flu & Batuk,Cough & Cold,O009,Medan Prime Pharmacy,Sumatera,Medan,121,82,82,0,5.8
2024-01-13,P003,Hemaviton C1000,Vitamin,O009,Medan Prime Pharmacy,Sumatera,Medan,52,40,40,0,3.2
2024-01-13,P004,Vidoran Smart,Multivitamin,O009,Medan Prime Pharmacy,Sumatera,Medan,140,128,128,0,9.1
2024-01-13,P005,Marina Skin Care,Skin Care,O009,Medan Prime Pharmacy,Sumatera,Medan,127,82,82,0,7.0
2024-01-13,P001,Tempra,Fever & Pain,O010,Medan Health Mart,Sumatera,Medan,112,75,75,0,8.7
2024-01-13,P002,Bodrex Flu & Batuk,Cough & Cold,O010,Medan Health Mart,Sumatera,Medan,96,76,76,0,5.4
2024-01-13,P003,Hemaviton C1000,Vitamin,O010,Medan Health Mart,Sumatera,Medan,168,123,123,0,9.7
2024-01-13,P004,Vidoran Smart,Multivitamin,O010,Medan Health Mart,Sumatera,Medan,110,94,94,0,9.8
2024-01-13,P005,Marina Skin Care,Skin Care,O010,Medan Health Mart,Sumatera,Medan,93,58,58,0,5.7
2024-01-13,P001,Tempra,Fever & Pain,O011,Balikpapan Prime Pharmacy,Kalimantan,Balikpapan,138,128,128,0,9.9
2024-01-13,P002,Bodrex Flu & Batuk,Cough & Cold,O011,Balikpapan Prime Pharmacy,Kalimantan,Balikpapan,123,83,83,0,5.9
2024-01-13,P003,Hemaviton C1000,Vitamin,O011,Balikpapan Prime Pharmacy,Kalimantan,Balikpapan,80,65,65,0,6.7
2024-01-13,P004,Vidoran Smart,Multivitamin,O011,Balikpapan Prime Pharmacy,Kalimantan,Balikpapan,115,99,99,0,12.3
2024-01-13,P005,Marina Skin Care,Skin Care,O011,Balikpapan Prime Pharmacy,Kalimantan,Balikpapan,104,63,63,0,6.8
2024-01-13,P001,Tempra,Fever & Pain,O012,Balikpapan Health Mart,Kalimantan,Balikpapan,96,75,75,0,5.6
2024-01-13,P002,Bodrex Flu & Batuk,Cough & Cold,O012,Balikpapan Health Mart,Kalimantan,Balikpapan,162,124,124,0,10.8
2024-01-13,P003,Hemaviton C1000,Vitamin,O012,Balikpapan Health Mart,Kalimantan,Balikpapan,116,84,84,0,7.4
2024-01-13,P004,Vidoran Smart,Multivitamin,O012,Balikpapan Health Mart,Kalimantan,Balikpapan,165,129,129,0,14.6
2024-01-13,P005,Marina Skin Care,Skin Care,O012,Balikpapan Health Mart,Kalimantan,Balikpapan,106,88,88,0,8.6
2024-01-13,P001,Tempra,Fever & Pain,O013,Makassar Prime Pharmacy,Sulawesi,Makassar,117,103,103,0,9.1
2024-01-13,P002,Bodrex Flu & Batuk,Cough & Cold,O013,Makassar Prime Pharmacy,Sulawesi,Makassar,119,84,84,0,10.3
2024-01-13,P003,Hemaviton C1000,Vitamin,O013,Makassar Prime Pharmacy,Sulawesi,Makassar,140,112,112,0,9.8
2024-01-13,P004,Vidoran Smart,Multivitamin,O013,Makassar Prime Pharmacy,Sulawesi,Makassar,153,122,122,0,12.1
2024-01-13,P005,Marina Skin Care,Skin Care,O013,Makassar Prime Pharmacy,Sulawesi,Makassar,85,70,70,0,5.5
2024-01-13,P001,Tempra,Fever & Pain,O014,Makassar Health Mart,Sulawesi,Makassar,104,82,82,0,7.9
2024-01-13,P002,Bodrex Flu & Batuk,Cough & Cold,O014,Makassar Health Mart,Sulawesi,Makassar,130,86,86,0,7.2
2024-01-13,P003,Hemaviton C1000,Vitamin,O014,Makassar Health Mart,Sulawesi,Makassar,107,74,74,0,7.6
2024-01-13,P004,Vidoran Smart,Multivitamin,O014,Makassar Health Mart,Sulawesi,Makassar,184,145,145,0,10.0
2024-01-13,P005,Marina Skin Care,Skin Care,O014,Makassar Health Mart,Sulawesi,Makassar,89,72,72,0,6.8
2024-01-14,P001,Tempra,Fever & Pain,O001,Bandung Prime Pharmacy,Jawa Barat,Bandung,143,116,116,0,11.6
2024-01-14,P002,Bodrex Flu & Batuk,Cough & Cold,O001,Bandung Prime Pharmacy,Jawa Barat,Bandung,130,96,96,0,10.2
2024-01-14,P003,Hemaviton C1000,Vitamin,O001,Bandung Prime Pharmacy,Jawa Barat,Bandung,118,102,102,0,12.7
2024-01-14,P004,Vidoran Smart,Multivitamin,O001,Bandung Prime Pharmacy,Jawa Barat,Bandung,144,110,110,0,13.5
2024-01-14,P005,Marina Skin Care,Skin Care,O001,Bandung Prime Pharmacy,Jawa Barat,Bandung,169,135,135,0,14.7
2024-01-14,P001,Tempra,Fever & Pain,O002,Bandung Health Mart,Jawa Barat,Bandung,130,116,116,0,10.4
2024-01-14,P002,Bodrex Flu & Batuk,Cough & Cold,O002,Bandung Health Mart,Jawa Barat,Bandung,123,80,80,0,6.6
2024-01-14,P003,Hemaviton C1000,Vitamin,O002,Bandung Health Mart,Jawa Barat,Bandung,134,96,96,0,10.6
2024-01-14,P004,Vidoran Smart,Multivitamin,O002,Bandung Health Mart,Jawa Barat,Bandung,149,121,121,0,10.2
2024-01-14,P005,Marina Skin Care,Skin Care,O002,Bandung Health Mart,Jawa Barat,Bandung,98,65,65,0,5.0
2024-01-14,P001,Tempra,Fever & Pain,O003,Bekasi Prime Pharmacy,Jawa Barat,Bekasi,135,102,102,0,8.5
2024-01-14,P002,Bodrex Flu & Batuk,Cough & Cold,O003,Bekasi Prime Pharmacy,Jawa Barat,Bekasi,140,105,105,0,8.9
2024-01-14,P003,Hemaviton C1000,Vitamin,O003,Bekasi Prime Pharmacy,Jawa Barat,Bekasi,114,102,102,0,10.8
2024-01-14,P004,Vidoran Smart,Multivitamin,O003,Bekasi Prime Pharmacy,Jawa Barat,Bekasi,104,85,85,0,7.6
2024-01-14,P005,Marina Skin Care,Skin Care,O003,Bekasi Prime Pharmacy,Jawa Barat,Bekasi,111,98,98,0,10.1
2024-01-14,P001,Tempra,Fever & Pain,O004,Bekasi Health Mart,Jawa Barat,Bekasi,119,107,107,0,7.4
2024-01-14,P002,Bodrex Flu & Batuk,Cough & Cold,O004,Bekasi Health Mart,Jawa Barat,Bekasi,124,89,89,0,8.6
2024-01-14,P003,Hemaviton C1000,Vitamin,O004,Bekasi Health Mart,Jawa Barat,Bekasi,136,94,94,0,11.1
2024-01-14,P004,Vidoran Smart,Multivitamin,O004,Bekasi Health Mart,Jawa Barat,Bekasi,132,114,114,0,12.2
2024-01-14,P005,Marina Skin Care,Skin Care,O004,Bekasi Health Mart,Jawa Barat,Bekasi,114,100,100,0,10.5
2024-01-14,P001,Tempra,Fever & Pain,O005,Surabaya Prime Pharmacy,Jawa Timur,Surabaya,76,45,45,0,3.6
2024-01-14,P002,Bodrex Flu & Batuk,Cough & Cold,O005,Surabaya Prime Pharmacy,Jawa Timur,Surabaya,121,79,79,0,7.8
2024-01-14,P003,Hemaviton C1000,Vitamin,O005,Surabaya Prime Pharmacy,Jawa Timur,Surabaya,145,101,101,0,8.8
2024-01-14,P004,Vidoran Smart,Multivitamin,O005,Surabaya Prime Pharmacy,Jawa Timur,Surabaya,140,103,103,0,11.3
2024-01-14,P005,Marina Skin Care,Skin Care,O005,Surabaya Prime Pharmacy,Jawa Timur,Surabaya,103,83,83,0,6.8
2024-01-14,P001,Tempra,Fever & Pain,O006,Surabaya Health Mart,Jawa Timur,Surabaya,98,85,85,0,10.6
2024-01-14,P002,Bodrex Flu & Batuk,Cough & Cold,O006,Surabaya Health Mart,Jawa Timur,Surabaya,42,32,32,0,2.3
2024-01-14,P003,Hemaviton C1000,Vitamin,O006,Surabaya Health Mart,Jawa Timur,Surabaya,85,59,59,0,6.5
2024-01-14,P004,Vidoran Smart,Multivitamin,O006,Surabaya Health Mart,Jawa Timur,Surabaya,105,69,69,0,5.1
2024-01-14,P005,Marina Skin Care,Skin Care,O006,Surabaya Health Mart,Jawa Timur,Surabaya,77,58,58,0,4.4
2024-01-14,P001,Tempra,Fever & Pain,O007,Semarang Prime Pharmacy,Jawa Tengah,Semarang,155,122,122,0,13.4
2024-01-14,P002,Bodrex Flu & Batuk,Cough & Cold,O007,Semarang Prime Pharmacy,Jawa Tengah,Semarang,103,73,73,0,5.5
2024-01-14,P003,Hemaviton C1000,Vitamin,O007,Semarang Prime Pharmacy,Jawa Tengah,Semarang,149,107,107,0,8.8
2024-01-14,P004,Vidoran Smart,Multivitamin,O007,Semarang Prime Pharmacy,Jawa Tengah,Semarang,140,98,98,0,10.4
2024-01-14,P005,Marina Skin Care,Skin Care,O007,Semarang Prime Pharmacy,Jawa Tengah,Semarang,200,155,155,0,15.5
2024-01-14,P001,Tempra,Fever & Pain,O008,Semarang Health Mart,Jawa Tengah,Semarang,140,110,110,0,7.9
2024-01-14,P002,Bodrex Flu & Batuk,Cough & Cold,O008,Semarang Health Mart,Jawa Tengah,Semarang,108,95,95,0,6.5
2024-01-14,P003,Hemaviton C1000,Vitamin,O008,Semarang Health Mart,Jawa Tengah,Semarang,119,96,96,0,8.2
2024-01-14,P004,Vidoran Smart,Multivitamin,O008,Semarang Health Mart,Jawa Tengah,Semarang,110,84,84,0,9.1
2024-01-14,P005,Marina Skin Care,Skin Care,O008,Semarang Health Mart,Jawa Tengah,Semarang,115,96,96,0,6.8
2024-01-14,P001,Tempra,Fever & Pain,O009,Medan Prime Pharmacy,Sumatera,Medan,110,83,83,0,6.1
2024-01-14,P002,Bodrex Flu & Batuk,Cough & Cold,O009,Medan Prime Pharmacy,Sumatera,Medan,116,97,97,0,9.3
2024-01-14,P003,Hemaviton C1000,Vitamin,O009,Medan Prime Pharmacy,Sumatera,Medan,138,98,98,0,7.3
2024-01-14,P004,Vidoran Smart,Multivitamin,O009,Medan Prime Pharmacy,Sumatera,Medan,148,110,110,0,11.8
2024-01-14,P005,Marina Skin Care,Skin Care,O009,Medan Prime Pharmacy,Sumatera,Medan,138,98,98,0,8.6
2024-01-14,P001,Tempra,Fever & Pain,O010,Medan Health Mart,Sumatera,Medan,91,62,62,0,4.9
2024-01-14,P002,Bodrex Flu & Batuk,Cough & Cold,O010,Medan Health Mart,Sumatera,Medan,135,114,114,0,8.8
2024-01-14,P003,Hemaviton C1000,Vitamin,O010,Medan Health Mart,Sumatera,Medan,122,98,98,0,11.7
2024-01-14,P004,Vidoran Smart,Multivitamin,O010,Medan Health Mart,Sumatera,Medan,78,49,49,0,3.4
2024-01-14,P005,Marina Skin Care,Skin Care,O010,Medan Health Mart,Sumatera,Medan,152,126,126,0,13.8
2024-01-14,P001,Tempra,Fever & Pain,O011,Balikpapan Prime Pharmacy,Kalimantan,Balikpapan,133,91,91,0,9.4
2024-01-14,P002,Bodrex Flu & Batuk,Cough & Cold,O011,Balikpapan Prime Pharmacy,Kalimantan,Balikpapan,78,50,50,0,4.8
2024-01-14,P003,Hemaviton C1000,Vitamin,O011,Balikpapan Prime Pharmacy,Kalimantan,Balikpapan,119,101,101,0,8.4
2024-01-14,P004,Vidoran Smart,Multivitamin,O011,Balikpapan Prime Pharmacy,Kalimantan,Balikpapan,129,112,112,0,9.3
2024-01-14,P005,Marina Skin Care,Skin Care,O011,Balikpapan Prime Pharmacy,Kalimantan,Balikpapan,113,75,75,0,5.9
2024-01-14,P001,Tempra,Fever & Pain,O012,Balikpapan Health Mart,Kalimantan,Balikpapan,77,64,64,0,4.8
2024-01-14,P002,Bodrex Flu & Batuk,Cough & Cold,O012,Balikpapan Health Mart,Kalimantan,Balikpapan,99,75,75,0,6.7
2024-01-14,P003,Hemaviton C1000,Vitamin,O012,Balikpapan Health Mart,Kalimantan,Balikpapan,142,100,100,0,8.0
2024-01-14,P004,Vidoran Smart,Multivitamin,O012,Balikpapan Health Mart,Kalimantan,Balikpapan,134,109,109,0,8.2
2024-01-14,P005,Marina Skin Care,Skin Care,O012,Balikpapan Health Mart,Kalimantan,Balikpapan,120,84,84,0,7.0
2024-01-14,P001,Tempra,Fever & Pain,O013,Makassar Prime Pharmacy,Sulawesi,Makassar,102,80,80,0,5.6
2024-01-14,P002,Bodrex Flu & Batuk,Cough & Cold,O013,Makassar Prime Pharmacy,Sulawesi,Makassar,125,113,113,0,12.0
2024-01-14,P003,Hemaviton C1000,Vitamin,O013,Makassar Prime Pharmacy,Sulawesi,Makassar,70,32,32,0,2.2
2024-01-14,P004,Vidoran Smart,Multivitamin,O013,Makassar Prime Pharmacy,Sulawesi,Makassar,144,134,134,0,9.3
2024-01-14,P005,Marina Skin Care,Skin Care,O013,Makassar Prime Pharmacy,Sulawesi,Makassar,97,81,81,0,5.4
2024-01-14,P001,Tempra,Fever & Pain,O014,Makassar Health Mart,Sulawesi,Makassar,108,90,90,0,10.9
2024-01-14,P002,Bodrex Flu & Batuk,Cough & Cold,O014,Makassar Health Mart,Sulawesi,Makassar,145,109,109,0,12.4
2024-01-14,P003,Hemaviton C1000,Vitamin,O014,Makassar Health Mart,Sulawesi,Makassar,129,98,98,0,6.9
2024-01-14,P004,Vidoran Smart,Multivitamin,O014,Makassar Health Mart,Sulawesi,Makassar,130,95,95,0,9.4
2024-01-14,P005,Marina Skin Care,Skin Care,O014,Makassar Health Mart,Sulawesi,Makassar,108,90,90,0,10.8
2024-01-15,P001,Tempra,Fever & Pain,O001,Bandung Prime Pharmacy,Jawa Barat,Bandung,113,92,92,0,11.1
2024-01-15,P002,Bodrex Flu & Batuk,Cough & Cold,O001,Bandung Prime Pharmacy,Jawa Barat,Bandung,164,125,125,0,13.7
2024-01-15,P003,Hemaviton C1000,Vitamin,O001,Bandung Prime Pharmacy,Jawa Barat,Bandung,110,88,88,0,7.7
2024-01-15,P004,Vidoran Smart,Multivitamin,O001,Bandung Prime Pharmacy,Jawa Barat,Bandung,129,87,87,0,6.9
2024-01-15,P005,Marina Skin Care,Skin Care,O001,Bandung Prime Pharmacy,Jawa Barat,Bandung,82,52,52,0,4.9
2024-01-15,P001,Tempra,Fever & Pain,O002,Bandung Health Mart,Jawa Barat,Bandung,129,94,94,0,8.8
2024-01-15,P002,Bodrex Flu & Batuk,Cough & Cold,O002,Bandung Health Mart,Jawa Barat,Bandung,157,121,121,0,12.8
2024-01-15,P003,Hemaviton C1000,Vitamin,O002,Bandung Health Mart,Jawa Barat,Bandung,128,101,101,0,7.4
2024-01-15,P004,Vidoran Smart,Multivitamin,O002,Bandung Health Mart,Jawa Barat,Bandung,71,46,46,0,4.0
2024-01-15,P005,Marina Skin Care,Skin Care,O002,Bandung Health Mart,Jawa Barat,Bandung,132,103,103,0,9.5
2024-01-15,P001,Tempra,Fever & Pain,O003,Bekasi Prime Pharmacy,Jawa Barat,Bekasi,137,103,103,0,11.3
2024-01-15,P002,Bodrex Flu & Batuk,Cough & Cold,O003,Bekasi Prime Pharmacy,Jawa Barat,Bekasi,88,77,77,0,6.1
2024-01-15,P003,Hemaviton C1000,Vitamin,O003,Bekasi Prime Pharmacy,Jawa Barat,Bekasi,112,85,85,0,8.2
2024-01-15,P004,Vidoran Smart,Multivitamin,O003,Bekasi Prime Pharmacy,Jawa Barat,Bekasi,99,67,67,0,7.2
2024-01-15,P005,Marina Skin Care,Skin Care,O003,Bekasi Prime Pharmacy,Jawa Barat,Bekasi,122,100,100,0,10.3
2024-01-15,P001,Tempra,Fever & Pain,O004,Bekasi Health Mart,Jawa Barat,Bekasi,142,100,100,0,8.7
2024-01-15,P002,Bodrex Flu & Batuk,Cough & Cold,O004,Bekasi Health Mart,Jawa Barat,Bekasi,137,106,106,0,7.9
2024-01-15,P003,Hemaviton C1000,Vitamin,O004,Bekasi Health Mart,Jawa Barat,Bekasi,101,65,65,0,4.5
2024-01-15,P004,Vidoran Smart,Multivitamin,O004,Bekasi Health Mart,Jawa Barat,Bekasi,134,110,110,0,10.2
2024-01-15,P005,Marina Skin Care,Skin Care,O004,Bekasi Health Mart,Jawa Barat,Bekasi,138,107,107,0,10.3
2024-01-15,P001,Tempra,Fever & Pain,O005,Surabaya Prime Pharmacy,Jawa Timur,Surabaya,136,99,99,0,9.0
2024-01-15,P002,Bodrex Flu & Batuk,Cough & Cold,O005,Surabaya Prime Pharmacy,Jawa Timur,Surabaya,185,151,151,0,14.0
2024-01-15,P003,Hemaviton C1000,Vitamin,O005,Surabaya Prime Pharmacy,Jawa Timur,Surabaya,164,119,119,0,12.8
2024-01-15,P004,Vidoran Smart,Multivitamin,O005,Surabaya Prime Pharmacy,Jawa Timur,Surabaya,132,103,103,0,7.2
2024-01-15,P005,Marina Skin Care,Skin Care,O005,Surabaya Prime Pharmacy,Jawa Timur,Surabaya,80,67,67,0,7.7
2024-01-15,P001,Tempra,Fever & Pain,O006,Surabaya Health Mart,Jawa Timur,Surabaya,160,122,122,0,8.2
2024-01-15,P002,Bodrex Flu & Batuk,Cough & Cold,O006,Surabaya Health Mart,Jawa Timur,Surabaya,108,69,69,0,8.0
2024-01-15,P003,Hemaviton C1000,Vitamin,O006,Surabaya Health Mart,Jawa Timur,Surabaya,97,75,75,0,5.1
2024-01-15,P004,Vidoran Smart,Multivitamin,O006,Surabaya Health Mart,Jawa Timur,Surabaya,144,125,125,0,11.6
2024-01-15,P005,Marina Skin Care,Skin Care,O006,Surabaya Health Mart,Jawa Timur,Surabaya,132,99,99,0,7.9
2024-01-15,P001,Tempra,Fever & Pain,O007,Semarang Prime Pharmacy,Jawa Tengah,Semarang,157,120,120,0,11.6
2024-01-15,P002,Bodrex Flu & Batuk,Cough & Cold,O007,Semarang Prime Pharmacy,Jawa Tengah,Semarang,91,77,77,0,5.3
2024-01-15,P003,Hemaviton C1000,Vitamin,O007,Semarang Prime Pharmacy,Jawa Tengah,Semarang,153,118,118,0,10.0
2024-01-15,P004,Vidoran Smart,Multivitamin,O007,Semarang Prime Pharmacy,Jawa Tengah,Semarang,97,60,60,0,4.9
2024-01-15,P005,Marina Skin Care,Skin Care,O007,Semarang Prime Pharmacy,Jawa Tengah,Semarang,186,152,152,0,13.0
2024-01-15,P001,Tempra,Fever & Pain,O008,Semarang Health Mart,Jawa Tengah,Semarang,140,104,104,0,8.4
2024-01-15,P002,Bodrex Flu & Batuk,Cough & Cold,O008,Semarang Health Mart,Jawa Tengah,Semarang,115,97,97,0,8.0
2024-01-15,P003,Hemaviton C1000,Vitamin,O008,Semarang Health Mart,Jawa Tengah,Semarang,96,70,70,0,8.6
2024-01-15,P004,Vidoran Smart,Multivitamin,O008,Semarang Health Mart,Jawa Tengah,Semarang,154,115,115,0,9.7
2024-01-15,P005,Marina Skin Care,Skin Care,O008,Semarang Health Mart,Jawa Tengah,Semarang,112,82,82,0,9.2
2024-01-15,P001,Tempra,Fever & Pain,O009,Medan Prime Pharmacy,Sumatera,Medan,124,89,89,0,8.8
2024-01-15,P002,Bodrex Flu & Batuk,Cough & Cold,O009,Medan Prime Pharmacy,Sumatera,Medan,147,106,106,0,8.4
2024-01-15,P003,Hemaviton C1000,Vitamin,O009,Medan Prime Pharmacy,Sumatera,Medan,98,67,67,0,5.1
2024-01-15,P004,Vidoran Smart,Multivitamin,O009,Medan Prime Pharmacy,Sumatera,Medan,140,110,110,0,10.1
2024-01-15,P005,Marina Skin Care,Skin Care,O009,Medan Prime Pharmacy,Sumatera,Medan,180,139,139,0,14.4
2024-01-15,P001,Tempra,Fever & Pain,O010,Medan Health Mart,Sumatera,Medan,132,112,112,0,13.0
2024-01-15,P002,Bodrex Flu & Batuk,Cough & Cold,O010,Medan Health Mart,Sumatera,Medan,144,126,126,0,12.2
2024-01-15,P003,Hemaviton C1000,Vitamin,O010,Medan Health Mart,Sumatera,Medan,175,155,155,0,17.4
2024-01-15,P004,Vidoran Smart,Multivitamin,O010,Medan Health Mart,Sumatera,Medan,113,82,82,0,5.9
2024-01-15,P005,Marina Skin Care,Skin Care,O010,Medan Health Mart,Sumatera,Medan,99,78,78,0,8.1
2024-01-15,P001,Tempra,Fever & Pain,O011,Balikpapan Prime Pharmacy,Kalimantan,Balikpapan,125,81,81,0,7.1
2024-01-15,P002,Bodrex Flu & Batuk,Cough & Cold,O011,Balikpapan Prime Pharmacy,Kalimantan,Balikpapan,116,72,72,0,7.0
2024-01-15,P003,Hemaviton C1000,Vitamin,O011,Balikpapan Prime Pharmacy,Kalimantan,Balikpapan,80,68,68,0,8.3
2024-01-15,P004,Vidoran Smart,Multivitamin,O011,Balikpapan Prime Pharmacy,Kalimantan,Balikpapan,98,70,70,0,7.5
2024-01-15,P005,Marina Skin Care,Skin Care,O011,Balikpapan Prime Pharmacy,Kalimantan,Balikpapan,140,114,114,0,13.3
2024-01-15,P001,Tempra,Fever & Pain,O012,Balikpapan Health Mart,Kalimantan,Balikpapan,133,109,109,0,10.5
2024-01-15,P002,Bodrex Flu & Batuk,Cough & Cold,O012,Balikpapan Health Mart,Kalimantan,Balikpapan,135,124,124,0,10.1
2024-01-15,P003,Hemaviton C1000,Vitamin,O012,Balikpapan Health Mart,Kalimantan,Balikpapan,125,85,85,0,7.0
2024-01-15,P004,Vidoran Smart,Multivitamin,O012,Balikpapan Health Mart,Kalimantan,Balikpapan,125,102,102,0,7.8
2024-01-15,P005,Marina Skin Care,Skin Care,O012,Balikpapan Health Mart,Kalimantan,Balikpapan,99,80,80,0,6.2
2024-01-15,P001,Tempra,Fever & Pain,O013,Makassar Prime Pharmacy,Sulawesi,Makassar,149,131,131,0,9.8
2024-01-15,P002,Bodrex Flu & Batuk,Cough & Cold,O013,Makassar Prime Pharmacy,Sulawesi,Makassar,145,109,109,0,13.0
2024-01-15,P003,Hemaviton C1000,Vitamin,O013,Makassar Prime Pharmacy,Sulawesi,Makassar,111,80,80,0,6.1
2024-01-15,P004,Vidoran Smart,Multivitamin,O013,Makassar Prime Pharmacy,Sulawesi,Makassar,99,68,68,0,8.3
2024-01-15,P005,Marina Skin Care,Skin Care,O013,Makassar Prime Pharmacy,Sulawesi,Makassar,136,106,106,0,7.5
2024-01-15,P001,Tempra,Fever & Pain,O014,Makassar Health Mart,Sulawesi,Makassar,128,94,94,0,8.8
2024-01-15,P002,Bodrex Flu & Batuk,Cough & Cold,O014,Makassar Health Mart,Sulawesi,Makassar,136,94,94,0,6.3
2024-01-15,P003,Hemaviton C1000,Vitamin,O014,Makassar Health Mart,Sulawesi,Makassar,100,82,82,0,8.7
2024-01-15,P004,Vidoran Smart,Multivitamin,O014,Makassar Health Mart,Sulawesi,Makassar,109,89,89,0,6.7
2024-01-15,P005,Marina Skin Care,Skin Care,O014,Makassar Health Mart,Sulawesi,Makassar,115,96,96,0,6.8
2024-01-16,P001,Tempra,Fever & Pain,O001,Bandung Prime Pharmacy,Jawa Barat,Bandung,122,105,105,0,8.4
2024-01-16,P002,Bodrex Flu & Batuk,Cough & Cold,O001,Bandung Prime Pharmacy,Jawa Barat,Bandung,137,118,118,0,9.8
2024-01-16,P003,Hemaviton C1000,Vitamin,O001,Bandung Prime Pharmacy,Jawa Barat,Bandung,129,96,96,0,7.4
2024-01-16,P004,Vidoran Smart,Multivitamin,O001,Bandung Prime Pharmacy,Jawa Barat,Bandung,144,109,109,0,10.9
2024-01-16,P005,Marina Skin Care,Skin Care,O001,Bandung Prime Pharmacy,Jawa Barat,Bandung,101,80,80,0,7.2
2024-01-16,P001,Tempra,Fever & Pain,O002,Bandung Health Mart,Jawa Barat,Bandung,143,100,100,0,10.3
2024-01-16,P002,Bodrex Flu & Batuk,Cough & Cold,O002,Bandung Health Mart,Jawa Barat,Bandung,103,64,64,0,5.5
2024-01-16,P003,Hemaviton C1000,Vitamin,O002,Bandung Health Mart,Jawa Barat,Bandung,96,84,84,0,8.9
2024-01-16,P004,Vidoran Smart,Multivitamin,O002,Bandung Health Mart,Jawa Barat,Bandung,102,87,87,0,10.7
2024-01-16,P005,Marina Skin Care,Skin Care,O002,Bandung Health Mart,Jawa Barat,Bandung,66,44,44,0,3.1
2024-01-16,P001,Tempra,Fever & Pain,O003,Bekasi Prime Pharmacy,Jawa Barat,Bekasi,170,131,131,0,12.1
2024-01-16,P002,Bodrex Flu & Batuk,Cough & Cold,O003,Bekasi Prime Pharmacy,Jawa Barat,Bekasi,72,54,54,0,4.1
2024-01-16,P003,Hemaviton C1000,Vitamin,O003,Bekasi Prime Pharmacy,Jawa Barat,Bekasi,109,80,80,0,6.0
2024-01-16,P004,Vidoran Smart,Multivitamin,O003,Bekasi Prime Pharmacy,Jawa Barat,Bekasi,90,72,72,0,8.0
2024-01-16,P005,Marina Skin Care,Skin Care,O003,Bekasi Prime Pharmacy,Jawa Barat,Bekasi,132,100,100,0,11.2
2024-01-16,P001,Tempra,Fever & Pain,O004,Bekasi Health Mart,Jawa Barat,Bekasi,97,79,79,0,8.3
2024-01-16,P002,Bodrex Flu & Batuk,Cough & Cold,O004,Bekasi Health Mart,Jawa Barat,Bekasi,138,125,125,0,11.3
2024-01-16,P003,Hemaviton C1000,Vitamin,O004,Bekasi Health Mart,Jawa Barat,Bekasi,127,107,107,0,7.8
2024-01-16,P004,Vidoran Smart,Multivitamin,O004,Bekasi Health Mart,Jawa Barat,Bekasi,109,80,80,0,6.5
2024-01-16,P005,Marina Skin Care,Skin Care,O004,Bekasi Health Mart,Jawa Barat,Bekasi,87,77,77,0,8.8
2024-01-16,P001,Tempra,Fever & Pain,O005,Surabaya Prime Pharmacy,Jawa Timur,Surabaya,150,107,107,0,12.9
2024-01-16,P002,Bodrex Flu & Batuk,Cough & Cold,O005,Surabaya Prime Pharmacy,Jawa Timur,Surabaya,138,102,102,0,9.1
2024-01-16,P003,Hemaviton C1000,Vitamin,O005,Surabaya Prime Pharmacy,Jawa Timur,Surabaya,130,93,93,0,10.0
2024-01-16,P004,Vidoran Smart,Multivitamin,O005,Surabaya Prime Pharmacy,Jawa Timur,Surabaya,111,89,89,0,7.3
2024-01-16,P005,Marina Skin Care,Skin Care,O005,Surabaya Prime Pharmacy,Jawa Timur,Surabaya,110,97,97,0,6.5
2024-01-16,P001,Tempra,Fever & Pain,O006,Surabaya Health Mart,Jawa Timur,Surabaya,102,91,91,0,6.9
2024-01-16,P002,Bodrex Flu & Batuk,Cough & Cold,O006,Surabaya Health Mart,Jawa Timur,Surabaya,110,89,89,0,10.7
2024-01-16,P003,Hemaviton C1000,Vitamin,O006,Surabaya Health Mart,Jawa Timur,Surabaya,96,74,74,0,6.6
2024-01-16,P004,Vidoran Smart,Multivitamin,O006,Surabaya Health Mart,Jawa Timur,Surabaya,99,78,78,0,5.8
2024-01-16,P005,Marina Skin Care,Skin Care,O006,Surabaya Health Mart,Jawa Timur,Surabaya,113,87,87,0,9.5
2024-01-16,P001,Tempra,Fever & Pain,O007,Semarang Prime Pharmacy,Jawa Tengah,Semarang,118,92,92,0,10.6
2024-01-16,P002,Bodrex Flu & Batuk,Cough & Cold,O007,Semarang Prime Pharmacy,Jawa Tengah,Semarang,109,90,90,0,6.3
2024-01-16,P003,Hemaviton C1000,Vitamin,O007,Semarang Prime Pharmacy,Jawa Tengah,Semarang,124,80,80,0,8.9
2024-01-16,P004,Vidoran Smart,Multivitamin,O007,Semarang Prime Pharmacy,Jawa Tengah,Semarang,117,106,106,0,10.8
2024-01-16,P005,Marina Skin Care,Skin Care,O007,Semarang Prime Pharmacy,Jawa Tengah,Semarang,149,122,122,0,9.0
2024-01-16,P001,Tempra,Fever & Pain,O008,Semarang Health Mart,Jawa Tengah,Semarang,169,137,137,0,14.3
2024-01-16,P002,Bodrex Flu & Batuk,Cough & Cold,O008,Semarang Health Mart,Jawa Tengah,Semarang,112,78,78,0,7.4
2024-01-16,P003,Hemaviton C1000,Vitamin,O008,Semarang Health Mart,Jawa Tengah,Semarang,123,89,89,0,8.3
2024-01-16,P004,Vidoran Smart,Multivitamin,O008,Semarang Health Mart,Jawa Tengah,Semarang,106,70,70,0,7.1
2024-01-16,P005,Marina Skin Care,Skin Care,O008,Semarang Health Mart,Jawa Tengah,Semarang,161,126,126,0,11.1
2024-01-16,P001,Tempra,Fever & Pain,O009,Medan Prime Pharmacy,Sumatera,Medan,111,91,91,0,6.1
2024-01-16,P002,Bodrex Flu & Batuk,Cough & Cold,O009,Medan Prime Pharmacy,Sumatera,Medan,103,72,72,0,5.3
2024-01-16,P003,Hemaviton C1000,Vitamin,O009,Medan Prime Pharmacy,Sumatera,Medan,124,88,88,0,8.1
2024-01-16,P004,Vidoran Smart,Multivitamin,O009,Medan Prime Pharmacy,Sumatera,Medan,146,136,136,0,9.7
2024-01-16,P005,Marina Skin Care,Skin Care,O009,Medan Prime Pharmacy,Sumatera,Medan,167,123,123,0,10.0
2024-01-16,P001,Tempra,Fever & Pain,O010,Medan Health Mart,Sumatera,Medan,115,85,85,0,6.2
2024-01-16,P002,Bodrex Flu & Batuk,Cough & Cold,O010,Medan Health Mart,Sumatera,Medan,152,115,115,0,9.0
2024-01-16,P003,Hemaviton C1000,Vitamin,O010,Medan Health Mart,Sumatera,Medan,145,112,112,0,9.2
2024-01-16,P004,Vidoran Smart,Multivitamin,O010,Medan Health Mart,Sumatera,Medan,132,87,87,0,7.1
2024-01-16,P005,Marina Skin Care,Skin Care,O010,Medan Health Mart,Sumatera,Medan,88,77,77,0,6.4
2024-01-16,P001,Tempra,Fever & Pain,O011,Balikpapan Prime Pharmacy,Kalimantan,Balikpapan,125,104,104,0,7.8
2024-01-16,P002,Bodrex Flu & Batuk,Cough & Cold,O011,Balikpapan Prime Pharmacy,Kalimantan,Balikpapan,67,48,48,0,4.8
2024-01-16,P003,Hemaviton C1000,Vitamin,O011,Balikpapan Prime Pharmacy,Kalimantan,Balikpapan,125,92,92,0,6.4
2024-01-16,P004,Vidoran Smart,Multivitamin,O011,Balikpapan Prime Pharmacy,Kalimantan,Balikpapan,124,84,84,0,6.5
2024-01-16,P005,Marina Skin Care,Skin Care,O011,Balikpapan Prime Pharmacy,Kalimantan,Balikpapan,99,79,79,0,6.3
2024-01-16,P001,Tempra,Fever & Pain,O012,Balikpapan Health Mart,Kalimantan,Balikpapan,149,105,105,0,12.6
2024-01-16,P002,Bodrex Flu & Batuk,Cough & Cold,O012,Balikpapan Health Mart,Kalimantan,Balikpapan,96,69,69,0,8.3
2024-01-16,P003,Hemaviton C1000,Vitamin,O012,Balikpapan Health Mart,Kalimantan,Balikpapan,163,125,125,0,12.5
2024-01-16,P004,Vidoran Smart,Multivitamin,O012,Balikpapan Health Mart,Kalimantan,Balikpapan,92,72,72,0,6.3
2024-01-16,P005,Marina Skin Care,Skin Care,O012,Balikpapan Health Mart,Kalimantan,Balikpapan,100,66,66,0,4.5
2024-01-16,P001,Tempra,Fever & Pain,O013,Makassar Prime Pharmacy,Sulawesi,Makassar,115,86,86,0,10.6
2024-01-16,P002,Bodrex Flu & Batuk,Cough & Cold,O013,Makassar Prime Pharmacy,Sulawesi,Makassar,131,110,110,0,11.1
2024-01-16,P003,Hemaviton C1000,Vitamin,O013,Makassar Prime Pharmacy,Sulawesi,Makassar,127,97,97,0,10.0
2024-01-16,P004,Vidoran Smart,Multivitamin,O013,Makassar Prime Pharmacy,Sulawesi,Makassar,102,83,83,0,5.8
2024-01-16,P005,Marina Skin Care,Skin Care,O013,Makassar Prime Pharmacy,Sulawesi,Makassar,156,112,112,0,8.5
2024-01-16,P001,Tempra,Fever & Pain,O014,Makassar Health Mart,Sulawesi,Makassar,95,50,50,0,4.3
2024-01-16,P002,Bodrex Flu & Batuk,Cough & Cold,O014,Makassar Health Mart,Sulawesi,Makassar,120,96,96,0,10.4
2024-01-16,P003,Hemaviton C1000,Vitamin,O014,Makassar Health Mart,Sulawesi,Makassar,125,91,91,0,10.3
2024-01-16,P004,Vidoran Smart,Multivitamin,O014,Makassar Health Mart,Sulawesi,Makassar,100,60,60,0,6.0
2024-01-16,P005,Marina Skin Care,Skin Care,O014,Makassar Health Mart,Sulawesi,Makassar,84,73,73,0,6.5
2024-01-17,P001,Tempra,Fever & Pain,O001,Bandung Prime Pharmacy,Jawa Barat,Bandung,82,48,48,0,4.4
2024-01-17,P002,Bodrex Flu & Batuk,Cough & Cold,O001,Bandung Prime Pharmacy,Jawa Barat,Bandung,159,115,115,0,11.2
2024-01-17,P003,Hemaviton C1000,Vitamin,O001,Bandung Prime Pharmacy,Jawa Barat,Bandung,107,72,72,0,7.9
2024-01-17,P004,Vidoran Smart,Multivitamin,O001,Bandung Prime Pharmacy,Jawa Barat,Bandung,101,87,87,0,8.2
2024-01-17,P005,Marina Skin Care,Skin Care,O001,Bandung Prime Pharmacy,Jawa Barat,Bandung,112,73,73,0,5.2
2024-01-17,P001,Tempra,Fever & Pain,O002,Bandung Health Mart,Jawa Barat,Bandung,40,26,26,0,1.9
2024-01-17,P002,Bodrex Flu & Batuk,Cough & Cold,O002,Bandung Health Mart,Jawa Barat,Bandung,98,53,53,0,5.9
2024-01-17,P003,Hemaviton C1000,Vitamin,O002,Bandung Health Mart,Jawa Barat,Bandung,109,83,83,0,6.4
2024-01-17,P004,Vidoran Smart,Multivitamin,O002,Bandung Health Mart,Jawa Barat,Bandung,169,128,128,0,9.3
2024-01-17,P005,Marina Skin Care,Skin Care,O002,Bandung Health Mart,Jawa Barat,Bandung,169,129,129,0,8.6
2024-01-17,P001,Tempra,Fever & Pain,O003,Bekasi Prime Pharmacy,Jawa Barat,Bekasi,108,93,93,0,10.4
2024-01-17,P002,Bodrex Flu & Batuk,Cough & Cold,O003,Bekasi Prime Pharmacy,Jawa Barat,Bekasi,136,121,121,0,13.7
2024-01-17,P003,Hemaviton C1000,Vitamin,O003,Bekasi Prime Pharmacy,Jawa Barat,Bekasi,178,140,140,0,16.7
2024-01-17,P004,Vidoran Smart,Multivitamin,O003,Bekasi Prime Pharmacy,Jawa Barat,Bekasi,121,79,79,0,6.6
2024-01-17,P005,Marina Skin Care,Skin Care,O003,Bekasi Prime Pharmacy,Jawa Barat,Bekasi,118,78,78,0,5.8
2024-01-17,P001,Tempra,Fever & Pain,O004,Bekasi Health Mart,Jawa Barat,Bekasi,98,84,84,0,10.2
2024-01-17,P002,Bodrex Flu & Batuk,Cough & Cold,O004,Bekasi Health Mart,Jawa Barat,Bekasi,118,93,93,0,9.0
2024-01-17,P003,Hemaviton C1000,Vitamin,O004,Bekasi Health Mart,Jawa Barat,Bekasi,164,135,135,0,9.3
2024-01-17,P004,Vidoran Smart,Multivitamin,O004,Bekasi Health Mart,Jawa Barat,Bekasi,119,81,81,0,5.6
2024-01-17,P005,Marina Skin Care,Skin Care,O004,Bekasi Health Mart,Jawa Barat,Bekasi,147,117,117,0,13.4
2024-01-17,P001,Tempra,Fever & Pain,O005,Surabaya Prime Pharmacy,Jawa Timur,Surabaya,130,99,99,0,7.3
2024-01-17,P002,Bodrex Flu & Batuk,Cough & Cold,O005,Surabaya Prime Pharmacy,Jawa Timur,Surabaya,109,94,94,0,7.4
2024-01-17,P003,Hemaviton C1000,Vitamin,O005,Surabaya Prime Pharmacy,Jawa Timur,Surabaya,122,92,92,0,10.5
2024-01-17,P004,Vidoran Smart,Multivitamin,O005,Surabaya Prime Pharmacy,Jawa Timur,Surabaya,128,87,87,0,10.0
2024-01-17,P005,Marina Skin Care,Skin Care,O005,Surabaya Prime Pharmacy,Jawa Timur,Surabaya,188,160,160,0,10.9
2024-01-17,P001,Tempra,Fever & Pain,O006,Surabaya Health Mart,Jawa Timur,Surabaya,143,115,115,0,13.6
2024-01-17,P002,Bodrex Flu & Batuk,Cough & Cold,O006,Surabaya Health Mart,Jawa Timur,Surabaya,92,73,73,0,8.8
2024-01-17,P003,Hemaviton C1000,Vitamin,O006,Surabaya Health Mart,Jawa Timur,Surabaya,151,117,117,0,9.0
2024-01-17,P004,Vidoran Smart,Multivitamin,O006,Surabaya Health Mart,Jawa Timur,Surabaya,74,41,41,0,2.9
2024-01-17,P005,Marina Skin Care,Skin Care,O006,Surabaya Health Mart,Jawa Timur,Surabaya,94,64,64,0,6.5
2024-01-17,P001,Tempra,Fever & Pain,O007,Semarang Prime Pharmacy,Jawa Tengah,Semarang,112,100,100,0,8.3
2024-01-17,P002,Bodrex Flu & Batuk,Cough & Cold,O007,Semarang Prime Pharmacy,Jawa Tengah,Semarang,104,87,87,0,10.1
2024-01-17,P003,Hemaviton C1000,Vitamin,O007,Semarang Prime Pharmacy,Jawa Tengah,Semarang,142,121,121,0,14.0
2024-01-17,P004,Vidoran Smart,Multivitamin,O007,Semarang Prime Pharmacy,Jawa Tengah,Semarang,125,92,92,0,8.8
2024-01-17,P005,Marina Skin Care,Skin Care,O007,Semarang Prime Pharmacy,Jawa Tengah,Semarang,130,110,110,0,12.7
2024-01-17,P001,Tempra,Fever & Pain,O008,Semarang Health Mart,Jawa Tengah,Semarang,112,95,95,0,8.2
2024-01-17,P002,Bodrex Flu & Batuk,Cough & Cold,O008,Semarang Health Mart,Jawa Tengah,Semarang,133,102,102,0,7.1
2024-01-17,P003,Hemaviton C1000,Vitamin,O008,Semarang Health Mart,Jawa Tengah,Semarang,128,97,97,0,6.6
2024-01-17,P004,Vidoran Smart,Multivitamin,O008,Semarang Health Mart,Jawa Tengah,Semarang,123,104,104,0,12.4
2024-01-17,P005,Marina Skin Care,Skin Care,O008,Semarang Health Mart,Jawa Tengah,Semarang,102,80,80,0,6.2
2024-01-17,P001,Tempra,Fever & Pain,O009,Medan Prime Pharmacy,Sumatera,Medan,75,59,59,0,6.1
2024-01-17,P002,Bodrex Flu & Batuk,Cough & Cold,O009,Medan Prime Pharmacy,Sumatera,Medan,161,137,137,0,9.4
2024-01-17,P003,Hemaviton C1000,Vitamin,O009,Medan Prime Pharmacy,Sumatera,Medan,134,120,120,0,10.6
2024-01-17,P004,Vidoran Smart,Multivitamin,O009,Medan Prime Pharmacy,Sumatera,Medan,47,33,33,0,2.7
2024-01-17,P005,Marina Skin Care,Skin Care,O009,Medan Prime Pharmacy,Sumatera,Medan,130,118,118,0,11.0
2024-01-17,P001,Tempra,Fever & Pain,O010,Medan Health Mart,Sumatera,Medan,127,90,90,0,8.4
2024-01-17,P002,Bodrex Flu & Batuk,Cough & Cold,O010,Medan Health Mart,Sumatera,Medan,68,53,53,0,5.3
2024-01-17,P003,Hemaviton C1000,Vitamin,O010,Medan Health Mart,Sumatera,Medan,125,113,113,0,9.6
2024-01-17,P004,Vidoran Smart,Multivitamin,O010,Medan Health Mart,Sumatera,Medan,109,87,87,0,7.3
2024-01-17,P005,Marina Skin Care,Skin Care,O010,Medan Health Mart,Sumatera,Medan,99,77,77,0,5.3
2024-01-17,P001,Tempra,Fever & Pain,O011,Balikpapan Prime Pharmacy,Kalimantan,Balikpapan,93,66,66,0,5.7
2024-01-17,P002,Bodrex Flu & Batuk,Cough & Cold,O011,Balikpapan Prime Pharmacy,Kalimantan,Balikpapan,158,118,118,0,7.9
2024-01-17,P003,Hemaviton C1000,Vitamin,O011,Balikpapan Prime Pharmacy,Kalimantan,Balikpapan,125,94,94,0,6.5
2024-01-17,P004,Vidoran Smart,Multivitamin,O011,Balikpapan Prime Pharmacy,Kalimantan,Balikpapan,113,92,92,0,10.5
2024-01-17,P005,Marina Skin Care,Skin Care,O011,Balikpapan Prime Pharmacy,Kalimantan,Balikpapan,129,85,85,0,7.0
2024-01-17,P001,Tempra,Fever & Pain,O012,Balikpapan Health Mart,Kalimantan,Balikpapan,102,78,78,0,8.9
2024-01-17,P002,Bodrex Flu & Batuk,Cough & Cold,O012,Balikpapan Health Mart,Kalimantan,Balikpapan,89,44,44,0,4.4
2024-01-17,P003,Hemaviton C1000,Vitamin,O012,Balikpapan Health Mart,Kalimantan,Balikpapan,125,112,112,0,12.7
2024-01-17,P004,Vidoran Smart,Multivitamin,O012,Balikpapan Health Mart,Kalimantan,Balikpapan,142,112,112,0,10.3
2024-01-17,P005,Marina Skin Care,Skin Care,O012,Balikpapan Health Mart,Kalimantan,Balikpapan,146,113,113,0,11.0
2024-01-17,P001,Tempra,Fever & Pain,O013,Makassar Prime Pharmacy,Sulawesi,Makassar,89,65,65,0,4.4
2024-01-17,P002,Bodrex Flu & Batuk,Cough & Cold,O013,Makassar Prime Pharmacy,Sulawesi,Makassar,141,109,109,0,8.4
2024-01-17,P003,Hemaviton C1000,Vitamin,O013,Makassar Prime Pharmacy,Sulawesi,Makassar,140,117,117,0,8.1
2024-01-17,P004,Vidoran Smart,Multivitamin,O013,Makassar Prime Pharmacy,Sulawesi,Makassar,76,52,52,0,3.9
2024-01-17,P005,Marina Skin Care,Skin Care,O013,Makassar Prime Pharmacy,Sulawesi,Makassar,139,97,97,0,7.1
2024-01-17,P001,Tempra,Fever & Pain,O014,Makassar Health Mart,Sulawesi,Makassar,128,83,83,0,6.7
2024-01-17,P002,Bodrex Flu & Batuk,Cough & Cold,O014,Makassar Health Mart,Sulawesi,Makassar,118,95,95,0,6.4
2024-01-17,P003,Hemaviton C1000,Vitamin,O014,Makassar Health Mart,Sulawesi,Makassar,101,82,82,0,6.3
2024-01-17,P004,Vidoran Smart,Multivitamin,O014,Makassar Health Mart,Sulawesi,Makassar,149,109,109,0,7.8
2024-01-17,P005,Marina Skin Care,Skin Care,O014,Makassar Health Mart,Sulawesi,Makassar,113,84,84,0,6.3
2024-01-18,P001,Tempra,Fever & Pain,O001,Bandung Prime Pharmacy,Jawa Barat,Bandung,86,72,72,0,7.1
2024-01-18,P002,Bodrex Flu & Batuk,Cough & Cold,O001,Bandung Prime Pharmacy,Jawa Barat,Bandung,129,98,98,0,9.5
2024-01-18,P003,Hemaviton C1000,Vitamin,O001,Bandung Prime Pharmacy,Jawa Barat,Bandung,116,96,96,0,8.7
2024-01-18,P004,Vidoran Smart,Multivitamin,O001,Bandung Prime Pharmacy,Jawa Barat,Bandung,125,90,90,0,8.0
2024-01-18,P005,Marina Skin Care,Skin Care,O001,Bandung Prime Pharmacy,Jawa Barat,Bandung,83,72,72,0,6.4
2024-01-18,P001,Tempra,Fever & Pain,O002,Bandung Health Mart,Jawa Barat,Bandung,133,104,104,0,11.0
2024-01-18,P002,Bodrex Flu & Batuk,Cough & Cold,O002,Bandung Health Mart,Jawa Barat,Bandung,86,75,75,0,5.6
2024-01-18,P003,Hemaviton C1000,Vitamin,O002,Bandung Health Mart,Jawa Barat,Bandung,112,83,83,0,7.0
2024-01-18,P004,Vidoran Smart,Multivitamin,O002,Bandung Health Mart,Jawa Barat,Bandung,105,94,94,0,8.7
2024-01-18,P005,Marina Skin Care,Skin Care,O002,Bandung Health Mart,Jawa Barat,Bandung,148,116,116,0,12.9
2024-01-18,P001,Tempra,Fever & Pain,O003,Bekasi Prime Pharmacy,Jawa Barat,Bekasi,103,73,73,0,5.9
2024-01-18,P002,Bodrex Flu & Batuk,Cough & Cold,O003,Bekasi Prime Pharmacy,Jawa Barat,Bekasi,190,162,162,0,12.3
2024-01-18,P003,Hemaviton C1000,Vitamin,O003,Bekasi Prime Pharmacy,Jawa Barat,Bekasi,114,90,90,0,7.5
2024-01-18,P004,Vidoran Smart,Multivitamin,O003,Bekasi Prime Pharmacy,Jawa Barat,Bekasi,143,120,120,0,8.0
2024-01-18,P005,Marina Skin Care,Skin Care,O003,Bekasi Prime Pharmacy,Jawa Barat,Bekasi,130,90,90,0,6.8
2024-01-18,P001,Tempra,Fever & Pain,O004,Bekasi Health Mart,Jawa Barat,Bekasi,93,83,83,0,10.0
2024-01-18,P002,Bodrex Flu & Batuk,Cough & Cold,O004,Bekasi Health Mart,Jawa Barat,Bekasi,163,124,124,0,12.0
2024-01-18,P003,Hemaviton C1000,Vitamin,O004,Bekasi Health Mart,Jawa Barat,Bekasi,143,120,120,0,8.2
2024-01-18,P004,Vidoran Smart,Multivitamin,O004,Bekasi Health Mart,Jawa Barat,Bekasi,133,113,113,0,7.8
2024-01-18,P005,Marina Skin Care,Skin Care,O004,Bekasi Health Mart,Jawa Barat,Bekasi,171,136,136,0,10.1
2024-01-18,P001,Tempra,Fever & Pain,O005,Surabaya Prime Pharmacy,Jawa Timur,Surabaya,162,121,121,0,10.9
2024-01-18,P002,Bodrex Flu & Batuk,Cough & Cold,O005,Surabaya Prime Pharmacy,Jawa Timur,Surabaya,117,72,72,0,5.9
2024-01-18,P003,Hemaviton C1000,Vitamin,O005,Surabaya Prime Pharmacy,Jawa Timur,Surabaya,138,103,103,0,8.6
2024-01-18,P004,Vidoran Smart,Multivitamin,O005,Surabaya Prime Pharmacy,Jawa Timur,Surabaya,114,104,104,0,9.4
2024-01-18,P005,Marina Skin Care,Skin Care,O005,Surabaya Prime Pharmacy,Jawa Timur,Surabaya,173,128,128,0,9.6
2024-01-18,P001,Tempra,Fever & Pain,O006,Surabaya Health Mart,Jawa Timur,Surabaya,85,74,74,0,8.6
2024-01-18,P002,Bodrex Flu & Batuk,Cough & Cold,O006,Surabaya Health Mart,Jawa Timur,Surabaya,127,87,87,0,7.0
2024-01-18,P003,Hemaviton C1000,Vitamin,O006,Surabaya Health Mart,Jawa Timur,Surabaya,72,34,34,0,3.7
2024-01-18,P004,Vidoran Smart,Multivitamin,O006,Surabaya Health Mart,Jawa Timur,Surabaya,133,91,91,0,7.0
2024-01-18,P005,Marina Skin Care,Skin Care,O006,Surabaya Health Mart,Jawa Timur,Surabaya,155,113,113,0,13.6
2024-01-18,P001,Tempra,Fever & Pain,O007,Semarang Prime Pharmacy,Jawa Tengah,Semarang,104,80,80,0,6.6
2024-01-18,P002,Bodrex Flu & Batuk,Cough & Cold,O007,Semarang Prime Pharmacy,Jawa Tengah,Semarang,88,54,54,0,4.1
2024-01-18,P003,Hemaviton C1000,Vitamin,O007,Semarang Prime Pharmacy,Jawa Tengah,Semarang,72,50,50,0,3.8
2024-01-18,P004,Vidoran Smart,Multivitamin,O007,Semarang Prime Pharmacy,Jawa Tengah,Semarang,166,135,135,0,16.7
2024-01-18,P005,Marina Skin Care,Skin Care,O007,Semarang Prime Pharmacy,Jawa Tengah,Semarang,114,93,93,0,8.6
2024-01-18,P001,Tempra,Fever & Pain,O008,Semarang Health Mart,Jawa Tengah,Semarang,151,132,132,0,16.3
2024-01-18,P002,Bodrex Flu & Batuk,Cough & Cold,O008,Semarang Health Mart,Jawa Tengah,Semarang,167,131,131,0,13.7
2024-01-18,P003,Hemaviton C1000,Vitamin,O008,Semarang Health Mart,Jawa Tengah,Semarang,74,53,53,0,6.4
2024-01-18,P004,Vidoran Smart,Multivitamin,O008,Semarang Health Mart,Jawa Tengah,Semarang,114,90,90,0,7.0
2024-01-18,P005,Marina Skin Care,Skin Care,O008,Semarang Health Mart,Jawa Tengah,Semarang,168,124,124,0,13.7
2024-01-18,P001,Tempra,Fever & Pain,O009,Medan Prime Pharmacy,Sumatera,Medan,105,95,95,0,11.4
2024-01-18,P002,Bodrex Flu & Batuk,Cough & Cold,O009,Medan Prime Pharmacy,Sumatera,Medan,84,49,49,0,3.7
2024-01-18,P003,Hemaviton C1000,Vitamin,O009,Medan Prime Pharmacy,Sumatera,Medan,120,92,92,0,10.1
2024-01-18,P004,Vidoran Smart,Multivitamin,O009,Medan Prime Pharmacy,Sumatera,Medan,122,103,103,0,7.5
2024-01-18,P005,Marina Skin Care,Skin Care,O009,Medan Prime Pharmacy,Sumatera,Medan,110,90,90,0,7.0
2024-01-18,P001,Tempra,Fever & Pain,O010,Medan Health Mart,Sumatera,Medan,140,97,97,0,6.8
2024-01-18,P002,Bodrex Flu & Batuk,Cough & Cold,O010,Medan Health Mart,Sumatera,Medan,129,90,90,0,6.8
2024-01-18,P003,Hemaviton C1000,Vitamin,O010,Medan Health Mart,Sumatera,Medan,117,81,81,0,5.7
2024-01-18,P004,Vidoran Smart,Multivitamin,O010,Medan Health Mart,Sumatera,Medan,109,95,95,0,10.2
2024-01-18,P005,Marina Skin Care,Skin Care,O010,Medan Health Mart,Sumatera,Medan,108,94,94,0,8.0
2024-01-18,P001,Tempra,Fever & Pain,O011,Balikpapan Prime Pharmacy,Kalimantan,Balikpapan,155,111,111,0,9.5
2024-01-18,P002,Bodrex Flu & Batuk,Cough & Cold,O011,Balikpapan Prime Pharmacy,Kalimantan,Balikpapan,168,124,124,0,9.9
2024-01-18,P003,Hemaviton C1000,Vitamin,O011,Balikpapan Prime Pharmacy,Kalimantan,Balikpapan,116,84,84,0,7.0
2024-01-18,P004,Vidoran Smart,Multivitamin,O011,Balikpapan Prime Pharmacy,Kalimantan,Balikpapan,142,104,104,0,7.9
2024-01-18,P005,Marina Skin Care,Skin Care,O011,Balikpapan Prime Pharmacy,Kalimantan,Balikpapan,101,91,91,0,7.7
2024-01-18,P001,Tempra,Fever & Pain,O012,Balikpapan Health Mart,Kalimantan,Balikpapan,127,98,98,0,11.2
2024-01-18,P002,Bodrex Flu & Batuk,Cough & Cold,O012,Balikpapan Health Mart,Kalimantan,Balikpapan,113,93,93,0,7.4
2024-01-18,P003,Hemaviton C1000,Vitamin,O012,Balikpapan Health Mart,Kalimantan,Balikpapan,128,115,115,0,14.2
2024-01-18,P004,Vidoran Smart,Multivitamin,O012,Balikpapan Health Mart,Kalimantan,Balikpapan,125,80,80,0,8.3
2024-01-18,P005,Marina Skin Care,Skin Care,O012,Balikpapan Health Mart,Kalimantan,Balikpapan,149,136,136,0,17.0
2024-01-18,P001,Tempra,Fever & Pain,O013,Makassar Prime Pharmacy,Sulawesi,Makassar,132,110,110,0,8.0
2024-01-18,P002,Bodrex Flu & Batuk,Cough & Cold,O013,Makassar Prime Pharmacy,Sulawesi,Makassar,117,105,105,0,12.8
2024-01-18,P003,Hemaviton C1000,Vitamin,O013,Makassar Prime Pharmacy,Sulawesi,Makassar,128,91,91,0,7.6
2024-01-18,P004,Vidoran Smart,Multivitamin,O013,Makassar Prime Pharmacy,Sulawesi,Makassar,146,116,116,0,8.0
2024-01-18,P005,Marina Skin Care,Skin Care,O013,Makassar Prime Pharmacy,Sulawesi,Makassar,139,111,111,0,8.7
2024-01-18,P001,Tempra,Fever & Pain,O014,Makassar Health Mart,Sulawesi,Makassar,115,83,83,0,8.7
2024-01-18,P002,Bodrex Flu & Batuk,Cough & Cold,O014,Makassar Health Mart,Sulawesi,Makassar,164,125,125,0,10.9
2024-01-18,P003,Hemaviton C1000,Vitamin,O014,Makassar Health Mart,Sulawesi,Makassar,111,79,79,0,8.8
2024-01-18,P004,Vidoran Smart,Multivitamin,O014,Makassar Health Mart,Sulawesi,Makassar,118,79,79,0,7.8
2024-01-18,P005,Marina Skin Care,Skin Care,O014,Makassar Health Mart,Sulawesi,Makassar,116,84,84,0,7.0
2024-01-19,P001,Tempra,Fever & Pain,O001,Bandung Prime Pharmacy,Jawa Barat,Bandung,66,52,52,0,4.1
2024-01-19,P002,Bodrex Flu & Batuk,Cough & Cold,O001,Bandung Prime Pharmacy,Jawa Barat,Bandung,158,118,118,0,10.0
2024-01-19,P003,Hemaviton C1000,Vitamin,O001,Bandung Prime Pharmacy,Jawa Barat,Bandung,143,101,101,0,12.1
2024-01-19,P004,Vidoran Smart,Multivitamin,O001,Bandung Prime Pharmacy,Jawa Barat,Bandung,173,138,138,0,11.4
2024-01-19,P005,Marina Skin Care,Skin Care,O001,Bandung Prime Pharmacy,Jawa Barat,Bandung,69,57,57,0,6.5
2024-01-19,P001,Tempra,Fever & Pain,O002,Bandung Health Mart,Jawa Barat,Bandung,118,75,75,0,7.5
2024-01-19,P002,Bodrex Flu & Batuk,Cough & Cold,O002,Bandung Health Mart,Jawa Barat,Bandung,153,120,120,0,8.7
2024-01-19,P003,Hemaviton C1000,Vitamin,O002,Bandung Health Mart,Jawa Barat,Bandung,185,141,141,0,11.5
2024-01-19,P004,Vidoran Smart,Multivitamin,O002,Bandung Health Mart,Jawa Barat,Bandung,103,77,77,0,5.3
2024-01-19,P005,Marina Skin Care,Skin Care,O002,Bandung Health Mart,Jawa Barat,Bandung,108,85,85,0,7.3
2024-01-19,P001,Tempra,Fever & Pain,O003,Bekasi Prime Pharmacy,Jawa Barat,Bekasi,131,111,111,0,8.0
2024-01-19,P002,Bodrex Flu & Batuk,Cough & Cold,O003,Bekasi Prime Pharmacy,Jawa Barat,Bekasi,101,59,59,0,5.0
2024-01-19,P003,Hemaviton C1000,Vitamin,O003,Bekasi Prime Pharmacy,Jawa Barat,Bekasi,154,110,110,0,12.4
2024-01-19,P004,Vidoran Smart,Multivitamin,O003,Bekasi Prime Pharmacy,Jawa Barat,Bekasi,145,103,103,0,7.9
2024-01-19,P005,Marina Skin Care,Skin Care,O003,Bekasi Prime Pharmacy,Jawa Barat,Bekasi,66,51,51,0,5.4
2024-01-19,P001,Tempra,Fever & Pain,O004,Bekasi Health Mart,Jawa Barat,Bekasi,162,125,125,0,14.5
2024-01-19,P002,Bodrex Flu & Batuk,Cough & Cold,O004,Bekasi Health Mart,Jawa Barat,Bekasi,93,81,81,0,6.4
2024-01-19,P003,Hemaviton C1000,Vitamin,O004,Bekasi Health Mart,Jawa Barat,Bekasi,128,107,107,0,9.2
2024-01-19,P004,Vidoran Smart,Multivitamin,O004,Bekasi Health Mart,Jawa Barat,Bekasi,80,51,51,0,4.7
2024-01-19,P005,Marina Skin Care,Skin Care,O004,Bekasi Health Mart,Jawa Barat,Bekasi,127,85,85,0,6.0
2024-01-19,P001,Tempra,Fever & Pain,O005,Surabaya Prime Pharmacy,Jawa Timur,Surabaya,74,64,64,0,5.3
2024-01-19,P002,Bodrex Flu & Batuk,Cough & Cold,O005,Surabaya Prime Pharmacy,Jawa Timur,Surabaya,147,116,116,0,9.9
2024-01-19,P003,Hemaviton C1000,Vitamin,O005,Surabaya Prime Pharmacy,Jawa Timur,Surabaya,130,118,118,0,12.5
2024-01-19,P004,Vidoran Smart,Multivitamin,O005,Surabaya Prime Pharmacy,Jawa Timur,Surabaya,85,57,57,0,4.3
2024-01-19,P005,Marina Skin Care,Skin Care,O005,Surabaya Prime Pharmacy,Jawa Timur,Surabaya,117,99,99,0,9.5
2024-01-19,P001,Tempra,Fever & Pain,O006,Surabaya Health Mart,Jawa Timur,Surabaya,133,106,106,0,8.0
2024-01-19,P002,Bodrex Flu & Batuk,Cough & Cold,O006,Surabaya Health Mart,Jawa Timur,Surabaya,149,120,120,0,13.8
2024-01-19,P003,Hemaviton C1000,Vitamin,O006,Surabaya Health Mart,Jawa Timur,Surabaya,128,105,105,0,11.3
2024-01-19,P004,Vidoran Smart,Multivitamin,O006,Surabaya Health Mart,Jawa Timur,Surabaya,119,90,90,0,8.4
2024-01-19,P005,Marina Skin Care,Skin Care,O006,Surabaya Health Mart,Jawa Timur,Surabaya,115,90,90,0,8.4
2024-01-19,P001,Tempra,Fever & Pain,O007,Semarang Prime Pharmacy,Jawa Tengah,Semarang,144,134,134,0,16.4
2024-01-19,P002,Bodrex Flu & Batuk,Cough & Cold,O007,Semarang Prime Pharmacy,Jawa Tengah,Semarang,154,140,140,0,11.1
2024-01-19,P003,Hemaviton C1000,Vitamin,O007,Semarang Prime Pharmacy,Jawa Tengah,Semarang,157,117,117,0,8.5
2024-01-19,P004,Vidoran Smart,Multivitamin,O007,Semarang Prime Pharmacy,Jawa Tengah,Semarang,72,37,37,0,4.6
2024-01-19,P005,Marina Skin Care,Skin Care,O007,Semarang Prime Pharmacy,Jawa Tengah,Semarang,91,80,80,0,8.5
2024-01-19,P001,Tempra,Fever & Pain,O008,Semarang Health Mart,Jawa Tengah,Semarang,115,97,97,0,9.8
2024-01-19,P002,Bodrex Flu & Batuk,Cough & Cold,O008,Semarang Health Mart,Jawa Tengah,Semarang,142,107,107,0,7.2
2024-01-19,P003,Hemaviton C1000,Vitamin,O008,Semarang Health Mart,Jawa Tengah,Semarang,130,117,117,0,8.2
2024-01-19,P004,Vidoran Smart,Multivitamin,O008,Semarang Health Mart,Jawa Tengah,Semarang,139,102,102,0,10.1
2024-01-19,P005,Marina Skin Care,Skin Care,O008,Semarang Health Mart,Jawa Tengah,Semarang,108,84,84,0,8.4
2024-01-19,P001,Tempra,Fever & Pain,O009,Medan Prime Pharmacy,Sumatera,Medan,158,136,136,0,10.3
2024-01-19,P002,Bodrex Flu & Batuk,Cough & Cold,O009,Medan Prime Pharmacy,Sumatera,Medan,196,168,168,0,12.7
2024-01-19,P003,Hemaviton C1000,Vitamin,O009,Medan Prime Pharmacy,Sumatera,Medan,68,53,53,0,5.0
2024-01-19,P004,Vidoran Smart,Multivitamin,O009,Medan Prime Pharmacy,Sumatera,Medan,84,72,72,0,6.7
2024-01-19,P005,Marina Skin Care,Skin Care,O009,Medan Prime Pharmacy,Sumatera,Medan,175,133,133,0,13.4
2024-01-19,P001,Tempra,Fever & Pain,O010,Medan Health Mart,Sumatera,Medan,100,74,74,0,7.2
2024-01-19,P002,Bodrex Flu & Batuk,Cough & Cold,O010,Medan Health Mart,Sumatera,Medan,106,72,72,0,4.9
2024-01-19,P003,Hemaviton C1000,Vitamin,O010,Medan Health Mart,Sumatera,Medan,126,108,108,0,8.3
2024-01-19,P004,Vidoran Smart,Multivitamin,O010,Medan Health Mart,Sumatera,Medan,81,67,67,0,5.8
2024-01-19,P005,Marina Skin Care,Skin Care,O010,Medan Health Mart,Sumatera,Medan,104,89,89,0,9.8
2024-01-19,P001,Tempra,Fever & Pain,O011,Balikpapan Prime Pharmacy,Kalimantan,Balikpapan,165,130,130,0,14.8
2024-01-19,P002,Bodrex Flu & Batuk,Cough & Cold,O011,Balikpapan Prime Pharmacy,Kalimantan,Balikpapan,119,98,98,0,10.4
2024-01-19,P003,Hemaviton C1000,Vitamin,O011,Balikpapan Prime Pharmacy,Kalimantan,Balikpapan,101,75,75,0,7.4
2024-01-19,P004,Vidoran Smart,Multivitamin,O011,Balikpapan Prime Pharmacy,Kalimantan,Balikpapan,134,103,103,0,10.7
2024-01-19,P005,Marina Skin Care,Skin Care,O011,Balikpapan Prime Pharmacy,Kalimantan,Balikpapan,111,81,81,0,6.1
2024-01-19,P001,Tempra,Fever & Pain,O012,Balikpapan Health Mart,Kalimantan,Balikpapan,126,91,91,0,6.2
2024-01-19,P002,Bodrex Flu & Batuk,Cough & Cold,O012,Balikpapan Health Mart,Kalimantan,Balikpapan,105,85,85,0,7.1
2024-01-19,P003,Hemaviton C1000,Vitamin,O012,Balikpapan Health Mart,Kalimantan,Balikpapan,120,97,97,0,9.6
2024-01-19,P004,Vidoran Smart,Multivitamin,O012,Balikpapan Health Mart,Kalimantan,Balikpapan,96,75,75,0,9.2
2024-01-19,P005,Marina Skin Care,Skin Care,O012,Balikpapan Health Mart,Kalimantan,Balikpapan,144,119,119,0,14.8
2024-01-19,P001,Tempra,Fever & Pain,O013,Makassar Prime Pharmacy,Sulawesi,Makassar,56,21,21,0,2.1
2024-01-19,P002,Bodrex Flu & Batuk,Cough & Cold,O013,Makassar Prime Pharmacy,Sulawesi,Makassar,102,77,77,0,5.5
2024-01-19,P003,Hemaviton C1000,Vitamin,O013,Makassar Prime Pharmacy,Sulawesi,Makassar,124,111,111,0,7.4
2024-01-19,P004,Vidoran Smart,Multivitamin,O013,Makassar Prime Pharmacy,Sulawesi,Makassar,110,93,93,0,9.6
2024-01-19,P005,Marina Skin Care,Skin Care,O013,Makassar Prime Pharmacy,Sulawesi,Makassar,130,117,117,0,9.0
2024-01-19,P001,Tempra,Fever & Pain,O014,Makassar Health Mart,Sulawesi,Makassar,124,93,93,0,7.9
2024-01-19,P002,Bodrex Flu & Batuk,Cough & Cold,O014,Makassar Health Mart,Sulawesi,Makassar,54,38,38,0,3.5
2024-01-19,P003,Hemaviton C1000,Vitamin,O014,Makassar Health Mart,Sulawesi,Makassar,123,106,106,0,9.0
2024-01-19,P004,Vidoran Smart,Multivitamin,O014,Makassar Health Mart,Sulawesi,Makassar,142,100,100,0,12.2
2024-01-19,P005,Marina Skin Care,Skin Care,O014,Makassar Health Mart,Sulawesi,Makassar,102,68,68,0,5.6
2024-01-20,P001,Tempra,Fever & Pain,O001,Bandung Prime Pharmacy,Jawa Barat,Bandung,159,126,126,0,9.8
2024-01-20,P002,Bodrex Flu & Batuk,Cough & Cold,O001,Bandung Prime Pharmacy,Jawa Barat,Bandung,63,51,51,0,3.4
2024-01-20,P003,Hemaviton C1000,Vitamin,O001,Bandung Prime Pharmacy,Jawa Barat,Bandung,136,112,112,0,13.7
2024-01-20,P004,Vidoran Smart,Multivitamin,O001,Bandung Prime Pharmacy,Jawa Barat,Bandung,117,72,72,0,4.8
2024-01-20,P005,Marina Skin Care,Skin Care,O001,Bandung Prime Pharmacy,Jawa Barat,Bandung,134,98,98,0,10.0
2024-01-20,P001,Tempra,Fever & Pain,O002,Bandung Health Mart,Jawa Barat,Bandung,86,42,42,0,3.1
2024-01-20,P002,Bodrex Flu & Batuk,Cough & Cold,O002,Bandung Health Mart,Jawa Barat,Bandung,168,129,129,0,14.1
2024-01-20,P003,Hemaviton C1000,Vitamin,O002,Bandung Health Mart,Jawa Barat,Bandung,121,105,105,0,12.8
2024-01-20,P004,Vidoran Smart,Multivitamin,O002,Bandung Health Mart,Jawa Barat,Bandung,98,74,74,0,6.3
2024-01-20,P005,Marina Skin Care,Skin Care,O002,Bandung Health Mart,Jawa Barat,Bandung,131,96,96,0,7.5
2024-01-20,P001,Tempra,Fever & Pain,O003,Bekasi Prime Pharmacy,Jawa Barat,Bekasi,153,130,130,0,8.9
2024-01-20,P002,Bodrex Flu & Batuk,Cough & Cold,O003,Bekasi Prime Pharmacy,Jawa Barat,Bekasi,151,140,140,0,10.3
2024-01-20,P003,Hemaviton C1000,Vitamin,O003,Bekasi Prime Pharmacy,Jawa Barat,Bekasi,144,125,125,0,11.0
2024-01-20,P004,Vidoran Smart,Multivitamin,O003,Bekasi Prime Pharmacy,Jawa Barat,Bekasi,123,83,83,0,7.2
2024-01-20,P005,Marina Skin Care,Skin Care,O003,Bekasi Prime Pharmacy,Jawa Barat,Bekasi,119,101,101,0,9.0
2024-01-20,P001,Tempra,Fever & Pain,O004,Bekasi Health Mart,Jawa Barat,Bekasi,159,118,118,0,13.5
2024-01-20,P002,Bodrex Flu & Batuk,Cough & Cold,O004,Bekasi Health Mart,Jawa Barat,Bekasi,89,66,66,0,5.5
2024-01-20,P003,Hemaviton C1000,Vitamin,O004,Bekasi Health Mart,Jawa Barat,Bekasi,150,109,109,0,7.9
2024-01-20,P004,Vidoran Smart,Multivitamin,O004,Bekasi Health Mart,Jawa Barat,Bekasi,134,122,122,0,12.2
2024-01-20,P005,Marina Skin Care,Skin Care,O004,Bekasi Health Mart,Jawa Barat,Bekasi,96,71,71,0,4.9
2024-01-20,P001,Tempra,Fever & Pain,O005,Surabaya Prime Pharmacy,Jawa Timur,Surabaya,113,89,89,0,10.0
2024-01-20,P002,Bodrex Flu & Batuk,Cough & Cold,O005,Surabaya Prime Pharmacy,Jawa Timur,Surabaya,115,78,78,0,9.3
2024-01-20,P003,Hemaviton C1000,Vitamin,O005,Surabaya Prime Pharmacy,Jawa Timur,Surabaya,116,78,78,0,6.0
2024-01-20,P004,Vidoran Smart,Multivitamin,O005,Surabaya Prime Pharmacy,Jawa Timur,Surabaya,94,78,78,0,6.5
2024-01-20,P005,Marina Skin Care,Skin Care,O005,Surabaya Prime Pharmacy,Jawa Timur,Surabaya,143,122,122,0,8.5
2024-01-20,P001,Tempra,Fever & Pain,O006,Surabaya Health Mart,Jawa Timur,Surabaya,95,78,78,0,6.3
2024-01-20,P002,Bodrex Flu & Batuk,Cough & Cold,O006,Surabaya Health Mart,Jawa Timur,Surabaya,91,66,66,0,7.1
2024-01-20,P003,Hemaviton C1000,Vitamin,O006,Surabaya Health Mart,Jawa Timur,Surabaya,93,66,66,0,5.0
2024-01-20,P004,Vidoran Smart,Multivitamin,O006,Surabaya Health Mart,Jawa Timur,Surabaya,119,79,79,0,7.0
2024-01-20,P005,Marina Skin Care,Skin Care,O006,Surabaya Health Mart,Jawa Timur,Surabaya,113,95,95,0,10.3
2024-01-20,P001,Tempra,Fever & Pain,O007,Semarang Prime Pharmacy,Jawa Tengah,Semarang,95,76,76,0,5.9
2024-01-20,P002,Bodrex Flu & Batuk,Cough & Cold,O007,Semarang Prime Pharmacy,Jawa Tengah,Semarang,131,109,109,0,11.9
2024-01-20,P003,Hemaviton C1000,Vitamin,O007,Semarang Prime Pharmacy,Jawa Tengah,Semarang,180,139,139,0,9.6
2024-01-20,P004,Vidoran Smart,Multivitamin,O007,Semarang Prime Pharmacy,Jawa Tengah,Semarang,139,109,109,0,8.4
2024-01-20,P005,Marina Skin Care,Skin Care,O007,Semarang Prime Pharmacy,Jawa Tengah,Semarang,169,124,124,0,11.3
2024-01-20,P001,Tempra,Fever & Pain,O008,Semarang Health Mart,Jawa Tengah,Semarang,99,67,67,0,5.1
2024-01-20,P002,Bodrex Flu & Batuk,Cough & Cold,O008,Semarang Health Mart,Jawa Tengah,Semarang,137,117,117,0,11.1
2024-01-20,P003,Hemaviton C1000,Vitamin,O008,Semarang Health Mart,Jawa Tengah,Semarang,138,117,117,0,11.2
2024-01-20,P004,Vidoran Smart,Multivitamin,O008,Semarang Health Mart,Jawa Tengah,Semarang,160,135,135,0,9.3
2024-01-20,P005,Marina Skin Care,Skin Care,O008,Semarang Health Mart,Jawa Tengah,Semarang,111,80,80,0,5.8
2024-01-20,P001,Tempra,Fever & Pain,O009,Medan Prime Pharmacy,Sumatera,Medan,140,96,96,0,7.8
2024-01-20,P002,Bodrex Flu & Batuk,Cough & Cold,O009,Medan Prime Pharmacy,Sumatera,Medan,147,135,135,0,13.2
2024-01-20,P003,Hemaviton C1000,Vitamin,O009,Medan Prime Pharmacy,Sumatera,Medan,155,116,116,0,12.6
2024-01-20,P004,Vidoran Smart,Multivitamin,O009,Medan Prime Pharmacy,Sumatera,Medan,122,96,96,0,9.6
2024-01-20,P005,Marina Skin Care,Skin Care,O009,Medan Prime Pharmacy,Sumatera,Medan,158,118,118,0,8.1
2024-01-20,P001,Tempra,Fever & Pain,O010,Medan Health Mart,Sumatera,Medan,108,77,77,0,8.8
2024-01-20,P002,Bodrex Flu & Batuk,Cough & Cold,O010,Medan Health Mart,Sumatera,Medan,134,93,93,0,10.1
2024-01-20,P003,Hemaviton C1000,Vitamin,O010,Medan Health Mart,Sumatera,Medan,137,113,113,0,10.6
2024-01-20,P004,Vidoran Smart,Multivitamin,O010,Medan Health Mart,Sumatera,Medan,131,101,101,0,8.9
2024-01-20,P005,Marina Skin Care,Skin Care,O010,Medan Health Mart,Sumatera,Medan,180,143,143,0,17.1
2024-01-20,P001,Tempra,Fever & Pain,O011,Balikpapan Prime Pharmacy,Kalimantan,Balikpapan,127,95,95,0,6.7
2024-01-20,P002,Bodrex Flu & Batuk,Cough & Cold,O011,Balikpapan Prime Pharmacy,Kalimantan,Balikpapan,63,48,48,0,4.1
2024-01-20,P003,Hemaviton C1000,Vitamin,O011,Balikpapan Prime Pharmacy,Kalimantan,Balikpapan,95,50,50,0,4.7
2024-01-20,P004,Vidoran Smart,Multivitamin,O011,Balikpapan Prime Pharmacy,Kalimantan,Balikpapan,143,108,108,0,9.5
2024-01-20,P005,Marina Skin Care,Skin Care,O011,Balikpapan Prime Pharmacy,Kalimantan,Balikpapan,92,77,77,0,6.3
2024-01-20,P001,Tempra,Fever & Pain,O012,Balikpapan Health Mart,Kalimantan,Balikpapan,115,86,86,0,6.7
2024-01-20,P002,Bodrex Flu & Batuk,Cough & Cold,O012,Balikpapan Health Mart,Kalimantan,Balikpapan,92,74,74,0,5.4
2024-01-20,P003,Hemaviton C1000,Vitamin,O012,Balikpapan Health Mart,Kalimantan,Balikpapan,84,71,71,0,5.3
2024-01-20,P004,Vidoran Smart,Multivitamin,O012,Balikpapan Health Mart,Kalimantan,Balikpapan,159,139,139,0,12.2
2024-01-20,P005,Marina Skin Care,Skin Care,O012,Balikpapan Health Mart,Kalimantan,Balikpapan,119,93,93,0,10.1
2024-01-20,P001,Tempra,Fever & Pain,O013,Makassar Prime Pharmacy,Sulawesi,Makassar,88,71,71,0,7.1
2024-01-20,P002,Bodrex Flu & Batuk,Cough & Cold,O013,Makassar Prime Pharmacy,Sulawesi,Makassar,86,66,66,0,4.5
2024-01-20,P003,Hemaviton C1000,Vitamin,O013,Makassar Prime Pharmacy,Sulawesi,Makassar,112,70,70,0,5.0
2024-01-20,P004,Vidoran Smart,Multivitamin,O013,Makassar Prime Pharmacy,Sulawesi,Makassar,115,89,89,0,6.3
2024-01-20,P005,Marina Skin Care,Skin Care,O013,Makassar Prime Pharmacy,Sulawesi,Makassar,115,77,77,0,5.4
2024-01-20,P001,Tempra,Fever & Pain,O014,Makassar Health Mart,Sulawesi,Makassar,133,105,105,0,7.6
2024-01-20,P002,Bodrex Flu & Batuk,Cough & Cold,O014,Makassar Health Mart,Sulawesi,Makassar,137,93,93,0,11.6
2024-01-20,P003,Hemaviton C1000,Vitamin,O014,Makassar Health Mart,Sulawesi,Makassar,129,104,104,0,8.4
2024-01-20,P004,Vidoran Smart,Multivitamin,O014,Makassar Health Mart,Sulawesi,Makassar,124,81,81,0,6.3
2024-01-20,P005,Marina Skin Care,Skin Care,O014,Makassar Health Mart,Sulawesi,Makassar,93,78,78,0,5.4
2024-01-21,P001,Tempra,Fever & Pain,O001,Bandung Prime Pharmacy,Jawa Barat,Bandung,110,82,82,0,8.5
2024-01-21,P002,Bodrex Flu & Batuk,Cough & Cold,O001,Bandung Prime Pharmacy,Jawa Barat,Bandung,126,99,99,0,7.8
2024-01-21,P003,Hemaviton C1000,Vitamin,O001,Bandung Prime Pharmacy,Jawa Barat,Bandung,124,88,88,0,9.7
2024-01-21,P004,Vidoran Smart,Multivitamin,O001,Bandung Prime Pharmacy,Jawa Barat,Bandung,173,132,132,0,8.9
2024-01-21,P005,Marina Skin Care,Skin Care,O001,Bandung Prime Pharmacy,Jawa Barat,Bandung,80,44,44,0,4.8
2024-01-21,P001,Tempra,Fever & Pain,O002,Bandung Health Mart,Jawa Barat,Bandung,177,132,132,0,10.0
2024-01-21,P002,Bodrex Flu & Batuk,Cough & Cold,O002,Bandung Health Mart,Jawa Barat,Bandung,161,136,136,0,15.7
2024-01-21,P003,Hemaviton C1000,Vitamin,O002,Bandung Health Mart,Jawa Barat,Bandung,119,80,80,0,5.5
2024-01-21,P004,Vidoran Smart,Multivitamin,O002,Bandung Health Mart,Jawa Barat,Bandung,147,106,106,0,10.3
2024-01-21,P005,Marina Skin Care,Skin Care,O002,Bandung Health Mart,Jawa Barat,Bandung,133,105,105,0,7.3
2024-01-21,P001,Tempra,Fever & Pain,O003,Bekasi Prime Pharmacy,Jawa Barat,Bekasi,116,81,81,0,9.1
2024-01-21,P002,Bodrex Flu & Batuk,Cough & Cold,O003,Bekasi Prime Pharmacy,Jawa Barat,Bekasi,115,82,82,0,8.4
2024-01-21,P003,Hemaviton C1000,Vitamin,O003,Bekasi Prime Pharmacy,Jawa Barat,Bekasi,121,96,96,0,7.1
2024-01-21,P004,Vidoran Smart,Multivitamin,O003,Bekasi Prime Pharmacy,Jawa Barat,Bekasi,114,92,92,0,7.4
2024-01-21,P005,Marina Skin Care,Skin Care,O003,Bekasi Prime Pharmacy,Jawa Barat,Bekasi,109,87,87,0,7.5
2024-01-21,P001,Tempra,Fever & Pain,O004,Bekasi Health Mart,Jawa Barat,Bekasi,100,89,89,0,8.0
2024-01-21,P002,Bodrex Flu & Batuk,Cough & Cold,O004,Bekasi Health Mart,Jawa Barat,Bekasi,147,102,102,0,7.3
2024-01-21,P003,Hemaviton C1000,Vitamin,O004,Bekasi Health Mart,Jawa Barat,Bekasi,107,62,62,0,4.6
2024-01-21,P004,Vidoran Smart,Multivitamin,O004,Bekasi Health Mart,Jawa Barat,Bekasi,120,85,85,0,10.2
2024-01-21,P005,Marina Skin Care,Skin Care,O004,Bekasi Health Mart,Jawa Barat,Bekasi,112,87,87,0,7.1
2024-01-21,P001,Tempra,Fever & Pain,O005,Surabaya Prime Pharmacy,Jawa Timur,Surabaya,155,120,120,0,9.4
2024-01-21,P002,Bodrex Flu & Batuk,Cough & Cold,O005,Surabaya Prime Pharmacy,Jawa Timur,Surabaya,116,79,79,0,6.1
2024-01-21,P003,Hemaviton C1000,Vitamin,O005,Surabaya Prime Pharmacy,Jawa Timur,Surabaya,170,133,133,0,11.7
2024-01-21,P004,Vidoran Smart,Multivitamin,O005,Surabaya Prime Pharmacy,Jawa Timur,Surabaya,136,108,108,0,7.7
2024-01-21,P005,Marina Skin Care,Skin Care,O005,Surabaya Prime Pharmacy,Jawa Timur,Surabaya,134,99,99,0,12.0
2024-01-21,P001,Tempra,Fever & Pain,O006,Surabaya Health Mart,Jawa Timur,Surabaya,146,106,106,0,8.1
2024-01-21,P002,Bodrex Flu & Batuk,Cough & Cold,O006,Surabaya Health Mart,Jawa Timur,Surabaya,87,60,60,0,5.5
2024-01-21,P003,Hemaviton C1000,Vitamin,O006,Surabaya Health Mart,Jawa Timur,Surabaya,111,77,77,0,9.0
2024-01-21,P004,Vidoran Smart,Multivitamin,O006,Surabaya Health Mart,Jawa Timur,Surabaya,90,80,80,0,7.5
2024-01-21,P005,Marina Skin Care,Skin Care,O006,Surabaya Health Mart,Jawa Timur,Surabaya,125,105,105,0,12.5
2024-01-21,P001,Tempra,Fever & Pain,O007,Semarang Prime Pharmacy,Jawa Tengah,Semarang,117,96,96,0,6.5
2024-01-21,P002,Bodrex Flu & Batuk,Cough & Cold,O007,Semarang Prime Pharmacy,Jawa Tengah,Semarang,124,106,106,0,12.8
2024-01-21,P003,Hemaviton C1000,Vitamin,O007,Semarang Prime Pharmacy,Jawa Tengah,Semarang,102,74,74,0,5.2
2024-01-21,P004,Vidoran Smart,Multivitamin,O007,Semarang Prime Pharmacy,Jawa Tengah,Semarang,83,73,73,0,7.6
2024-01-21,P005,Marina Skin Care,Skin Care,O007,Semarang Prime Pharmacy,Jawa Tengah,Semarang,124,110,110,0,10.4
2024-01-21,P001,Tempra,Fever & Pain,O008,Semarang Health Mart,Jawa Tengah,Semarang,154,111,111,0,10.0
2024-01-21,P002,Bodrex Flu & Batuk,Cough & Cold,O008,Semarang Health Mart,Jawa Tengah,Semarang,169,130,130,0,10.8
2024-01-21,P003,Hemaviton C1000,Vitamin,O008,Semarang Health Mart,Jawa Tengah,Semarang,143,120,120,0,10.9
2024-01-21,P004,Vidoran Smart,Multivitamin,O008,Semarang Health Mart,Jawa Tengah,Semarang,143,103,103,0,7.4
2024-01-21,P005,Marina Skin Care,Skin Care,O008,Semarang Health Mart,Jawa Tengah,Semarang,50,31,31,0,2.4
2024-01-21,P001,Tempra,Fever & Pain,O009,Medan Prime Pharmacy,Sumatera,Medan,156,117,117,0,11.0
2024-01-21,P002,Bodrex Flu & Batuk,Cough & Cold,O009,Medan Prime Pharmacy,Sumatera,Medan,64,43,43,0,5.3
2024-01-21,P003,Hemaviton C1000,Vitamin,O009,Medan Prime Pharmacy,Sumatera,Medan,93,83,83,0,6.1
2024-01-21,P004,Vidoran Smart,Multivitamin,O009,Medan Prime Pharmacy,Sumatera,Medan,101,87,87,0,9.2
2024-01-21,P005,Marina Skin Care,Skin Care,O009,Medan Prime Pharmacy,Sumatera,Medan,157,118,118,0,10.5
2024-01-21,P001,Tempra,Fever & Pain,O010,Medan Health Mart,Sumatera,Medan,113,80,80,0,9.6
2024-01-21,P002,Bodrex Flu & Batuk,Cough & Cold,O010,Medan Health Mart,Sumatera,Medan,170,143,143,0,17.6
2024-01-21,P003,Hemaviton C1000,Vitamin,O010,Medan Health Mart,Sumatera,Medan,123,111,111,0,11.4
2024-01-21,P004,Vidoran Smart,Multivitamin,O010,Medan Health Mart,Sumatera,Medan,114,91,91,0,10.4
2024-01-21,P005,Marina Skin Care,Skin Care,O010,Medan Health Mart,Sumatera,Medan,169,127,127,0,11.6
2024-01-21,P001,Tempra,Fever & Pain,O011,Balikpapan Prime Pharmacy,Kalimantan,Balikpapan,132,106,106,0,7.4
2024-01-21,P002,Bodrex Flu & Batuk,Cough & Cold,O011,Balikpapan Prime Pharmacy,Kalimantan,Balikpapan,131,107,107,0,11.0
2024-01-21,P003,Hemaviton C1000,Vitamin,O011,Balikpapan Prime Pharmacy,Kalimantan,Balikpapan,100,80,80,0,7.7
2024-01-21,P004,Vidoran Smart,Multivitamin,O011,Balikpapan Prime Pharmacy,Kalimantan,Balikpapan,126,95,95,0,7.5
2024-01-21,P005,Marina Skin Care,Skin Care,O011,Balikpapan Prime Pharmacy,Kalimantan,Balikpapan,95,68,68,0,6.3
2024-01-21,P001,Tempra,Fever & Pain,O012,Balikpapan Health Mart,Kalimantan,Balikpapan,119,81,81,0,8.9
2024-01-21,P002,Bodrex Flu & Batuk,Cough & Cold,O012,Balikpapan Health Mart,Kalimantan,Balikpapan,112,85,85,0,8.2
2024-01-21,P003,Hemaviton C1000,Vitamin,O012,Balikpapan Health Mart,Kalimantan,Balikpapan,106,72,72,0,6.2
2024-01-21,P004,Vidoran Smart,Multivitamin,O012,Balikpapan Health Mart,Kalimantan,Balikpapan,149,107,107,0,8.8
2024-01-21,P005,Marina Skin Care,Skin Care,O012,Balikpapan Health Mart,Kalimantan,Balikpapan,92,80,80,0,6.1
2024-01-21,P001,Tempra,Fever & Pain,O013,Makassar Prime Pharmacy,Sulawesi,Makassar,135,91,91,0,9.5
2024-01-21,P002,Bodrex Flu & Batuk,Cough & Cold,O013,Makassar Prime Pharmacy,Sulawesi,Makassar,142,101,101,0,11.3
2024-01-21,P003,Hemaviton C1000,Vitamin,O013,Makassar Prime Pharmacy,Sulawesi,Makassar,137,95,95,0,6.4
2024-01-21,P004,Vidoran Smart,Multivitamin,O013,Makassar Prime Pharmacy,Sulawesi,Makassar,77,67,67,0,7.3
2024-01-21,P005,Marina Skin Care,Skin Care,O013,Makassar Prime Pharmacy,Sulawesi,Makassar,119,97,97,0,7.0
2024-01-21,P001,Tempra,Fever & Pain,O014,Makassar Health Mart,Sulawesi,Makassar,128,91,91,0,6.9
2024-01-21,P002,Bodrex Flu & Batuk,Cough & Cold,O014,Makassar Health Mart,Sulawesi,Makassar,141,105,105,0,11.5
2024-01-21,P003,Hemaviton C1000,Vitamin,O014,Makassar Health Mart,Sulawesi,Makassar,133,90,90,0,9.5
2024-01-21,P004,Vidoran Smart,Multivitamin,O014,Makassar Health Mart,Sulawesi,Makassar,166,127,127,0,10.8
2024-01-21,P005,Marina Skin Care,Skin Care,O014,Makassar Health Mart,Sulawesi,Makassar,108,69,69,0,5.3
2024-01-22,P001,Tempra,Fever & Pain,O001,Bandung Prime Pharmacy,Jawa Barat,Bandung,124,97,97,0,6.9
2024-01-22,P002,Bodrex Flu & Batuk,Cough & Cold,O001,Bandung Prime Pharmacy,Jawa Barat,Bandung,99,69,69,0,6.8
2024-01-22,P003,Hemaviton C1000,Vitamin,O001,Bandung Prime Pharmacy,Jawa Barat,Bandung,99,70,70,0,6.6
2024-01-22,P004,Vidoran Smart,Multivitamin,O001,Bandung Prime Pharmacy,Jawa Barat,Bandung,116,76,76,0,7.0
2024-01-22,P005,Marina Skin Care,Skin Care,O001,Bandung Prime Pharmacy,Jawa Barat,Bandung,156,112,112,0,9.6
2024-01-22,P001,Tempra,Fever & Pain,O002,Bandung Health Mart,Jawa Barat,Bandung,132,120,120,0,8.5
2024-01-22,P002,Bodrex Flu & Batuk,Cough & Cold,O002,Bandung Health Mart,Jawa Barat,Bandung,115,76,76,0,5.3
2024-01-22,P003,Hemaviton C1000,Vitamin,O002,Bandung Health Mart,Jawa Barat,Bandung,112,102,102,0,7.5
2024-01-22,P004,Vidoran Smart,Multivitamin,O002,Bandung Health Mart,Jawa Barat,Bandung,128,113,113,0,9.7
2024-01-22,P005,Marina Skin Care,Skin Care,O002,Bandung Health Mart,Jawa Barat,Bandung,111,82,82,0,5.8
2024-01-22,P001,Tempra,Fever & Pain,O003,Bekasi Prime Pharmacy,Jawa Barat,Bekasi,139,95,95,0,7.8
2024-01-22,P002,Bodrex Flu & Batuk,Cough & Cold,O003,Bekasi Prime Pharmacy,Jawa Barat,Bekasi,87,50,50,0,4.3
2024-01-22,P003,Hemaviton C1000,Vitamin,O003,Bekasi Prime Pharmacy,Jawa Barat,Bekasi,127,97,97,0,8.5
2024-01-22,P004,Vidoran Smart,Multivitamin,O003,Bekasi Prime Pharmacy,Jawa Barat,Bekasi,123,107,107,0,9.3
2024-01-22,P005,Marina Skin Care,Skin Care,O003,Bekasi Prime Pharmacy,Jawa Barat,Bekasi,132,99,99,0,11.7
2024-01-22,P001,Tempra,Fever & Pain,O004,Bekasi Health Mart,Jawa Barat,Bekasi,125,104,104,0,7.9
2024-01-22,P002,Bodrex Flu & Batuk,Cough & Cold,O004,Bekasi Health Mart,Jawa Barat,Bekasi,129,109,109,0,12.8
2024-01-22,P003,Hemaviton C1000,Vitamin,O004,Bekasi Health Mart,Jawa Barat,Bekasi,109,96,96,0,7.4
2024-01-22,P004,Vidoran Smart,Multivitamin,O004,Bekasi Health Mart,Jawa Barat,Bekasi,106,95,95,0,6.9
2024-01-22,P005,Marina Skin Care,Skin Care,O004,Bekasi Health Mart,Jawa Barat,Bekasi,150,111,111,0,12.5
2024-01-22,P001,Tempra,Fever & Pain,O005,Surabaya Prime Pharmacy,Jawa Timur,Surabaya,126,102,102,0,10.3
2024-01-22,P002,Bodrex Flu & Batuk,Cough & Cold,O005,Surabaya Prime Pharmacy,Jawa Timur,Surabaya,98,84,84,0,8.2
2024-01-22,P003,Hemaviton C1000,Vitamin,O005,Surabaya Prime Pharmacy,Jawa Timur,Surabaya,138,104,104,0,7.6
2024-01-22,P004,Vidoran Smart,Multivitamin,O005,Surabaya Prime Pharmacy,Jawa Timur,Surabaya,106,86,86,0,6.9
2024-01-22,P005,Marina Skin Care,Skin Care,O005,Surabaya Prime Pharmacy,Jawa Timur,Surabaya,144,113,113,0,13.4
2024-01-22,P001,Tempra,Fever & Pain,O006,Surabaya Health Mart,Jawa Timur,Surabaya,143,133,133,0,13.2
2024-01-22,P002,Bodrex Flu & Batuk,Cough & Cold,O006,Surabaya Health Mart,Jawa Timur,Surabaya,161,122,122,0,10.4
2024-01-22,P003,Hemaviton C1000,Vitamin,O006,Surabaya Health Mart,Jawa Timur,Surabaya,132,119,119,0,9.2
2024-01-22,P004,Vidoran Smart,Multivitamin,O006,Surabaya Health Mart,Jawa Timur,Surabaya,86,70,70,0,4.8
2024-01-22,P005,Marina Skin Care,Skin Care,O006,Surabaya Health Mart,Jawa Timur,Surabaya,142,97,97,0,7.7
2024-01-22,P001,Tempra,Fever & Pain,O007,Semarang Prime Pharmacy,Jawa Tengah,Semarang,140,98,98,0,8.9
2024-01-22,P002,Bodrex Flu & Batuk,Cough & Cold,O007,Semarang Prime Pharmacy,Jawa Tengah,Semarang,138,102,102,0,9.0
2024-01-22,P003,Hemaviton C1000,Vitamin,O007,Semarang Prime Pharmacy,Jawa Tengah,Semarang,118,106,106,0,7.1
2024-01-22,P004,Vidoran Smart,Multivitamin,O007,Semarang Prime Pharmacy,Jawa Tengah,Semarang,102,79,79,0,8.1
2024-01-22,P005,Marina Skin Care,Skin Care,O007,Semarang Prime Pharmacy,Jawa Tengah,Semarang,135,107,107,0,10.4
2024-01-22,P001,Tempra,Fever & Pain,O008,Semarang Health Mart,Jawa Tengah,Semarang,86,73,73,0,5.6
2024-01-22,P002,Bodrex Flu & Batuk,Cough & Cold,O008,Semarang Health Mart,Jawa Tengah,Semarang,112,77,77,0,5.6
2024-01-22,P003,Hemaviton C1000,Vitamin,O008,Semarang Health Mart,Jawa Tengah,Semarang,123,98,98,0,6.9
2024-01-22,P004,Vidoran Smart,Multivitamin,O008,Semarang Health Mart,Jawa Tengah,Semarang,140,105,105,0,9.5
2024-01-22,P005,Marina Skin Care,Skin Care,O008,Semarang Health Mart,Jawa Tengah,Semarang,65,37,37,0,3.9
2024-01-22,P001,Tempra,Fever & Pain,O009,Medan Prime Pharmacy,Sumatera,Medan,118,94,94,0,9.2
2024-01-22,P002,Bodrex Flu & Batuk,Cough & Cold,O009,Medan Prime Pharmacy,Sumatera,Medan,89,64,64,0,5.2
2024-01-22,P003,Hemaviton C1000,Vitamin,O009,Medan Prime Pharmacy,Sumatera,Medan,100,89,89,0,7.8
2024-01-22,P004,Vidoran Smart,Multivitamin,O009,Medan Prime Pharmacy,Sumatera,Medan,107,96,96,0,8.1
2024-01-22,P005,Marina Skin Care,Skin Care,O009,Medan Prime Pharmacy,Sumatera,Medan,86,66,66,0,6.2
2024-01-22,P001,Tempra,Fever & Pain,O010,Medan Health Mart,Sumatera,Medan,94,59,59,0,4.3
2024-01-22,P002,Bodrex Flu & Batuk,Cough & Cold,O010,Medan Health Mart,Sumatera,Medan,175,130,130,0,13.6
2024-01-22,P003,Hemaviton C1000,Vitamin,O010,Medan Health Mart,Sumatera,Medan,112,100,100,0,7.5
2024-01-22,P004,Vidoran Smart,Multivitamin,O010,Medan Health Mart,Sumatera,Medan,150,124,124,0,14.4
2024-01-22,P005,Marina Skin Care,Skin Care,O010,Medan Health Mart,Sumatera,Medan,118,103,103,0,7.7
2024-01-22,P001,Tempra,Fever & Pain,O011,Balikpapan Prime Pharmacy,Kalimantan,Balikpapan,167,155,155,0,15.9
2024-01-22,P002,Bodrex Flu & Batuk,Cough & Cold,O011,Balikpapan Prime Pharmacy,Kalimantan,Balikpapan,120,107,107,0,8.3
2024-01-22,P003,Hemaviton C1000,Vitamin,O011,Balikpapan Prime Pharmacy,Kalimantan,Balikpapan,116,98,98,0,7.3
2024-01-22,P004,Vidoran Smart,Multivitamin,O011,Balikpapan Prime Pharmacy,Kalimantan,Balikpapan,111,83,83,0,9.6
2024-01-22,P005,Marina Skin Care,Skin Care,O011,Balikpapan Prime Pharmacy,Kalimantan,Balikpapan,111,74,74,0,7.9
2024-01-22,P001,Tempra,Fever & Pain,O012,Balikpapan Health Mart,Kalimantan,Balikpapan,115,96,96,0,10.9
2024-01-22,P002,Bodrex Flu & Batuk,Cough & Cold,O012,Balikpapan Health Mart,Kalimantan,Balikpapan,133,103,103,0,11.2
2024-01-22,P003,Hemaviton C1000,Vitamin,O012,Balikpapan Health Mart,Kalimantan,Balikpapan,117,74,74,0,6.3
2024-01-22,P004,Vidoran Smart,Multivitamin,O012,Balikpapan Health Mart,Kalimantan,Balikpapan,75,40,40,0,4.2
2024-01-22,P005,Marina Skin Care,Skin Care,O012,Balikpapan Health Mart,Kalimantan,Balikpapan,138,112,112,0,10.5
2024-01-22,P001,Tempra,Fever & Pain,O013,Makassar Prime Pharmacy,Sulawesi,Makassar,148,106,106,0,9.5
2024-01-22,P002,Bodrex Flu & Batuk,Cough & Cold,O013,Makassar Prime Pharmacy,Sulawesi,Makassar,99,80,80,0,9.9
2024-01-22,P003,Hemaviton C1000,Vitamin,O013,Makassar Prime Pharmacy,Sulawesi,Makassar,110,91,91,0,7.8
2024-01-22,P004,Vidoran Smart,Multivitamin,O013,Makassar Prime Pharmacy,Sulawesi,Makassar,133,116,116,0,8.0
2024-01-22,P005,Marina Skin Care,Skin Care,O013,Makassar Prime Pharmacy,Sulawesi,Makassar,178,150,150,0,17.0
2024-01-22,P001,Tempra,Fever & Pain,O014,Makassar Health Mart,Sulawesi,Makassar,113,97,97,0,7.9
2024-01-22,P002,Bodrex Flu & Batuk,Cough & Cold,O014,Makassar Health Mart,Sulawesi,Makassar,82,54,54,0,4.1
2024-01-22,P003,Hemaviton C1000,Vitamin,O014,Makassar Health Mart,Sulawesi,Makassar,91,80,80,0,6.3
2024-01-22,P004,Vidoran Smart,Multivitamin,O014,Makassar Health Mart,Sulawesi,Makassar,99,69,69,0,5.0
2024-01-22,P005,Marina Skin Care,Skin Care,O014,Makassar Health Mart,Sulawesi,Makassar,150,113,113,0,9.4
2024-01-23,P001,Tempra,Fever & Pain,O001,Bandung Prime Pharmacy,Jawa Barat,Bandung,103,91,91,0,10.6
2024-01-23,P002,Bodrex Flu & Batuk,Cough & Cold,O001,Bandung Prime Pharmacy,Jawa Barat,Bandung,160,120,120,0,9.2
2024-01-23,P003,Hemaviton C1000,Vitamin,O001,Bandung Prime Pharmacy,Jawa Barat,Bandung,105,86,86,0,6.0
2024-01-23,P004,Vidoran Smart,Multivitamin,O001,Bandung Prime Pharmacy,Jawa Barat,Bandung,123,79,79,0,7.6
2024-01-23,P005,Marina Skin Care,Skin Care,O001,Bandung Prime Pharmacy,Jawa Barat,Bandung,134,103,103,0,8.1
2024-01-23,P001,Tempra,Fever & Pain,O002,Bandung Health Mart,Jawa Barat,Bandung,164,129,129,0,13.9
2024-01-23,P002,Bodrex Flu & Batuk,Cough & Cold,O002,Bandung Health Mart,Jawa Barat,Bandung,125,100,100,0,8.2
2024-01-23,P003,Hemaviton C1000,Vitamin,O002,Bandung Health Mart,Jawa Barat,Bandung,125,105,105,0,9.1
2024-01-23,P004,Vidoran Smart,Multivitamin,O002,Bandung Health Mart,Jawa Barat,Bandung,80,67,67,0,8.4
2024-01-23,P005,Marina Skin Care,Skin Care,O002,Bandung Health Mart,Jawa Barat,Bandung,129,96,96,0,9.2
2024-01-23,P001,Tempra,Fever & Pain,O003,Bekasi Prime Pharmacy,Jawa Barat,Bekasi,154,115,115,0,10.2
2024-01-23,P002,Bodrex Flu & Batuk,Cough & Cold,O003,Bekasi Prime Pharmacy,Jawa Barat,Bekasi,122,106,106,0,7.3
2024-01-23,P003,Hemaviton C1000,Vitamin,O003,Bekasi Prime Pharmacy,Jawa Barat,Bekasi,130,100,100,0,8.8
2024-01-23,P004,Vidoran Smart,Multivitamin,O003,Bekasi Prime Pharmacy,Jawa Barat,Bekasi,143,103,103,0,8.3
2024-01-23,P005,Marina Skin Care,Skin Care,O003,Bekasi Prime Pharmacy,Jawa Barat,Bekasi,124,83,83,0,9.7
2024-01-23,P001,Tempra,Fever & Pain,O004,Bekasi Health Mart,Jawa Barat,Bekasi,126,107,107,0,7.6
2024-01-23,P002,Bodrex Flu & Batuk,Cough & Cold,O004,Bekasi Health Mart,Jawa Barat,Bekasi,138,93,93,0,9.9
2024-01-23,P003,Hemaviton C1000,Vitamin,O004,Bekasi Health Mart,Jawa Barat,Bekasi,154,122,122,0,13.3
2024-01-23,P004,Vidoran Smart,Multivitamin,O004,Bekasi Health Mart,Jawa Barat,Bekasi,187,146,146,0,10.0
2024-01-23,P005,Marina Skin Care,Skin Care,O004,Bekasi Health Mart,Jawa Barat,Bekasi,110,82,82,0,6.3
2024-01-23,P001,Tempra,Fever & Pain,O005,Surabaya Prime Pharmacy,Jawa Timur,Surabaya,134,98,98,0,7.3
2024-01-23,P002,Bodrex Flu & Batuk,Cough & Cold,O005,Surabaya Prime Pharmacy,Jawa Timur,Surabaya,105,87,87,0,10.2
2024-01-23,P003,Hemaviton C1000,Vitamin,O005,Surabaya Prime Pharmacy,Jawa Timur,Surabaya,92,82,82,0,8.2
2024-01-23,P004,Vidoran Smart,Multivitamin,O005,Surabaya Prime Pharmacy,Jawa Timur,Surabaya,76,58,58,0,6.7
2024-01-23,P005,Marina Skin Care,Skin Care,O005,Surabaya Prime Pharmacy,Jawa Timur,Surabaya,114,79,79,0,6.9
2024-01-23,P001,Tempra,Fever & Pain,O006,Surabaya Health Mart,Jawa Timur,Surabaya,148,129,129,0,15.8
2024-01-23,P002,Bodrex Flu & Batuk,Cough & Cold,O006,Surabaya Health Mart,Jawa Timur,Surabaya,139,105,105,0,12.9
2024-01-23,P003,Hemaviton C1000,Vitamin,O006,Surabaya Health Mart,Jawa Timur,Surabaya,168,140,140,0,9.8
2024-01-23,P004,Vidoran Smart,Multivitamin,O006,Surabaya Health Mart,Jawa Timur,Surabaya,143,120,120,0,11.3
2024-01-23,P005,Marina Skin Care,Skin Care,O006,Surabaya Health Mart,Jawa Timur,Surabaya,156,112,112,0,7.9
2024-01-23,P001,Tempra,Fever & Pain,O007,Semarang Prime Pharmacy,Jawa Tengah,Semarang,135,112,112,0,8.1
2024-01-23,P002,Bodrex Flu & Batuk,Cough & Cold,O007,Semarang Prime Pharmacy,Jawa Tengah,Semarang,124,81,81,0,5.6
2024-01-23,P003,Hemaviton C1000,Vitamin,O007,Semarang Prime Pharmacy,Jawa Tengah,Semarang,163,118,118,0,9.4
2024-01-23,P004,Vidoran Smart,Multivitamin,O007,Semarang Prime Pharmacy,Jawa Tengah,Semarang,111,77,77,0,7.0
2024-01-23,P005,Marina Skin Care,Skin Care,O007,Semarang Prime Pharmacy,Jawa Tengah,Semarang,107,93,93,0,7.7
2024-01-23,P001,Tempra,Fever & Pain,O008,Semarang Health Mart,Jawa Tengah,Semarang,148,129,129,0,14.9
2024-01-23,P002,Bodrex Flu & Batuk,Cough & Cold,O008,Semarang Health Mart,Jawa Tengah,Semarang,137,95,95,0,9.1
2024-01-23,P003,Hemaviton C1000,Vitamin,O008,Semarang Health Mart,Jawa Tengah,Semarang,122,92,92,0,10.4
2024-01-23,P004,Vidoran Smart,Multivitamin,O008,Semarang Health Mart,Jawa Tengah,Semarang,133,94,94,0,7.0
2024-01-23,P005,Marina Skin Care,Skin Care,O008,Semarang Health Mart,Jawa Tengah,Semarang,110,92,92,0,7.2
2024-01-23,P001,Tempra,Fever & Pain,O009,Medan Prime Pharmacy,Sumatera,Medan,112,89,89,0,6.3
2024-01-23,P002,Bodrex Flu & Batuk,Cough & Cold,O009,Medan Prime Pharmacy,Sumatera,Medan,154,114,114,0,13.0
2024-01-23,P003,Hemaviton C1000,Vitamin,O009,Medan Prime Pharmacy,Sumatera,Medan,127,94,94,0,10.4
2024-01-23,P004,Vidoran Smart,Multivitamin,O009,Medan Prime Pharmacy,Sumatera,Medan,113,99,99,0,7.4
2024-01-23,P005,Marina Skin Care,Skin Care,O009,Medan Prime Pharmacy,Sumatera,Medan,128,112,112,0,13.5
2024-01-23,P001,Tempra,Fever & Pain,O010,Medan Health Mart,Sumatera,Medan,122,83,83,0,5.9
2024-01-23,P002,Bodrex Flu & Batuk,Cough & Cold,O010,Medan Health Mart,Sumatera,Medan,136,94,94,0,6.5
2024-01-23,P003,Hemaviton C1000,Vitamin,O010,Medan Health Mart,Sumatera,Medan,145,112,112,0,12.4
2024-01-23,P004,Vidoran Smart,Multivitamin,O010,Medan Health Mart,Sumatera,Medan,102,91,91,0,7.7
2024-01-23,P005,Marina Skin Care,Skin Care,O010,Medan Health Mart,Sumatera,Medan,82,60,60,0,4.6
2024-01-23,P001,Tempra,Fever & Pain,O011,Balikpapan Prime Pharmacy,Kalimantan,Balikpapan,113,101,101,0,8.3
2024-01-23,P002,Bodrex Flu & Batuk,Cough & Cold,O011,Balikpapan Prime Pharmacy,Kalimantan,Balikpapan,114,90,90,0,8.7
2024-01-23,P003,Hemaviton C1000,Vitamin,O011,Balikpapan Prime Pharmacy,Kalimantan,Balikpapan,115,79,79,0,7.3
2024-01-23,P004,Vidoran Smart,Multivitamin,O011,Balikpapan Prime Pharmacy,Kalimantan,Balikpapan,142,103,103,0,7.2
2024-01-23,P005,Marina Skin Care,Skin Care,O011,Balikpapan Prime Pharmacy,Kalimantan,Balikpapan,86,76,76,0,5.4
2024-01-23,P001,Tempra,Fever & Pain,O012,Balikpapan Health Mart,Kalimantan,Balikpapan,95,59,59,0,4.5
2024-01-23,P002,Bodrex Flu & Batuk,Cough & Cold,O012,Balikpapan Health Mart,Kalimantan,Balikpapan,126,101,101,0,9.2
2024-01-23,P003,Hemaviton C1000,Vitamin,O012,Balikpapan Health Mart,Kalimantan,Balikpapan,116,79,79,0,7.1
2024-01-23,P004,Vidoran Smart,Multivitamin,O012,Balikpapan Health Mart,Kalimantan,Balikpapan,128,118,118,0,10.5
2024-01-23,P005,Marina Skin Care,Skin Care,O012,Balikpapan Health Mart,Kalimantan,Balikpapan,87,76,76,0,6.4
2024-01-23,P001,Tempra,Fever & Pain,O013,Makassar Prime Pharmacy,Sulawesi,Makassar,96,74,74,0,6.2
2024-01-23,P002,Bodrex Flu & Batuk,Cough & Cold,O013,Makassar Prime Pharmacy,Sulawesi,Makassar,124,112,112,0,13.3
2024-01-23,P003,Hemaviton C1000,Vitamin,O013,Makassar Prime Pharmacy,Sulawesi,Makassar,139,128,128,0,9.5
2024-01-23,P004,Vidoran Smart,Multivitamin,O013,Makassar Prime Pharmacy,Sulawesi,Makassar,104,93,93,0,8.6
2024-01-23,P005,Marina Skin Care,Skin Care,O013,Makassar Prime Pharmacy,Sulawesi,Makassar,138,127,127,0,8.7
2024-01-23,P001,Tempra,Fever & Pain,O014,Makassar Health Mart,Sulawesi,Makassar,95,84,84,0,6.5
2024-01-23,P002,Bodrex Flu & Batuk,Cough & Cold,O014,Makassar Health Mart,Sulawesi,Makassar,158,117,117,0,8.7
2024-01-23,P003,Hemaviton C1000,Vitamin,O014,Makassar Health Mart,Sulawesi,Makassar,144,102,102,0,10.9
2024-01-23,P004,Vidoran Smart,Multivitamin,O014,Makassar Health Mart,Sulawesi,Makassar,104,69,69,0,5.0
2024-01-23,P005,Marina Skin Care,Skin Care,O014,Makassar Health Mart,Sulawesi,Makassar,131,95,95,0,7.1
2024-01-24,P001,Tempra,Fever & Pain,O001,Bandung Prime Pharmacy,Jawa Barat,Bandung,113,100,100,0,9.5
2024-01-24,P002,Bodrex Flu & Batuk,Cough & Cold,O001,Bandung Prime Pharmacy,Jawa Barat,Bandung,86,74,74,0,5.7
2024-01-24,P003,Hemaviton C1000,Vitamin,O001,Bandung Prime Pharmacy,Jawa Barat,Bandung,150,119,119,0,10.0
2024-01-24,P004,Vidoran Smart,Multivitamin,O001,Bandung Prime Pharmacy,Jawa Barat,Bandung,113,99,99,0,11.0
2024-01-24,P005,Marina Skin Care,Skin Care,O001,Bandung Prime Pharmacy,Jawa Barat,Bandung,137,105,105,0,8.7
2024-01-24,P001,Tempra,Fever & Pain,O002,Bandung Health Mart,Jawa Barat,Bandung,115,102,102,0,8.7
2024-01-24,P002,Bodrex Flu & Batuk,Cough & Cold,O002,Bandung Health Mart,Jawa Barat,Bandung,126,110,110,0,12.9
2024-01-24,P003,Hemaviton C1000,Vitamin,O002,Bandung Health Mart,Jawa Barat,Bandung,139,103,103,0,9.2
2024-01-24,P004,Vidoran Smart,Multivitamin,O002,Bandung Health Mart,Jawa Barat,Bandung,71,50,50,0,3.8
2024-01-24,P005,Marina Skin Care,Skin Care,O002,Bandung Health Mart,Jawa Barat,Bandung,142,117,117,0,14.4
2024-01-24,P001,Tempra,Fever & Pain,O003,Bekasi Prime Pharmacy,Jawa Barat,Bekasi,141,105,105,0,9.5
2024-01-24,P002,Bodrex Flu & Batuk,Cough & Cold,O003,Bekasi Prime Pharmacy,Jawa Barat,Bekasi,103,88,88,0,7.0
2024-01-24,P003,Hemaviton C1000,Vitamin,O003,Bekasi Prime Pharmacy,Jawa Barat,Bekasi,92,54,54,0,5.1
2024-01-24,P004,Vidoran Smart,Multivitamin,O003,Bekasi Prime Pharmacy,Jawa Barat,Bekasi,139,102,102,0,7.2
2024-01-24,P005,Marina Skin Care,Skin Care,O003,Bekasi Prime Pharmacy,Jawa Barat,Bekasi,129,90,90,0,7.4
2024-01-24,P001,Tempra,Fever & Pain,O004,Bekasi Health Mart,Jawa Barat,Bekasi,125,84,84,0,8.7
2024-01-24,P002,Bodrex Flu & Batuk,Cough & Cold,O004,Bekasi Health Mart,Jawa Barat,Bekasi,151,113,113,0,9.9
2024-01-24,P003,Hemaviton C1000,Vitamin,O004,Bekasi Health Mart,Jawa Barat,Bekasi,134,116,116,0,8.6
2024-01-24,P004,Vidoran Smart,Multivitamin,O004,Bekasi Health Mart,Jawa Barat,Bekasi,96,71,71,0,5.7
2024-01-24,P005,Marina Skin Care,Skin Care,O004,Bekasi Health Mart,Jawa Barat,Bekasi,139,102,102,0,8.6
2024-01-24,P001,Tempra,Fever & Pain,O005,Surabaya Prime Pharmacy,Jawa Timur,Surabaya,105,89,89,0,9.2
2024-01-24,P002,Bodrex Flu & Batuk,Cough & Cold,O005,Surabaya Prime Pharmacy,Jawa Timur,Surabaya,143,107,107,0,11.2
2024-01-24,P003,Hemaviton C1000,Vitamin,O005,Surabaya Prime Pharmacy,Jawa Timur,Surabaya,125,85,85,0,9.2
2024-01-24,P004,Vidoran Smart,Multivitamin,O005,Surabaya Prime Pharmacy,Jawa Timur,Surabaya,131,120,120,0,8.8
2024-01-24,P005,Marina Skin Care,Skin Care,O005,Surabaya Prime Pharmacy,Jawa Timur,Surabaya,121,88,88,0,8.0
2024-01-24,P001,Tempra,Fever & Pain,O006,Surabaya Health Mart,Jawa Timur,Surabaya,154,112,112,0,9.7
2024-01-24,P002,Bodrex Flu & Batuk,Cough & Cold,O006,Surabaya Health Mart,Jawa Timur,Surabaya,90,68,68,0,5.8
2024-01-24,P003,Hemaviton C1000,Vitamin,O006,Surabaya Health Mart,Jawa Timur,Surabaya,124,95,95,0,7.0
2024-01-24,P004,Vidoran Smart,Multivitamin,O006,Surabaya Health Mart,Jawa Timur,Surabaya,149,107,107,0,11.2
2024-01-24,P005,Marina Skin Care,Skin Care,O006,Surabaya Health Mart,Jawa Timur,Surabaya,144,104,104,0,7.2
2024-01-24,P001,Tempra,Fever & Pain,O007,Semarang Prime Pharmacy,Jawa Tengah,Semarang,119,98,98,0,7.4
2024-01-24,P002,Bodrex Flu & Batuk,Cough & Cold,O007,Semarang Prime Pharmacy,Jawa Tengah,Semarang,97,63,63,0,4.8
2024-01-24,P003,Hemaviton C1000,Vitamin,O007,Semarang Prime Pharmacy,Jawa Tengah,Semarang,132,119,119,0,8.5
2024-01-24,P004,Vidoran Smart,Multivitamin,O007,Semarang Prime Pharmacy,Jawa Tengah,Semarang,123,93,93,0,10.2
2024-01-24,P005,Marina Skin Care,Skin Care,O007,Semarang Prime Pharmacy,Jawa Tengah,Semarang,190,153,153,0,17.9
2024-01-24,P001,Tempra,Fever & Pain,O008,Semarang Health Mart,Jawa Tengah,Semarang,104,72,72,0,6.5
2024-01-24,P002,Bodrex Flu & Batuk,Cough & Cold,O008,Semarang Health Mart,Jawa Tengah,Semarang,96,83,83,0,7.7
2024-01-24,P003,Hemaviton C1000,Vitamin,O008,Semarang Health Mart,Jawa Tengah,Semarang,89,65,65,0,4.8
2024-01-24,P004,Vidoran Smart,Multivitamin,O008,Semarang Health Mart,Jawa Tengah,Semarang,140,120,120,0,9.8
2024-01-24,P005,Marina Skin Care,Skin Care,O008,Semarang Health Mart,Jawa Tengah,Semarang,123,104,104,0,9.1
2024-01-24,P001,Tempra,Fever & Pain,O009,Medan Prime Pharmacy,Sumatera,Medan,87,73,73,0,5.9
2024-01-24,P002,Bodrex Flu & Batuk,Cough & Cold,O009,Medan Prime Pharmacy,Sumatera,Medan,156,139,139,0,10.8
2024-01-24,P003,Hemaviton C1000,Vitamin,O009,Medan Prime Pharmacy,Sumatera,Medan,176,136,136,0,11.2
2024-01-24,P004,Vidoran Smart,Multivitamin,O009,Medan Prime Pharmacy,Sumatera,Medan,109,97,97,0,8.1
2024-01-24,P005,Marina Skin Care,Skin Care,O009,Medan Prime Pharmacy,Sumatera,Medan,147,107,107,0,11.5
2024-01-24,P001,Tempra,Fever & Pain,O010,Medan Health Mart,Sumatera,Medan,110,83,83,0,9.6
2024-01-24,P002,Bodrex Flu & Batuk,Cough & Cold,O010,Medan Health Mart,Sumatera,Medan,90,61,61,0,6.1
2024-01-24,P003,Hemaviton C1000,Vitamin,O010,Medan Health Mart,Sumatera,Medan,114,85,85,0,7.7
2024-01-24,P004,Vidoran Smart,Multivitamin,O010,Medan Health Mart,Sumatera,Medan,123,79,79,0,6.4
2024-01-24,P005,Marina Skin Care,Skin Care,O010,Medan Health Mart,Sumatera,Medan,109,95,95,0,7.5
2024-01-24,P001,Tempra,Fever & Pain,O011,Balikpapan Prime Pharmacy,Kalimantan,Balikpapan,125,88,88,0,7.2
2024-01-24,P002,Bodrex Flu & Batuk,Cough & Cold,O011,Balikpapan Prime Pharmacy,Kalimantan,Balikpapan,94,70,70,0,5.2
2024-01-24,P003,Hemaviton C1000,Vitamin,O011,Balikpapan Prime Pharmacy,Kalimantan,Balikpapan,103,78,78,0,8.0
2024-01-24,P004,Vidoran Smart,Multivitamin,O011,Balikpapan Prime Pharmacy,Kalimantan,Balikpapan,135,90,90,0,9.7
2024-01-24,P005,Marina Skin Care,Skin Care,O011,Balikpapan Prime Pharmacy,Kalimantan,Balikpapan,151,118,118,0,9.6
2024-01-24,P001,Tempra,Fever & Pain,O012,Balikpapan Health Mart,Kalimantan,Balikpapan,118,78,78,0,7.2
2024-01-24,P002,Bodrex Flu & Batuk,Cough & Cold,O012,Balikpapan Health Mart,Kalimantan,Balikpapan,169,134,134,0,10.6
2024-01-24,P003,Hemaviton C1000,Vitamin,O012,Balikpapan Health Mart,Kalimantan,Balikpapan,128,91,91,0,7.5
2024-01-24,P004,Vidoran Smart,Multivitamin,O012,Balikpapan Health Mart,Kalimantan,Balikpapan,95,59,59,0,5.4
2024-01-24,P005,Marina Skin Care,Skin Care,O012,Balikpapan Health Mart,Kalimantan,Balikpapan,151,123,123,0,9.6
2024-01-24,P001,Tempra,Fever & Pain,O013,Makassar Prime Pharmacy,Sulawesi,Makassar,79,55,55,0,4.8
2024-01-24,P002,Bodrex Flu & Batuk,Cough & Cold,O013,Makassar Prime Pharmacy,Sulawesi,Makassar,137,120,120,0,11.9
2024-01-24,P003,Hemaviton C1000,Vitamin,O013,Makassar Prime Pharmacy,Sulawesi,Makassar,88,52,52,0,3.9
2024-01-24,P004,Vidoran Smart,Multivitamin,O013,Makassar Prime Pharmacy,Sulawesi,Makassar,102,91,91,0,6.8
2024-01-24,P005,Marina Skin Care,Skin Care,O013,Makassar Prime Pharmacy,Sulawesi,Makassar,179,138,138,0,12.3
2024-01-24,P001,Tempra,Fever & Pain,O014,Makassar Health Mart,Sulawesi,Makassar,92,66,66,0,6.1
2024-01-24,P002,Bodrex Flu & Batuk,Cough & Cold,O014,Makassar Health Mart,Sulawesi,Makassar,118,94,94,0,6.8
2024-01-24,P003,Hemaviton C1000,Vitamin,O014,Makassar Health Mart,Sulawesi,Makassar,129,87,87,0,7.1
2024-01-24,P004,Vidoran Smart,Multivitamin,O014,Makassar Health Mart,Sulawesi,Makassar,105,73,73,0,5.2
2024-01-24,P005,Marina Skin Care,Skin Care,O014,Makassar Health Mart,Sulawesi,Makassar,105,94,94,0,6.4
2024-01-25,P001,Tempra,Fever & Pain,O001,Bandung Prime Pharmacy,Jawa Barat,Bandung,112,100,100,0,8.3
2024-01-25,P002,Bodrex Flu & Batuk,Cough & Cold,O001,Bandung Prime Pharmacy,Jawa Barat,Bandung,134,97,97,0,9.2
2024-01-25,P003,Hemaviton C1000,Vitamin,O001,Bandung Prime Pharmacy,Jawa Barat,Bandung,63,48,48,0,5.7
2024-01-25,P004,Vidoran Smart,Multivitamin,O001,Bandung Prime Pharmacy,Jawa Barat,Bandung,119,104,104,0,12.1
2024-01-25,P005,Marina Skin Care,Skin Care,O001,Bandung Prime Pharmacy,Jawa Barat,Bandung,115,73,73,0,6.4
2024-01-25,P001,Tempra,Fever & Pain,O002,Bandung Health Mart,Jawa Barat,Bandung,100,67,67,0,6.2
2024-01-25,P002,Bodrex Flu & Batuk,Cough & Cold,O002,Bandung Health Mart,Jawa Barat,Bandung,164,134,134,0,13.5
2024-01-25,P003,Hemaviton C1000,Vitamin,O002,Bandung Health Mart,Jawa Barat,Bandung,107,69,69,0,4.9
2024-01-25,P004,Vidoran Smart,Multivitamin,O002,Bandung Health Mart,Jawa Barat,Bandung,114,94,94,0,6.5
2024-01-25,P005,Marina Skin Care,Skin Care,O002,Bandung Health Mart,Jawa Barat,Bandung,139,99,99,0,9.8
2024-01-25,P001,Tempra,Fever & Pain,O003,Bekasi Prime Pharmacy,Jawa Barat,Bekasi,146,103,103,0,7.7
2024-01-25,P002,Bodrex Flu & Batuk,Cough & Cold,O003,Bekasi Prime Pharmacy,Jawa Barat,Bekasi,88,74,74,0,5.1
2024-01-25,P003,Hemaviton C1000,Vitamin,O003,Bekasi Prime Pharmacy,Jawa Barat,Bekasi,143,114,114,0,9.7
2024-01-25,P004,Vidoran Smart,Multivitamin,O003,Bekasi Prime Pharmacy,Jawa Barat,Bekasi,90,69,69,0,6.8
2024-01-25,P005,Marina Skin Care,Skin Care,O003,Bekasi Prime Pharmacy,Jawa Barat,Bekasi,152,124,124,0,14.4
2024-01-25,P001,Tempra,Fever & Pain,O004,Bekasi Health Mart,Jawa Barat,Bekasi,166,137,137,0,13.6
2024-01-25,P002,Bodrex Flu & Batuk,Cough & Cold,O004,Bekasi Health Mart,Jawa Barat,Bekasi,117,92,92,0,6.9
2024-01-25,P003,Hemaviton C1000,Vitamin,O004,Bekasi Health Mart,Jawa Barat,Bekasi,70,57,57,0,5.2
2024-01-25,P004,Vidoran Smart,Multivitamin,O004,Bekasi Health Mart,Jawa Barat,Bekasi,177,134,134,0,10.8
2024-01-25,P005,Marina Skin Care,Skin Care,O004,Bekasi Health Mart,Jawa Barat,Bekasi,99,64,64,0,7.0
2024-01-25,P001,Tempra,Fever & Pain,O005,Surabaya Prime Pharmacy,Jawa Timur,Surabaya,115,83,83,0,7.3
2024-01-25,P002,Bodrex Flu & Batuk,Cough & Cold,O005,Surabaya Prime Pharmacy,Jawa Timur,Surabaya,107,89,89,0,9.1
2024-01-25,P003,Hemaviton C1000,Vitamin,O005,Surabaya Prime Pharmacy,Jawa Timur,Surabaya,192,149,149,0,13.8
2024-01-25,P004,Vidoran Smart,Multivitamin,O005,Surabaya Prime Pharmacy,Jawa Timur,Surabaya,137,102,102,0,7.9
2024-01-25,P005,Marina Skin Care,Skin Care,O005,Surabaya Prime Pharmacy,Jawa Timur,Surabaya,146,114,114,0,10.3
2024-01-25,P001,Tempra,Fever & Pain,O006,Surabaya Health Mart,Jawa Timur,Surabaya,131,108,108,0,10.1
2024-01-25,P002,Bodrex Flu & Batuk,Cough & Cold,O006,Surabaya Health Mart,Jawa Timur,Surabaya,101,63,63,0,4.4
2024-01-25,P003,Hemaviton C1000,Vitamin,O006,Surabaya Health Mart,Jawa Timur,Surabaya,123,98,98,0,8.2
2024-01-25,P004,Vidoran Smart,Multivitamin,O006,Surabaya Health Mart,Jawa Timur,Surabaya,88,52,52,0,4.6
2024-01-25,P005,Marina Skin Care,Skin Care,O006,Surabaya Health Mart,Jawa Timur,Surabaya,104,68,68,0,4.9
2024-01-25,P001,Tempra,Fever & Pain,O007,Semarang Prime Pharmacy,Jawa Tengah,Semarang,144,127,127,0,10.9
2024-01-25,P002,Bodrex Flu & Batuk,Cough & Cold,O007,Semarang Prime Pharmacy,Jawa Tengah,Semarang,82,71,71,0,5.8
2024-01-25,P003,Hemaviton C1000,Vitamin,O007,Semarang Prime Pharmacy,Jawa Tengah,Semarang,146,114,114,0,8.9
2024-01-25,P004,Vidoran Smart,Multivitamin,O007,Semarang Prime Pharmacy,Jawa Tengah,Semarang,129,86,86,0,8.0
2024-01-25,P005,Marina Skin Care,Skin Care,O007,Semarang Prime Pharmacy,Jawa Tengah,Semarang,114,82,82,0,6.1
2024-01-25,P001,Tempra,Fever & Pain,O008,Semarang Health Mart,Jawa Tengah,Semarang,132,111,111,0,13.2
2024-01-25,P002,Bodrex Flu & Batuk,Cough & Cold,O008,Semarang Health Mart,Jawa Tengah,Semarang,119,99,99,0,8.7
2024-01-25,P003,Hemaviton C1000,Vitamin,O008,Semarang Health Mart,Jawa Tengah,Semarang,100,78,78,0,5.4
2024-01-25,P004,Vidoran Smart,Multivitamin,O008,Semarang Health Mart,Jawa Tengah,Semarang,104,93,93,0,8.9
2024-01-25,P005,Marina Skin Care,Skin Care,O008,Semarang Health Mart,Jawa Tengah,Semarang,142,119,119,0,11.1
2024-01-25,P001,Tempra,Fever & Pain,O009,Medan Prime Pharmacy,Sumatera,Medan,75,55,55,0,3.7
2024-01-25,P002,Bodrex Flu & Batuk,Cough & Cold,O009,Medan Prime Pharmacy,Sumatera,Medan,139,94,94,0,10.5
2024-01-25,P003,Hemaviton C1000,Vitamin,O009,Medan Prime Pharmacy,Sumatera,Medan,153,122,122,0,14.2
2024-01-25,P004,Vidoran Smart,Multivitamin,O009,Medan Prime Pharmacy,Sumatera,Medan,118,98,98,0,9.4
2024-01-25,P005,Marina Skin Care,Skin Care,O009,Medan Prime Pharmacy,Sumatera,Medan,82,70,70,0,6.2
2024-01-25,P001,Tempra,Fever & Pain,O010,Medan Health Mart,Sumatera,Medan,164,128,128,0,9.4
2024-01-25,P002,Bodrex Flu & Batuk,Cough & Cold,O010,Medan Health Mart,Sumatera,Medan,94,77,77,0,5.1
2024-01-25,P003,Hemaviton C1000,Vitamin,O010,Medan Health Mart,Sumatera,Medan,159,115,115,0,10.1
2024-01-25,P004,Vidoran Smart,Multivitamin,O010,Medan Health Mart,Sumatera,Medan,134,111,111,0,9.0
2024-01-25,P005,Marina Skin Care,Skin Care,O010,Medan Health Mart,Sumatera,Medan,107,78,78,0,5.6
2024-01-25,P001,Tempra,Fever & Pain,O011,Balikpapan Prime Pharmacy,Kalimantan,Balikpapan,132,103,103,0,9.3
2024-01-25,P002,Bodrex Flu & Batuk,Cough & Cold,O011,Balikpapan Prime Pharmacy,Kalimantan,Balikpapan,158,133,133,0,9.0
2024-01-25,P003,Hemaviton C1000,Vitamin,O011,Balikpapan Prime Pharmacy,Kalimantan,Balikpapan,87,76,76,0,8.9
2024-01-25,P004,Vidoran Smart,Multivitamin,O011,Balikpapan Prime Pharmacy,Kalimantan,Balikpapan,101,80,80,0,5.5
2024-01-25,P005,Marina Skin Care,Skin Care,O011,Balikpapan Prime Pharmacy,Kalimantan,Balikpapan,102,80,80,0,5.9
2024-01-25,P001,Tempra,Fever & Pain,O012,Balikpapan Health Mart,Kalimantan,Balikpapan,128,105,105,0,10.9
2024-01-25,P002,Bodrex Flu & Batuk,Cough & Cold,O012,Balikpapan Health Mart,Kalimantan,Balikpapan,89,65,65,0,6.4
2024-01-25,P003,Hemaviton C1000,Vitamin,O012,Balikpapan Health Mart,Kalimantan,Balikpapan,128,115,115,0,8.0
2024-01-25,P004,Vidoran Smart,Multivitamin,O012,Balikpapan Health Mart,Kalimantan,Balikpapan,126,86,86,0,6.3
2024-01-25,P005,Marina Skin Care,Skin Care,O012,Balikpapan Health Mart,Kalimantan,Balikpapan,99,79,79,0,9.3
2024-01-25,P001,Tempra,Fever & Pain,O013,Makassar Prime Pharmacy,Sulawesi,Makassar,140,110,110,0,9.9
2024-01-25,P002,Bodrex Flu & Batuk,Cough & Cold,O013,Makassar Prime Pharmacy,Sulawesi,Makassar,120,76,76,0,6.0
2024-01-25,P003,Hemaviton C1000,Vitamin,O013,Makassar Prime Pharmacy,Sulawesi,Makassar,125,88,88,0,7.6
2024-01-25,P004,Vidoran Smart,Multivitamin,O013,Makassar Prime Pharmacy,Sulawesi,Makassar,109,79,79,0,8.0
2024-01-25,P005,Marina Skin Care,Skin Care,O013,Makassar Prime Pharmacy,Sulawesi,Makassar,160,124,124,0,9.8
2024-01-25,P001,Tempra,Fever & Pain,O014,Makassar Health Mart,Sulawesi,Makassar,119,103,103,0,9.0
2024-01-25,P002,Bodrex Flu & Batuk,Cough & Cold,O014,Makassar Health Mart,Sulawesi,Makassar,149,114,114,0,11.6
2024-01-25,P003,Hemaviton C1000,Vitamin,O014,Makassar Health Mart,Sulawesi,Makassar,78,66,66,0,4.5
2024-01-25,P004,Vidoran Smart,Multivitamin,O014,Makassar Health Mart,Sulawesi,Makassar,131,115,115,0,12.3
2024-01-25,P005,Marina Skin Care,Skin Care,O014,Makassar Health Mart,Sulawesi,Makassar,102,71,71,0,4.8
2024-01-26,P001,Tempra,Fever & Pain,O001,Bandung Prime Pharmacy,Jawa Barat,Bandung,143,110,110,0,9.3
2024-01-26,P002,Bodrex Flu & Batuk,Cough & Cold,O001,Bandung Prime Pharmacy,Jawa Barat,Bandung,113,87,87,0,8.2
2024-01-26,P003,Hemaviton C1000,Vitamin,O001,Bandung Prime Pharmacy,Jawa Barat,Bandung,121,81,81,0,6.8
2024-01-26,P004,Vidoran Smart,Multivitamin,O001,Bandung Prime Pharmacy,Jawa Barat,Bandung,133,120,120,0,8.4
2024-01-26,P005,Marina Skin Care,Skin Care,O001,Bandung Prime Pharmacy,Jawa Barat,Bandung,122,96,96,0,10.9
2024-01-26,P001,Tempra,Fever & Pain,O002,Bandung Health Mart,Jawa Barat,Bandung,157,118,118,0,9.3
2024-01-26,P002,Bodrex Flu & Batuk,Cough & Cold,O002,Bandung Health Mart,Jawa Barat,Bandung,179,153,153,0,10.2
2024-01-26,P003,Hemaviton C1000,Vitamin,O002,Bandung Health Mart,Jawa Barat,Bandung,91,59,59,0,5.5
2024-01-26,P004,Vidoran Smart,Multivitamin,O002,Bandung Health Mart,Jawa Barat,Bandung,143,103,103,0,7.0
2024-01-26,P005,Marina Skin Care,Skin Care,O002,Bandung Health Mart,Jawa Barat,Bandung,125,102,102,0,10.1
2024-01-26,P001,Tempra,Fever & Pain,O003,Bekasi Prime Pharmacy,Jawa Barat,Bekasi,92,71,71,0,4.9
2024-01-26,P002,Bodrex Flu & Batuk,Cough & Cold,O003,Bekasi Prime Pharmacy,Jawa Barat,Bekasi,150,117,117,0,10.4
2024-01-26,P003,Hemaviton C1000,Vitamin,O003,Bekasi Prime Pharmacy,Jawa Barat,Bekasi,169,144,144,0,9.7
2024-01-26,P004,Vidoran Smart,Multivitamin,O003,Bekasi Prime Pharmacy,Jawa Barat,Bekasi,149,124,124,0,14.8
2024-01-26,P005,Marina Skin Care,Skin Care,O003,Bekasi Prime Pharmacy,Jawa Barat,Bekasi,104,94,94,0,8.7
2024-01-26,P001,Tempra,Fever & Pain,O004,Bekasi Health Mart,Jawa Barat,Bekasi,146,112,112,0,8.0
2024-01-26,P002,Bodrex Flu & Batuk,Cough & Cold,O004,Bekasi Health Mart,Jawa Barat,Bekasi,141,109,109,0,7.4
2024-01-26,P003,Hemaviton C1000,Vitamin,O004,Bekasi Health Mart,Jawa Barat,Bekasi,132,95,95,0,8.0
2024-01-26,P004,Vidoran Smart,Multivitamin,O004,Bekasi Health Mart,Jawa Barat,Bekasi,177,147,147,0,12.3
2024-01-26,P005,Marina Skin Care,Skin Care,O004,Bekasi Health Mart,Jawa Barat,Bekasi,143,129,129,0,13.2
2024-01-26,P001,Tempra,Fever & Pain,O005,Surabaya Prime Pharmacy,Jawa Timur,Surabaya,117,107,107,0,9.5
2024-01-26,P002,Bodrex Flu & Batuk,Cough & Cold,O005,Surabaya Prime Pharmacy,Jawa Timur,Surabaya,163,122,122,0,11.6
2024-01-26,P003,Hemaviton C1000,Vitamin,O005,Surabaya Prime Pharmacy,Jawa Timur,Surabaya,108,92,92,0,8.8
2024-01-26,P004,Vidoran Smart,Multivitamin,O005,Surabaya Prime Pharmacy,Jawa Timur,Surabaya,113,91,91,0,9.7
2024-01-26,P005,Marina Skin Care,Skin Care,O005,Surabaya Prime Pharmacy,Jawa Timur,Surabaya,88,64,64,0,7.2
2024-01-26,P001,Tempra,Fever & Pain,O006,Surabaya Health Mart,Jawa Timur,Surabaya,145,105,105,0,8.3
2024-01-26,P002,Bodrex Flu & Batuk,Cough & Cold,O006,Surabaya Health Mart,Jawa Timur,Surabaya,141,119,119,0,9.0
2024-01-26,P003,Hemaviton C1000,Vitamin,O006,Surabaya Health Mart,Jawa Timur,Surabaya,95,57,57,0,6.6
2024-01-26,P004,Vidoran Smart,Multivitamin,O006,Surabaya Health Mart,Jawa Timur,Surabaya,113,77,77,0,8.5
2024-01-26,P005,Marina Skin Care,Skin Care,O006,Surabaya Health Mart,Jawa Timur,Surabaya,135,98,98,0,7.6
2024-01-26,P001,Tempra,Fever & Pain,O007,Semarang Prime Pharmacy,Jawa Tengah,Semarang,127,110,110,0,10.6
2024-01-26,P002,Bodrex Flu & Batuk,Cough & Cold,O007,Semarang Prime Pharmacy,Jawa Tengah,Semarang,89,78,78,0,6.2
2024-01-26,P003,Hemaviton C1000,Vitamin,O007,Semarang Prime Pharmacy,Jawa Tengah,Semarang,164,129,129,0,12.1
2024-01-26,P004,Vidoran Smart,Multivitamin,O007,Semarang Prime Pharmacy,Jawa Tengah,Semarang,143,130,130,0,9.0
2024-01-26,P005,Marina Skin Care,Skin Care,O007,Semarang Prime Pharmacy,Jawa Tengah,Semarang,66,56,56,0,4.5
2024-01-26,P001,Tempra,Fever & Pain,O008,Semarang Health Mart,Jawa Tengah,Semarang,106,76,76,0,6.2
2024-01-26,P002,Bodrex Flu & Batuk,Cough & Cold,O008,Semarang Health Mart,Jawa Tengah,Semarang,107,82,82,0,7.6
2024-01-26,P003,Hemaviton C1000,Vitamin,O008,Semarang Health Mart,Jawa Tengah,Semarang,160,131,131,0,14.5
2024-01-26,P004,Vidoran Smart,Multivitamin,O008,Semarang Health Mart,Jawa Tengah,Semarang,125,88,88,0,7.9
2024-01-26,P005,Marina Skin Care,Skin Care,O008,Semarang Health Mart,Jawa Tengah,Semarang,76,55,55,0,4.1
2024-01-26,P001,Tempra,Fever & Pain,O009,Medan Prime Pharmacy,Sumatera,Medan,114,91,91,0,10.9
2024-01-26,P002,Bodrex Flu & Batuk,Cough & Cold,O009,Medan Prime Pharmacy,Sumatera,Medan,137,112,112,0,11.7
2024-01-26,P003,Hemaviton C1000,Vitamin,O009,Medan Prime Pharmacy,Sumatera,Medan,152,125,125,0,10.0
2024-01-26,P004,Vidoran Smart,Multivitamin,O009,Medan Prime Pharmacy,Sumatera,Medan,120,105,105,0,11.8
2024-01-26,P005,Marina Skin Care,Skin Care,O009,Medan Prime Pharmacy,Sumatera,Medan,122,93,93,0,7.6
2024-01-26,P001,Tempra,Fever & Pain,O010,Medan Health Mart,Sumatera,Medan,80,56,56,0,6.1
2024-01-26,P002,Bodrex Flu & Batuk,Cough & Cold,O010,Medan Health Mart,Sumatera,Medan,93,56,56,0,5.8
2024-01-26,P003,Hemaviton C1000,Vitamin,O010,Medan Health Mart,Sumatera,Medan,174,138,138,0,11.3
2024-01-26,P004,Vidoran Smart,Multivitamin,O010,Medan Health Mart,Sumatera,Medan,113,97,97,0,7.0
2024-01-26,P005,Marina Skin Care,Skin Care,O010,Medan Health Mart,Sumatera,Medan,95,70,70,0,5.9
2024-01-26,P001,Tempra,Fever & Pain,O011,Balikpapan Prime Pharmacy,Kalimantan,Balikpapan,111,76,76,0,5.7
2024-01-26,P002,Bodrex Flu & Batuk,Cough & Cold,O011,Balikpapan Prime Pharmacy,Kalimantan,Balikpapan,111,83,83,0,7.5
2024-01-26,P003,Hemaviton C1000,Vitamin,O011,Balikpapan Prime Pharmacy,Kalimantan,Balikpapan,155,122,122,0,14.0
2024-01-26,P004,Vidoran Smart,Multivitamin,O011,Balikpapan Prime Pharmacy,Kalimantan,Balikpapan,124,86,86,0,8.1
2024-01-26,P005,Marina Skin Care,Skin Care,O011,Balikpapan Prime Pharmacy,Kalimantan,Balikpapan,117,104,104,0,7.2
2024-01-26,P001,Tempra,Fever & Pain,O012,Balikpapan Health Mart,Kalimantan,Balikpapan,130,90,90,0,7.9
2024-01-26,P002,Bodrex Flu & Batuk,Cough & Cold,O012,Balikpapan Health Mart,Kalimantan,Balikpapan,115,102,102,0,11.4
2024-01-26,P003,Hemaviton C1000,Vitamin,O012,Balikpapan Health Mart,Kalimantan,Balikpapan,129,84,84,0,6.0
2024-01-26,P004,Vidoran Smart,Multivitamin,O012,Balikpapan Health Mart,Kalimantan,Balikpapan,112,101,101,0,12.3
2024-01-26,P005,Marina Skin Care,Skin Care,O012,Balikpapan Health Mart,Kalimantan,Balikpapan,166,130,130,0,12.7
2024-01-26,P001,Tempra,Fever & Pain,O013,Makassar Prime Pharmacy,Sulawesi,Makassar,111,93,93,0,9.5
2024-01-26,P002,Bodrex Flu & Batuk,Cough & Cold,O013,Makassar Prime Pharmacy,Sulawesi,Makassar,108,96,96,0,7.0
2024-01-26,P003,Hemaviton C1000,Vitamin,O013,Makassar Prime Pharmacy,Sulawesi,Makassar,140,97,97,0,8.2
2024-01-26,P004,Vidoran Smart,Multivitamin,O013,Makassar Prime Pharmacy,Sulawesi,Makassar,135,107,107,0,10.6
2024-01-26,P005,Marina Skin Care,Skin Care,O013,Makassar Prime Pharmacy,Sulawesi,Makassar,106,92,92,0,6.6
2024-01-26,P001,Tempra,Fever & Pain,O014,Makassar Health Mart,Sulawesi,Makassar,111,101,101,0,9.5
2024-01-26,P002,Bodrex Flu & Batuk,Cough & Cold,O014,Makassar Health Mart,Sulawesi,Makassar,170,151,151,0,10.6
2024-01-26,P003,Hemaviton C1000,Vitamin,O014,Makassar Health Mart,Sulawesi,Makassar,120,75,75,0,6.0
2024-01-26,P004,Vidoran Smart,Multivitamin,O014,Makassar Health Mart,Sulawesi,Makassar,121,94,94,0,6.9
2024-01-26,P005,Marina Skin Care,Skin Care,O014,Makassar Health Mart,Sulawesi,Makassar,122,95,95,0,9.3
2024-01-27,P001,Tempra,Fever & Pain,O001,Bandung Prime Pharmacy,Jawa Barat,Bandung,136,93,93,0,8.3
2024-01-27,P002,Bodrex Flu & Batuk,Cough & Cold,O001,Bandung Prime Pharmacy,Jawa Barat,Bandung,162,128,128,0,15.8
2024-01-27,P003,Hemaviton C1000,Vitamin,O001,Bandung Prime Pharmacy,Jawa Barat,Bandung,159,124,124,0,9.9
2024-01-27,P004,Vidoran Smart,Multivitamin,O001,Bandung Prime Pharmacy,Jawa Barat,Bandung,144,99,99,0,9.3
2024-01-27,P005,Marina Skin Care,Skin Care,O001,Bandung Prime Pharmacy,Jawa Barat,Bandung,83,69,69,0,6.2
2024-01-27,P001,Tempra,Fever & Pain,O002,Bandung Health Mart,Jawa Barat,Bandung,116,102,102,0,9.2
2024-01-27,P002,Bodrex Flu & Batuk,Cough & Cold,O002,Bandung Health Mart,Jawa Barat,Bandung,97,73,73,0,7.6
2024-01-27,P003,Hemaviton C1000,Vitamin,O002,Bandung Health Mart,Jawa Barat,Bandung,103,80,80,0,6.1
2024-01-27,P004,Vidoran Smart,Multivitamin,O002,Bandung Health Mart,Jawa Barat,Bandung,165,125,125,0,10.0
2024-01-27,P005,Marina Skin Care,Skin Care,O002,Bandung Health Mart,Jawa Barat,Bandung,165,120,120,0,8.7
2024-01-27,P001,Tempra,Fever & Pain,O003,Bekasi Prime Pharmacy,Jawa Barat,Bekasi,132,110,110,0,8.1
2024-01-27,P002,Bodrex Flu & Batuk,Cough & Cold,O003,Bekasi Prime Pharmacy,Jawa Barat,Bekasi,103,86,86,0,6.1
2024-01-27,P003,Hemaviton C1000,Vitamin,O003,Bekasi Prime Pharmacy,Jawa Barat,Bekasi,101,85,85,0,5.8
2024-01-27,P004,Vidoran Smart,Multivitamin,O003,Bekasi Prime Pharmacy,Jawa Barat,Bekasi,105,70,70,0,6.5
2024-01-27,P005,Marina Skin Care,Skin Care,O003,Bekasi Prime Pharmacy,Jawa Barat,Bekasi,121,104,104,0,8.2
2024-01-27,P001,Tempra,Fever & Pain,O004,Bekasi Health Mart,Jawa Barat,Bekasi,71,53,53,0,3.6
2024-01-27,P002,Bodrex Flu & Batuk,Cough & Cold,O004,Bekasi Health Mart,Jawa Barat,Bekasi,120,75,75,0,5.4
2024-01-27,P003,Hemaviton C1000,Vitamin,O004,Bekasi Health Mart,Jawa Barat,Bekasi,84,48,48,0,3.4
2024-01-27,P004,Vidoran Smart,Multivitamin,O004,Bekasi Health Mart,Jawa Barat,Bekasi,54,26,26,0,2.9
2024-01-27,P005,Marina Skin Care,Skin Care,O004,Bekasi Health Mart,Jawa Barat,Bekasi,113,83,83,0,5.8
2024-01-27,P001,Tempra,Fever & Pain,O005,Surabaya Prime Pharmacy,Jawa Timur,Surabaya,115,71,71,0,7.9
2024-01-27,P002,Bodrex Flu & Batuk,Cough & Cold,O005,Surabaya Prime Pharmacy,Jawa Timur,Surabaya,151,130,130,0,12.8
2024-01-27,P003,Hemaviton C1000,Vitamin,O005,Surabaya Prime Pharmacy,Jawa Timur,Surabaya,160,143,143,0,16.8
2024-01-27,P004,Vidoran Smart,Multivitamin,O005,Surabaya Prime Pharmacy,Jawa Timur,Surabaya,149,136,136,0,10.2
2024-01-27,P005,Marina Skin Care,Skin Care,O005,Surabaya Prime Pharmacy,Jawa Timur,Surabaya,101,81,81,0,9.2
2024-01-27,P001,Tempra,Fever & Pain,O006,Surabaya Health Mart,Jawa Timur,Surabaya,147,106,106,0,9.4
2024-01-27,P002,Bodrex Flu & Batuk,Cough & Cold,O006,Surabaya Health Mart,Jawa Timur,Surabaya,109,94,94,0,11.0
2024-01-27,P003,Hemaviton C1000,Vitamin,O006,Surabaya Health Mart,Jawa Timur,Surabaya,141,121,121,0,11.5
2024-01-27,P004,Vidoran Smart,Multivitamin,O006,Surabaya Health Mart,Jawa Timur,Surabaya,149,104,104,0,11.6
2024-01-27,P005,Marina Skin Care,Skin Care,O006,Surabaya Health Mart,Jawa Timur,Surabaya,142,110,110,0,8.2
2024-01-27,P001,Tempra,Fever & Pain,O007,Semarang Prime Pharmacy,Jawa Tengah,Semarang,126,89,89,0,6.7
2024-01-27,P002,Bodrex Flu & Batuk,Cough & Cold,O007,Semarang Prime Pharmacy,Jawa Tengah,Semarang,111,82,82,0,6.4
2024-01-27,P003,Hemaviton C1000,Vitamin,O007,Semarang Prime Pharmacy,Jawa Tengah,Semarang,107,85,85,0,6.7
2024-01-27,P004,Vidoran Smart,Multivitamin,O007,Semarang Prime Pharmacy,Jawa Tengah,Semarang,97,80,80,0,5.7
2024-01-27,P005,Marina Skin Care,Skin Care,O007,Semarang Prime Pharmacy,Jawa Tengah,Semarang,102,91,91,0,8.5
2024-01-27,P001,Tempra,Fever & Pain,O008,Semarang Health Mart,Jawa Tengah,Semarang,132,113,113,0,9.4
2024-01-27,P002,Bodrex Flu & Batuk,Cough & Cold,O008,Semarang Health Mart,Jawa Tengah,Semarang,113,91,91,0,10.3
2024-01-27,P003,Hemaviton C1000,Vitamin,O008,Semarang Health Mart,Jawa Tengah,Semarang,122,84,84,0,6.7
2024-01-27,P004,Vidoran Smart,Multivitamin,O008,Semarang Health Mart,Jawa Tengah,Semarang,127,96,96,0,7.1
2024-01-27,P005,Marina Skin Care,Skin Care,O008,Semarang Health Mart,Jawa Tengah,Semarang,95,84,84,0,5.7
2024-01-27,P001,Tempra,Fever & Pain,O009,Medan Prime Pharmacy,Sumatera,Medan,137,119,119,0,12.9
2024-01-27,P002,Bodrex Flu & Batuk,Cough & Cold,O009,Medan Prime Pharmacy,Sumatera,Medan,95,57,57,0,5.6
2024-01-27,P003,Hemaviton C1000,Vitamin,O009,Medan Prime Pharmacy,Sumatera,Medan,155,125,125,0,9.3
2024-01-27,P004,Vidoran Smart,Multivitamin,O009,Medan Prime Pharmacy,Sumatera,Medan,153,133,133,0,14.3
2024-01-27,P005,Marina Skin Care,Skin Care,O009,Medan Prime Pharmacy,Sumatera,Medan,93,69,69,0,8.6
2024-01-27,P001,Tempra,Fever & Pain,O010,Medan Health Mart,Sumatera,Medan,120,81,81,0,9.3
2024-01-27,P002,Bodrex Flu & Batuk,Cough & Cold,O010,Medan Health Mart,Sumatera,Medan,153,108,108,0,7.7
2024-01-27,P003,Hemaviton C1000,Vitamin,O010,Medan Health Mart,Sumatera,Medan,123,113,113,0,10.0
2024-01-27,P004,Vidoran Smart,Multivitamin,O010,Medan Health Mart,Sumatera,Medan,112,100,100,0,9.0
2024-01-27,P005,Marina Skin Care,Skin Care,O010,Medan Health Mart,Sumatera,Medan,111,76,76,0,9.2
2024-01-27,P001,Tempra,Fever & Pain,O011,Balikpapan Prime Pharmacy,Kalimantan,Balikpapan,99,62,62,0,5.9
2024-01-27,P002,Bodrex Flu & Batuk,Cough & Cold,O011,Balikpapan Prime Pharmacy,Kalimantan,Balikpapan,98,69,69,0,5.4
2024-01-27,P003,Hemaviton C1000,Vitamin,O011,Balikpapan Prime Pharmacy,Kalimantan,Balikpapan,117,107,107,0,9.4
2024-01-27,P004,Vidoran Smart,Multivitamin,O011,Balikpapan Prime Pharmacy,Kalimantan,Balikpapan,172,127,127,0,12.3
2024-01-27,P005,Marina Skin Care,Skin Care,O011,Balikpapan Prime Pharmacy,Kalimantan,Balikpapan,127,89,89,0,9.8
2024-01-27,P001,Tempra,Fever & Pain,O012,Balikpapan Health Mart,Kalimantan,Balikpapan,138,105,105,0,10.1
2024-01-27,P002,Bodrex Flu & Batuk,Cough & Cold,O012,Balikpapan Health Mart,Kalimantan,Balikpapan,125,90,90,0,10.3
2024-01-27,P003,Hemaviton C1000,Vitamin,O012,Balikpapan Health Mart,Kalimantan,Balikpapan,156,121,121,0,13.9
2024-01-27,P004,Vidoran Smart,Multivitamin,O012,Balikpapan Health Mart,Kalimantan,Balikpapan,146,116,116,0,8.5
2024-01-27,P005,Marina Skin Care,Skin Care,O012,Balikpapan Health Mart,Kalimantan,Balikpapan,110,86,86,0,6.9
2024-01-27,P001,Tempra,Fever & Pain,O013,Makassar Prime Pharmacy,Sulawesi,Makassar,101,82,82,0,5.6
2024-01-27,P002,Bodrex Flu & Batuk,Cough & Cold,O013,Makassar Prime Pharmacy,Sulawesi,Makassar,64,27,27,0,2.2
2024-01-27,P003,Hemaviton C1000,Vitamin,O013,Makassar Prime Pharmacy,Sulawesi,Makassar,97,80,80,0,7.5
2024-01-27,P004,Vidoran Smart,Multivitamin,O013,Makassar Prime Pharmacy,Sulawesi,Makassar,116,97,97,0,11.0
2024-01-27,P005,Marina Skin Care,Skin Care,O013,Makassar Prime Pharmacy,Sulawesi,Makassar,103,90,90,0,8.8
2024-01-27,P001,Tempra,Fever & Pain,O014,Makassar Health Mart,Sulawesi,Makassar,131,120,120,0,8.2
2024-01-27,P002,Bodrex Flu & Batuk,Cough & Cold,O014,Makassar Health Mart,Sulawesi,Makassar,136,125,125,0,10.0
2024-01-27,P003,Hemaviton C1000,Vitamin,O014,Makassar Health Mart,Sulawesi,Makassar,142,97,97,0,6.8
2024-01-27,P004,Vidoran Smart,Multivitamin,O014,Makassar Health Mart,Sulawesi,Makassar,87,68,68,0,5.8
2024-01-27,P005,Marina Skin Care,Skin Care,O014,Makassar Health Mart,Sulawesi,Makassar,104,94,94,0,9.0
2024-01-28,P001,Tempra,Fever & Pain,O001,Bandung Prime Pharmacy,Jawa Barat,Bandung,60,27,27,0,2.2
2024-01-28,P002,Bodrex Flu & Batuk,Cough & Cold,O001,Bandung Prime Pharmacy,Jawa Barat,Bandung,194,159,159,0,11.7
2024-01-28,P003,Hemaviton C1000,Vitamin,O001,Bandung Prime Pharmacy,Jawa Barat,Bandung,71,55,55,0,5.2
2024-01-28,P004,Vidoran Smart,Multivitamin,O001,Bandung Prime Pharmacy,Jawa Barat,Bandung,161,123,123,0,9.5
2024-01-28,P005,Marina Skin Care,Skin Care,O001,Bandung Prime Pharmacy,Jawa Barat,Bandung,94,73,73,0,9.0
2024-01-28,P001,Tempra,Fever & Pain,O002,Bandung Health Mart,Jawa Barat,Bandung,127,87,87,0,8.2
2024-01-28,P002,Bodrex Flu & Batuk,Cough & Cold,O002,Bandung Health Mart,Jawa Barat,Bandung,95,75,75,0,7.2
2024-01-28,P003,Hemaviton C1000,Vitamin,O002,Bandung Health Mart,Jawa Barat,Bandung,134,101,101,0,11.7
2024-01-28,P004,Vidoran Smart,Multivitamin,O002,Bandung Health Mart,Jawa Barat,Bandung,100,66,66,0,4.9
2024-01-28,P005,Marina Skin Care,Skin Care,O002,Bandung Health Mart,Jawa Barat,Bandung,119,104,104,0,10.5
2024-01-28,P001,Tempra,Fever & Pain,O003,Bekasi Prime Pharmacy,Jawa Barat,Bekasi,95,72,72,0,7.8
2024-01-28,P002,Bodrex Flu & Batuk,Cough & Cold,O003,Bekasi Prime Pharmacy,Jawa Barat,Bekasi,88,74,74,0,5.0
2024-01-28,P003,Hemaviton C1000,Vitamin,O003,Bekasi Prime Pharmacy,Jawa Barat,Bekasi,130,91,91,0,7.0
2024-01-28,P004,Vidoran Smart,Multivitamin,O003,Bekasi Prime Pharmacy,Jawa Barat,Bekasi,106,88,88,0,10.9
2024-01-28,P005,Marina Skin Care,Skin Care,O003,Bekasi Prime Pharmacy,Jawa Barat,Bekasi,122,96,96,0,7.8
2024-01-28,P001,Tempra,Fever & Pain,O004,Bekasi Health Mart,Jawa Barat,Bekasi,96,75,75,0,8.8
2024-01-28,P002,Bodrex Flu & Batuk,Cough & Cold,O004,Bekasi Health Mart,Jawa Barat,Bekasi,159,120,120,0,9.9
2024-01-28,P003,Hemaviton C1000,Vitamin,O004,Bekasi Health Mart,Jawa Barat,Bekasi,98,80,80,0,6.1
2024-01-28,P004,Vidoran Smart,Multivitamin,O004,Bekasi Health Mart,Jawa Barat,Bekasi,104,79,79,0,6.8
2024-01-28,P005,Marina Skin Care,Skin Care,O004,Bekasi Health Mart,Jawa Barat,Bekasi,119,86,86,0,7.9
2024-01-28,P001,Tempra,Fever & Pain,O005,Surabaya Prime Pharmacy,Jawa Timur,Surabaya,121,87,87,0,10.6
2024-01-28,P002,Bodrex Flu & Batuk,Cough & Cold,O005,Surabaya Prime Pharmacy,Jawa Timur,Surabaya,154,110,110,0,10.1
2024-01-28,P003,Hemaviton C1000,Vitamin,O005,Surabaya Prime Pharmacy,Jawa Timur,Surabaya,153,112,112,0,9.5
2024-01-28,P004,Vidoran Smart,Multivitamin,O005,Surabaya Prime Pharmacy,Jawa Timur,Surabaya,97,69,69,0,8.1
2024-01-28,P005,Marina Skin Care,Skin Care,O005,Surabaya Prime Pharmacy,Jawa Timur,Surabaya,162,135,135,0,12.6
2024-01-28,P001,Tempra,Fever & Pain,O006,Surabaya Health Mart,Jawa Timur,Surabaya,89,74,74,0,5.8
2024-01-28,P002,Bodrex Flu & Batuk,Cough & Cold,O006,Surabaya Health Mart,Jawa Timur,Surabaya,150,122,122,0,13.7
2024-01-28,P003,Hemaviton C1000,Vitamin,O006,Surabaya Health Mart,Jawa Timur,Surabaya,110,85,85,0,9.4
2024-01-28,P004,Vidoran Smart,Multivitamin,O006,Surabaya Health Mart,Jawa Timur,Surabaya,98,65,65,0,5.7
2024-01-28,P005,Marina Skin Care,Skin Care,O006,Surabaya Health Mart,Jawa Timur,Surabaya,94,62,62,0,4.8
2024-01-28,P001,Tempra,Fever & Pain,O007,Semarang Prime Pharmacy,Jawa Tengah,Semarang,96,84,84,0,6.3
2024-01-28,P002,Bodrex Flu & Batuk,Cough & Cold,O007,Semarang Prime Pharmacy,Jawa Tengah,Semarang,66,54,54,0,5.4
2024-01-28,P003,Hemaviton C1000,Vitamin,O007,Semarang Prime Pharmacy,Jawa Tengah,Semarang,164,133,133,0,12.5
2024-01-28,P004,Vidoran Smart,Multivitamin,O007,Semarang Prime Pharmacy,Jawa Tengah,Semarang,55,35,35,0,3.5
2024-01-28,P005,Marina Skin Care,Skin Care,O007,Semarang Prime Pharmacy,Jawa Tengah,Semarang,106,86,86,0,7.9
2024-01-28,P001,Tempra,Fever & Pain,O008,Semarang Health Mart,Jawa Tengah,Semarang,102,77,77,0,5.9
2024-01-28,P002,Bodrex Flu & Batuk,Cough & Cold,O008,Semarang Health Mart,Jawa Tengah,Semarang,101,68,68,0,5.0
2024-01-28,P003,Hemaviton C1000,Vitamin,O008,Semarang Health Mart,Jawa Tengah,Semarang,76,43,43,0,3.5
2024-01-28,P004,Vidoran Smart,Multivitamin,O008,Semarang Health Mart,Jawa Tengah,Semarang,113,79,79,0,8.8
2024-01-28,P005,Marina Skin Care,Skin Care,O008,Semarang Health Mart,Jawa Tengah,Semarang,159,126,126,0,14.0
2024-01-28,P001,Tempra,Fever & Pain,O009,Medan Prime Pharmacy,Sumatera,Medan,136,103,103,0,9.0
2024-01-28,P002,Bodrex Flu & Batuk,Cough & Cold,O009,Medan Prime Pharmacy,Sumatera,Medan,158,113,113,0,12.6
2024-01-28,P003,Hemaviton C1000,Vitamin,O009,Medan Prime Pharmacy,Sumatera,Medan,139,102,102,0,10.6
2024-01-28,P004,Vidoran Smart,Multivitamin,O009,Medan Prime Pharmacy,Sumatera,Medan,139,109,109,0,9.0
2024-01-28,P005,Marina Skin Care,Skin Care,O009,Medan Prime Pharmacy,Sumatera,Medan,120,103,103,0,10.9
2024-01-28,P001,Tempra,Fever & Pain,O010,Medan Health Mart,Sumatera,Medan,125,88,88,0,7.4
2024-01-28,P002,Bodrex Flu & Batuk,Cough & Cold,O010,Medan Health Mart,Sumatera,Medan,143,114,114,0,9.6
2024-01-28,P003,Hemaviton C1000,Vitamin,O010,Medan Health Mart,Sumatera,Medan,115,99,99,0,7.8
2024-01-28,P004,Vidoran Smart,Multivitamin,O010,Medan Health Mart,Sumatera,Medan,160,119,119,0,14.2
2024-01-28,P005,Marina Skin Care,Skin Care,O010,Medan Health Mart,Sumatera,Medan,112,72,72,0,7.2
2024-01-28,P001,Tempra,Fever & Pain,O011,Balikpapan Prime Pharmacy,Kalimantan,Balikpapan,119,76,76,0,6.7
2024-01-28,P002,Bodrex Flu & Batuk,Cough & Cold,O011,Balikpapan Prime Pharmacy,Kalimantan,Balikpapan,112,95,95,0,8.8
2024-01-28,P003,Hemaviton C1000,Vitamin,O011,Balikpapan Prime Pharmacy,Kalimantan,Balikpapan,180,158,158,0,11.9
2024-01-28,P004,Vidoran Smart,Multivitamin,O011,Balikpapan Prime Pharmacy,Kalimantan,Balikpapan,120,85,85,0,6.6
2024-01-28,P005,Marina Skin Care,Skin Care,O011,Balikpapan Prime Pharmacy,Kalimantan,Balikpapan,113,100,100,0,8.4
2024-01-28,P001,Tempra,Fever & Pain,O012,Balikpapan Health Mart,Kalimantan,Balikpapan,110,88,88,0,7.1
2024-01-28,P002,Bodrex Flu & Batuk,Cough & Cold,O012,Balikpapan Health Mart,Kalimantan,Balikpapan,101,74,74,0,7.1
2024-01-28,P003,Hemaviton C1000,Vitamin,O012,Balikpapan Health Mart,Kalimantan,Balikpapan,129,88,88,0,7.5
2024-01-28,P004,Vidoran Smart,Multivitamin,O012,Balikpapan Health Mart,Kalimantan,Balikpapan,117,81,81,0,5.7
2024-01-28,P005,Marina Skin Care,Skin Care,O012,Balikpapan Health Mart,Kalimantan,Balikpapan,148,110,110,0,9.7
2024-01-28,P001,Tempra,Fever & Pain,O013,Makassar Prime Pharmacy,Sulawesi,Makassar,114,100,100,0,11.8
2024-01-28,P002,Bodrex Flu & Batuk,Cough & Cold,O013,Makassar Prime Pharmacy,Sulawesi,Makassar,148,117,117,0,9.0
2024-01-28,P003,Hemaviton C1000,Vitamin,O013,Makassar Prime Pharmacy,Sulawesi,Makassar,111,84,84,0,6.2
2024-01-28,P004,Vidoran Smart,Multivitamin,O013,Makassar Prime Pharmacy,Sulawesi,Makassar,110,95,95,0,11.0
2024-01-28,P005,Marina Skin Care,Skin Care,O013,Makassar Prime Pharmacy,Sulawesi,Makassar,171,133,133,0,10.1
2024-01-28,P001,Tempra,Fever & Pain,O014,Makassar Health Mart,Sulawesi,Makassar,72,46,46,0,5.6
2024-01-28,P002,Bodrex Flu & Batuk,Cough & Cold,O014,Makassar Health Mart,Sulawesi,Makassar,157,114,114,0,9.2
2024-01-28,P003,Hemaviton C1000,Vitamin,O014,Makassar Health Mart,Sulawesi,Makassar,114,97,97,0,9.6
2024-01-28,P004,Vidoran Smart,Multivitamin,O014,Makassar Health Mart,Sulawesi,Makassar,158,140,140,0,12.4
2024-01-28,P005,Marina Skin Care,Skin Care,O014,Makassar Health Mart,Sulawesi,Makassar,114,86,86,0,6.7
2024-01-29,P001,Tempra,Fever & Pain,O001,Bandung Prime Pharmacy,Jawa Barat,Bandung,92,80,80,0,9.6
2024-01-29,P002,Bodrex Flu & Batuk,Cough & Cold,O001,Bandung Prime Pharmacy,Jawa Barat,Bandung,88,61,61,0,4.3
2024-01-29,P003,Hemaviton C1000,Vitamin,O001,Bandung Prime Pharmacy,Jawa Barat,Bandung,145,101,101,0,10.7
2024-01-29,P004,Vidoran Smart,Multivitamin,O001,Bandung Prime Pharmacy,Jawa Barat,Bandung,83,53,53,0,5.0
2024-01-29,P005,Marina Skin Care,Skin Care,O001,Bandung Prime Pharmacy,Jawa Barat,Bandung,171,144,144,0,16.9
2024-01-29,P001,Tempra,Fever & Pain,O002,Bandung Health Mart,Jawa Barat,Bandung,148,106,106,0,10.9
2024-01-29,P002,Bodrex Flu & Batuk,Cough & Cold,O002,Bandung Health Mart,Jawa Barat,Bandung,122,101,101,0,10.4
2024-01-29,P003,Hemaviton C1000,Vitamin,O002,Bandung Health Mart,Jawa Barat,Bandung,52,31,31,0,3.0
2024-01-29,P004,Vidoran Smart,Multivitamin,O002,Bandung Health Mart,Jawa Barat,Bandung,81,62,62,0,5.3
2024-01-29,P005,Marina Skin Care,Skin Care,O002,Bandung Health Mart,Jawa Barat,Bandung,132,116,116,0,8.7
2024-01-29,P001,Tempra,Fever & Pain,O003,Bekasi Prime Pharmacy,Jawa Barat,Bekasi,102,66,66,0,4.6
2024-01-29,P002,Bodrex Flu & Batuk,Cough & Cold,O003,Bekasi Prime Pharmacy,Jawa Barat,Bekasi,132,90,90,0,9.1
2024-01-29,P003,Hemaviton C1000,Vitamin,O003,Bekasi Prime Pharmacy,Jawa Barat,Bekasi,158,123,123,0,12.0
2024-01-29,P004,Vidoran Smart,Multivitamin,O003,Bekasi Prime Pharmacy,Jawa Barat,Bekasi,73,61,61,0,6.5
2024-01-29,P005,Marina Skin Care,Skin Care,O003,Bekasi Prime Pharmacy,Jawa Barat,Bekasi,127,94,94,0,6.4
2024-01-29,P001,Tempra,Fever & Pain,O004,Bekasi Health Mart,Jawa Barat,Bekasi,151,109,109,0,10.5
2024-01-29,P002,Bodrex Flu & Batuk,Cough & Cold,O004,Bekasi Health Mart,Jawa Barat,Bekasi,89,66,66,0,6.1
2024-01-29,P003,Hemaviton C1000,Vitamin,O004,Bekasi Health Mart,Jawa Barat,Bekasi,173,130,130,0,13.5
2024-01-29,P004,Vidoran Smart,Multivitamin,O004,Bekasi Health Mart,Jawa Barat,Bekasi,104,91,91,0,11.3
2024-01-29,P005,Marina Skin Care,Skin Care,O004,Bekasi Health Mart,Jawa Barat,Bekasi,101,57,57,0,4.0
2024-01-29,P001,Tempra,Fever & Pain,O005,Surabaya Prime Pharmacy,Jawa Timur,Surabaya,91,58,58,0,4.4
2024-01-29,P002,Bodrex Flu & Batuk,Cough & Cold,O005,Surabaya Prime Pharmacy,Jawa Timur,Surabaya,90,71,71,0,8.2
2024-01-29,P003,Hemaviton C1000,Vitamin,O005,Surabaya Prime Pharmacy,Jawa Timur,Surabaya,162,119,119,0,11.3
2024-01-29,P004,Vidoran Smart,Multivitamin,O005,Surabaya Prime Pharmacy,Jawa Timur,Surabaya,132,89,89,0,6.3
2024-01-29,P005,Marina Skin Care,Skin Care,O005,Surabaya Prime Pharmacy,Jawa Timur,Surabaya,123,92,92,0,11.4
2024-01-29,P001,Tempra,Fever & Pain,O006,Surabaya Health Mart,Jawa Timur,Surabaya,133,89,89,0,8.1
2024-01-29,P002,Bodrex Flu & Batuk,Cough & Cold,O006,Surabaya Health Mart,Jawa Timur,Surabaya,110,72,72,0,7.2
2024-01-29,P003,Hemaviton C1000,Vitamin,O006,Surabaya Health Mart,Jawa Timur,Surabaya,122,85,85,0,6.3
2024-01-29,P004,Vidoran Smart,Multivitamin,O006,Surabaya Health Mart,Jawa Timur,Surabaya,97,77,77,0,7.4
2024-01-29,P005,Marina Skin Care,Skin Care,O006,Surabaya Health Mart,Jawa Timur,Surabaya,145,110,110,0,13.7
2024-01-29,P001,Tempra,Fever & Pain,O007,Semarang Prime Pharmacy,Jawa Tengah,Semarang,126,81,81,0,5.7
2024-01-29,P002,Bodrex Flu & Batuk,Cough & Cold,O007,Semarang Prime Pharmacy,Jawa Tengah,Semarang,154,132,132,0,11.5
2024-01-29,P003,Hemaviton C1000,Vitamin,O007,Semarang Prime Pharmacy,Jawa Tengah,Semarang,95,66,66,0,6.7
2024-01-29,P004,Vidoran Smart,Multivitamin,O007,Semarang Prime Pharmacy,Jawa Tengah,Semarang,118,107,107,0,8.5
2024-01-29,P005,Marina Skin Care,Skin Care,O007,Semarang Prime Pharmacy,Jawa Tengah,Semarang,139,113,113,0,10.8
2024-01-29,P001,Tempra,Fever & Pain,O008,Semarang Health Mart,Jawa Tengah,Semarang,126,92,92,0,9.2
2024-01-29,P002,Bodrex Flu & Batuk,Cough & Cold,O008,Semarang Health Mart,Jawa Tengah,Semarang,110,85,85,0,7.4
2024-01-29,P003,Hemaviton C1000,Vitamin,O008,Semarang Health Mart,Jawa Tengah,Semarang,111,73,73,0,7.3
2024-01-29,P004,Vidoran Smart,Multivitamin,O008,Semarang Health Mart,Jawa Tengah,Semarang,109,77,77,0,6.5
2024-01-29,P005,Marina Skin Care,Skin Care,O008,Semarang Health Mart,Jawa Tengah,Semarang,124,106,106,0,7.6
2024-01-29,P001,Tempra,Fever & Pain,O009,Medan Prime Pharmacy,Sumatera,Medan,106,95,95,0,11.2
2024-01-29,P002,Bodrex Flu & Batuk,Cough & Cold,O009,Medan Prime Pharmacy,Sumatera,Medan,108,91,91,0,9.8
2024-01-29,P003,Hemaviton C1000,Vitamin,O009,Medan Prime Pharmacy,Sumatera,Medan,158,117,117,0,13.7
2024-01-29,P004,Vidoran Smart,Multivitamin,O009,Medan Prime Pharmacy,Sumatera,Medan,140,107,107,0,13.2
2024-01-29,P005,Marina Skin Care,Skin Care,O009,Medan Prime Pharmacy,Sumatera,Medan,68,42,42,0,5.1
2024-01-29,P001,Tempra,Fever & Pain,O010,Medan Health Mart,Sumatera,Medan,107,73,73,0,6.8
2024-01-29,P002,Bodrex Flu & Batuk,Cough & Cold,O010,Medan Health Mart,Sumatera,Medan,118,88,88,0,7.7
2024-01-29,P003,Hemaviton C1000,Vitamin,O010,Medan Health Mart,Sumatera,Medan,125,101,101,0,10.8
2024-01-29,P004,Vidoran Smart,Multivitamin,O010,Medan Health Mart,Sumatera,Medan,112,70,70,0,5.4
2024-01-29,P005,Marina Skin Care,Skin Care,O010,Medan Health Mart,Sumatera,Medan,92,77,77,0,9.1
2024-01-29,P001,Tempra,Fever & Pain,O011,Balikpapan Prime Pharmacy,Kalimantan,Balikpapan,155,111,111,0,8.6
2024-01-29,P002,Bodrex Flu & Batuk,Cough & Cold,O011,Balikpapan Prime Pharmacy,Kalimantan,Balikpapan,62,52,52,0,4.3
2024-01-29,P003,Hemaviton C1000,Vitamin,O011,Balikpapan Prime Pharmacy,Kalimantan,Balikpapan,92,60,60,0,5.0
2024-01-29,P004,Vidoran Smart,Multivitamin,O011,Balikpapan Prime Pharmacy,Kalimantan,Balikpapan,91,54,54,0,5.8
2024-01-29,P005,Marina Skin Care,Skin Care,O011,Balikpapan Prime Pharmacy,Kalimantan,Balikpapan,127,92,92,0,10.4
2024-01-29,P001,Tempra,Fever & Pain,O012,Balikpapan Health Mart,Kalimantan,Balikpapan,124,107,107,0,8.0
2024-01-29,P002,Bodrex Flu & Batuk,Cough & Cold,O012,Balikpapan Health Mart,Kalimantan,Balikpapan,112,100,100,0,11.3
2024-01-29,P003,Hemaviton C1000,Vitamin,O012,Balikpapan Health Mart,Kalimantan,Balikpapan,89,70,70,0,6.8
2024-01-29,P004,Vidoran Smart,Multivitamin,O012,Balikpapan Health Mart,Kalimantan,Balikpapan,141,108,108,0,7.4
2024-01-29,P005,Marina Skin Care,Skin Care,O012,Balikpapan Health Mart,Kalimantan,Balikpapan,131,100,100,0,8.1
2024-01-29,P001,Tempra,Fever & Pain,O013,Makassar Prime Pharmacy,Sulawesi,Makassar,124,108,108,0,8.0
2024-01-29,P002,Bodrex Flu & Batuk,Cough & Cold,O013,Makassar Prime Pharmacy,Sulawesi,Makassar,122,83,83,0,5.9
2024-01-29,P003,Hemaviton C1000,Vitamin,O013,Makassar Prime Pharmacy,Sulawesi,Makassar,104,61,61,0,7.1
2024-01-29,P004,Vidoran Smart,Multivitamin,O013,Makassar Prime Pharmacy,Sulawesi,Makassar,103,80,80,0,6.3
2024-01-29,P005,Marina Skin Care,Skin Care,O013,Makassar Prime Pharmacy,Sulawesi,Makassar,115,96,96,0,9.4
2024-01-29,P001,Tempra,Fever & Pain,O014,Makassar Health Mart,Sulawesi,Makassar,93,67,67,0,6.5
2024-01-29,P002,Bodrex Flu & Batuk,Cough & Cold,O014,Makassar Health Mart,Sulawesi,Makassar,98,68,68,0,5.3
2024-01-29,P003,Hemaviton C1000,Vitamin,O014,Makassar Health Mart,Sulawesi,Makassar,103,87,87,0,8.2
2024-01-29,P004,Vidoran Smart,Multivitamin,O014,Makassar Health Mart,Sulawesi,Makassar,141,126,126,0,12.7
2024-01-29,P005,Marina Skin Care,Skin Care,O014,Makassar Health Mart,Sulawesi,Makassar,141,125,125,0,9.1
2024-01-30,P001,Tempra,Fever & Pain,O001,Bandung Prime Pharmacy,Jawa Barat,Bandung,123,94,94,0,9.8
2024-01-30,P002,Bodrex Flu & Batuk,Cough & Cold,O001,Bandung Prime Pharmacy,Jawa Barat,Bandung,94,52,52,0,4.8
2024-01-30,P003,Hemaviton C1000,Vitamin,O001,Bandung Prime Pharmacy,Jawa Barat,Bandung,133,121,121,0,8.2
2024-01-30,P004,Vidoran Smart,Multivitamin,O001,Bandung Prime Pharmacy,Jawa Barat,Bandung,119,76,76,0,8.0
2024-01-30,P005,Marina Skin Care,Skin Care,O001,Bandung Prime Pharmacy,Jawa Barat,Bandung,191,157,157,0,10.7
2024-01-30,P001,Tempra,Fever & Pain,O002,Bandung Health Mart,Jawa Barat,Bandung,132,96,96,0,6.8
2024-01-30,P002,Bodrex Flu & Batuk,Cough & Cold,O002,Bandung Health Mart,Jawa Barat,Bandung,78,41,41,0,3.4
2024-01-30,P003,Hemaviton C1000,Vitamin,O002,Bandung Health Mart,Jawa Barat,Bandung,58,27,27,0,2.3
2024-01-30,P004,Vidoran Smart,Multivitamin,O002,Bandung Health Mart,Jawa Barat,Bandung,161,122,122,0,10.3
2024-01-30,P005,Marina Skin Care,Skin Care,O002,Bandung Health Mart,Jawa Barat,Bandung,98,66,66,0,4.6
2024-01-30,P001,Tempra,Fever & Pain,O003,Bekasi Prime Pharmacy,Jawa Barat,Bekasi,85,50,50,0,4.8
2024-01-30,P002,Bodrex Flu & Batuk,Cough & Cold,O003,Bekasi Prime Pharmacy,Jawa Barat,Bekasi,149,123,123,0,8.2
2024-01-30,P003,Hemaviton C1000,Vitamin,O003,Bekasi Prime Pharmacy,Jawa Barat,Bekasi,107,66,66,0,4.7
2024-01-30,P004,Vidoran Smart,Multivitamin,O003,Bekasi Prime Pharmacy,Jawa Barat,Bekasi,113,72,72,0,5.8
2024-01-30,P005,Marina Skin Care,Skin Care,O003,Bekasi Prime Pharmacy,Jawa Barat,Bekasi,92,63,63,0,4.5
2024-01-30,P001,Tempra,Fever & Pain,O004,Bekasi Health Mart,Jawa Barat,Bekasi,127,103,103,0,9.6
2024-01-30,P002,Bodrex Flu & Batuk,Cough & Cold,O004,Bekasi Health Mart,Jawa Barat,Bekasi,91,71,71,0,5.0
2024-01-30,P003,Hemaviton C1000,Vitamin,O004,Bekasi Health Mart,Jawa Barat,Bekasi,101,84,84,0,6.6
2024-01-30,P004,Vidoran Smart,Multivitamin,O004,Bekasi Health Mart,Jawa Barat,Bekasi,113,69,69,0,4.9
2024-01-30,P005,Marina Skin Care,Skin Care,O004,Bekasi Health Mart,Jawa Barat,Bekasi,139,111,111,0,8.0
2024-01-30,P001,Tempra,Fever & Pain,O005,Surabaya Prime Pharmacy,Jawa Timur,Surabaya,132,97,97,0,7.1
2024-01-30,P002,Bodrex Flu & Batuk,Cough & Cold,O005,Surabaya Prime Pharmacy,Jawa Timur,Surabaya,97,72,72,0,7.3
2024-01-30,P003,Hemaviton C1000,Vitamin,O005,Surabaya Prime Pharmacy,Jawa Timur,Surabaya,112,77,77,0,7.5
2024-01-30,P004,Vidoran Smart,Multivitamin,O005,Surabaya Prime Pharmacy,Jawa Timur,Surabaya,103,59,59,0,6.2
2024-01-30,P005,Marina Skin Care,Skin Care,O005,Surabaya Prime Pharmacy,Jawa Timur,Surabaya,139,100,100,0,10.6
2024-01-30,P001,Tempra,Fever & Pain,O006,Surabaya Health Mart,Jawa Timur,Surabaya,87,68,68,0,6.3
2024-01-30,P002,Bodrex Flu & Batuk,Cough & Cold,O006,Surabaya Health Mart,Jawa Timur,Surabaya,145,133,133,0,13.7
2024-01-30,P003,Hemaviton C1000,Vitamin,O006,Surabaya Health Mart,Jawa Timur,Surabaya,81,67,67,0,8.0
2024-01-30,P004,Vidoran Smart,Multivitamin,O006,Surabaya Health Mart,Jawa Timur,Surabaya,83,61,61,0,5.2
2024-01-30,P005,Marina Skin Care,Skin Care,O006,Surabaya Health Mart,Jawa Timur,Surabaya,131,100,100,0,12.3
2024-01-30,P001,Tempra,Fever & Pain,O007,Semarang Prime Pharmacy,Jawa Tengah,Semarang,148,104,104,0,8.1
2024-01-30,P002,Bodrex Flu & Batuk,Cough & Cold,O007,Semarang Prime Pharmacy,Jawa Tengah,Semarang,141,98,98,0,6.6
2024-01-30,P003,Hemaviton C1000,Vitamin,O007,Semarang Prime Pharmacy,Jawa Tengah,Semarang,94,59,59,0,4.2
2024-01-30,P004,Vidoran Smart,Multivitamin,O007,Semarang Prime Pharmacy,Jawa Tengah,Semarang,97,75,75,0,5.5
2024-01-30,P005,Marina Skin Care,Skin Care,O007,Semarang Prime Pharmacy,Jawa Tengah,Semarang,108,98,98,0,10.5
2024-01-30,P001,Tempra,Fever & Pain,O008,Semarang Health Mart,Jawa Tengah,Semarang,144,102,102,0,7.4
2024-01-30,P002,Bodrex Flu & Batuk,Cough & Cold,O008,Semarang Health Mart,Jawa Tengah,Semarang,88,78,78,0,5.6
2024-01-30,P003,Hemaviton C1000,Vitamin,O008,Semarang Health Mart,Jawa Tengah,Semarang,113,78,78,0,7.3
2024-01-30,P004,Vidoran Smart,Multivitamin,O008,Semarang Health Mart,Jawa Tengah,Semarang,124,111,111,0,8.1
2024-01-30,P005,Marina Skin Care,Skin Care,O008,Semarang Health Mart,Jawa Tengah,Semarang,125,110,110,0,8.7
2024-01-30,P001,Tempra,Fever & Pain,O009,Medan Prime Pharmacy,Sumatera,Medan,133,101,101,0,10.0
2024-01-30,P002,Bodrex Flu & Batuk,Cough & Cold,O009,Medan Prime Pharmacy,Sumatera,Medan,121,90,90,0,7.2
2024-01-30,P003,Hemaviton C1000,Vitamin,O009,Medan Prime Pharmacy,Sumatera,Medan,69,53,53,0,4.6
2024-01-30,P004,Vidoran Smart,Multivitamin,O009,Medan Prime Pharmacy,Sumatera,Medan,86,69,69,0,5.7
2024-01-30,P005,Marina Skin Care,Skin Care,O009,Medan Prime Pharmacy,Sumatera,Medan,117,87,87,0,6.6
2024-01-30,P001,Tempra,Fever & Pain,O010,Medan Health Mart,Sumatera,Medan,156,133,133,0,12.6
2024-01-30,P002,Bodrex Flu & Batuk,Cough & Cold,O010,Medan Health Mart,Sumatera,Medan,92,71,71,0,6.7
2024-01-30,P003,Hemaviton C1000,Vitamin,O010,Medan Health Mart,Sumatera,Medan,123,95,95,0,6.7
2024-01-30,P004,Vidoran Smart,Multivitamin,O010,Medan Health Mart,Sumatera,Medan,121,85,85,0,6.7
2024-01-30,P005,Marina Skin Care,Skin Care,O010,Medan Health Mart,Sumatera,Medan,94,75,75,0,5.2
2024-01-30,P001,Tempra,Fever & Pain,O011,Balikpapan Prime Pharmacy,Kalimantan,Balikpapan,148,135,135,0,13.0
2024-01-30,P002,Bodrex Flu & Batuk,Cough & Cold,O011,Balikpapan Prime Pharmacy,Kalimantan,Balikpapan,98,75,75,0,8.0
2024-01-30,P003,Hemaviton C1000,Vitamin,O011,Balikpapan Prime Pharmacy,Kalimantan,Balikpapan,125,89,89,0,6.7
2024-01-30,P004,Vidoran Smart,Multivitamin,O011,Balikpapan Prime Pharmacy,Kalimantan,Balikpapan,137,92,92,0,8.6
2024-01-30,P005,Marina Skin Care,Skin Care,O011,Balikpapan Prime Pharmacy,Kalimantan,Balikpapan,78,66,66,0,6.2
2024-01-30,P001,Tempra,Fever & Pain,O012,Balikpapan Health Mart,Kalimantan,Balikpapan,59,34,34,0,2.6
2024-01-30,P002,Bodrex Flu & Batuk,Cough & Cold,O012,Balikpapan Health Mart,Kalimantan,Balikpapan,145,122,122,0,10.4
2024-01-30,P003,Hemaviton C1000,Vitamin,O012,Balikpapan Health Mart,Kalimantan,Balikpapan,130,106,106,0,10.5
2024-01-30,P004,Vidoran Smart,Multivitamin,O012,Balikpapan Health Mart,Kalimantan,Balikpapan,127,107,107,0,8.0
2024-01-30,P005,Marina Skin Care,Skin Care,O012,Balikpapan Health Mart,Kalimantan,Balikpapan,158,129,129,0,12.0
2024-01-30,P001,Tempra,Fever & Pain,O013,Makassar Prime Pharmacy,Sulawesi,Makassar,88,66,66,0,5.4
2024-01-30,P002,Bodrex Flu & Batuk,Cough & Cold,O013,Makassar Prime Pharmacy,Sulawesi,Makassar,157,114,114,0,13.5
2024-01-30,P003,Hemaviton C1000,Vitamin,O013,Makassar Prime Pharmacy,Sulawesi,Makassar,92,79,79,0,8.2
2024-01-30,P004,Vidoran Smart,Multivitamin,O013,Makassar Prime Pharmacy,Sulawesi,Makassar,125,95,95,0,8.3
2024-01-30,P005,Marina Skin Care,Skin Care,O013,Makassar Prime Pharmacy,Sulawesi,Makassar,178,139,139,0,12.1
2024-01-30,P001,Tempra,Fever & Pain,O014,Makassar Health Mart,Sulawesi,Makassar,112,89,89,0,6.0
2024-01-30,P002,Bodrex Flu & Batuk,Cough & Cold,O014,Makassar Health Mart,Sulawesi,Makassar,110,84,84,0,7.5
2024-01-30,P003,Hemaviton C1000,Vitamin,O014,Makassar Health Mart,Sulawesi,Makassar,87,71,71,0,7.4
2024-01-30,P004,Vidoran Smart,Multivitamin,O014,Makassar Health Mart,Sulawesi,Makassar,49,28,28,0,2.0
2024-01-30,P005,Marina Skin Care,Skin Care,O014,Makassar Health Mart,Sulawesi,Makassar,177,136,136,0,16.4
2024-01-31,P001,Tempra,Fever & Pain,O001,Bandung Prime Pharmacy,Jawa Barat,Bandung,99,88,88,0,6.8
2024-01-31,P002,Bodrex Flu & Batuk,Cough & Cold,O001,Bandung Prime Pharmacy,Jawa Barat,Bandung,139,106,106,0,12.0
2024-01-31,P003,Hemaviton C1000,Vitamin,O001,Bandung Prime Pharmacy,Jawa Barat,Bandung,108,89,89,0,10.7
2024-01-31,P004,Vidoran Smart,Multivitamin,O001,Bandung Prime Pharmacy,Jawa Barat,Bandung,152,120,120,0,11.6
2024-01-31,P005,Marina Skin Care,Skin Care,O001,Bandung Prime Pharmacy,Jawa Barat,Bandung,135,118,118,0,14.7
2024-01-31,P001,Tempra,Fever & Pain,O002,Bandung Health Mart,Jawa Barat,Bandung,146,125,125,0,14.6
2024-01-31,P002,Bodrex Flu & Batuk,Cough & Cold,O002,Bandung Health Mart,Jawa Barat,Bandung,169,142,142,0,12.1
2024-01-31,P003,Hemaviton C1000,Vitamin,O002,Bandung Health Mart,Jawa Barat,Bandung,112,100,100,0,11.1
2024-01-31,P004,Vidoran Smart,Multivitamin,O002,Bandung Health Mart,Jawa Barat,Bandung,118,89,89,0,7.5
2024-01-31,P005,Marina Skin Care,Skin Care,O002,Bandung Health Mart,Jawa Barat,Bandung,120,87,87,0,6.7
2024-01-31,P001,Tempra,Fever & Pain,O003,Bekasi Prime Pharmacy,Jawa Barat,Bekasi,144,117,117,0,10.6
2024-01-31,P002,Bodrex Flu & Batuk,Cough & Cold,O003,Bekasi Prime Pharmacy,Jawa Barat,Bekasi,125,110,110,0,9.9
2024-01-31,P003,Hemaviton C1000,Vitamin,O003,Bekasi Prime Pharmacy,Jawa Barat,Bekasi,111,97,97,0,6.5
2024-01-31,P004,Vidoran Smart,Multivitamin,O003,Bekasi Prime Pharmacy,Jawa Barat,Bekasi,163,135,135,0,10.8
2024-01-31,P005,Marina Skin Care,Skin Care,O003,Bekasi Prime Pharmacy,Jawa Barat,Bekasi,119,86,86,0,7.6
2024-01-31,P001,Tempra,Fever & Pain,O004,Bekasi Health Mart,Jawa Barat,Bekasi,129,108,108,0,9.7
2024-01-31,P002,Bodrex Flu & Batuk,Cough & Cold,O004,Bekasi Health Mart,Jawa Barat,Bekasi,132,121,121,0,8.1
2024-01-31,P003,Hemaviton C1000,Vitamin,O004,Bekasi Health Mart,Jawa Barat,Bekasi,83,65,65,0,5.7
2024-01-31,P004,Vidoran Smart,Multivitamin,O004,Bekasi Health Mart,Jawa Barat,Bekasi,118,84,84,0,7.3
2024-01-31,P005,Marina Skin Care,Skin Care,O004,Bekasi Health Mart,Jawa Barat,Bekasi,121,88,88,0,8.2
2024-01-31,P001,Tempra,Fever & Pain,O005,Surabaya Prime Pharmacy,Jawa Timur,Surabaya,162,123,123,0,9.1
2024-01-31,P002,Bodrex Flu & Batuk,Cough & Cold,O005,Surabaya Prime Pharmacy,Jawa Timur,Surabaya,79,46,46,0,3.9
2024-01-31,P003,Hemaviton C1000,Vitamin,O005,Surabaya Prime Pharmacy,Jawa Timur,Surabaya,130,85,85,0,8.4
2024-01-31,P004,Vidoran Smart,Multivitamin,O005,Surabaya Prime Pharmacy,Jawa Timur,Surabaya,112,75,75,0,6.0
2024-01-31,P005,Marina Skin Care,Skin Care,O005,Surabaya Prime Pharmacy,Jawa Timur,Surabaya,78,66,66,0,6.4
2024-01-31,P001,Tempra,Fever & Pain,O006,Surabaya Health Mart,Jawa Timur,Surabaya,129,84,84,0,5.7
2024-01-31,P002,Bodrex Flu & Batuk,Cough & Cold,O006,Surabaya Health Mart,Jawa Timur,Surabaya,131,116,116,0,10.5
2024-01-31,P003,Hemaviton C1000,Vitamin,O006,Surabaya Health Mart,Jawa Timur,Surabaya,147,117,117,0,7.9
2024-01-31,P004,Vidoran Smart,Multivitamin,O006,Surabaya Health Mart,Jawa Timur,Surabaya,71,57,57,0,4.4
2024-01-31,P005,Marina Skin Care,Skin Care,O006,Surabaya Health Mart,Jawa Timur,Surabaya,126,94,94,0,6.3
2024-01-31,P001,Tempra,Fever & Pain,O007,Semarang Prime Pharmacy,Jawa Tengah,Semarang,104,77,77,0,7.8
2024-01-31,P002,Bodrex Flu & Batuk,Cough & Cold,O007,Semarang Prime Pharmacy,Jawa Tengah,Semarang,96,86,86,0,9.8
2024-01-31,P003,Hemaviton C1000,Vitamin,O007,Semarang Prime Pharmacy,Jawa Tengah,Semarang,81,51,51,0,5.4
2024-01-31,P004,Vidoran Smart,Multivitamin,O007,Semarang Prime Pharmacy,Jawa Tengah,Semarang,177,141,141,0,14.1
2024-01-31,P005,Marina Skin Care,Skin Care,O007,Semarang Prime Pharmacy,Jawa Tengah,Semarang,104,84,84,0,9.3
2024-01-31,P001,Tempra,Fever & Pain,O008,Semarang Health Mart,Jawa Tengah,Semarang,84,53,53,0,3.8
2024-01-31,P002,Bodrex Flu & Batuk,Cough & Cold,O008,Semarang Health Mart,Jawa Tengah,Semarang,125,107,107,0,12.6
2024-01-31,P003,Hemaviton C1000,Vitamin,O008,Semarang Health Mart,Jawa Tengah,Semarang,130,104,104,0,8.2
2024-01-31,P004,Vidoran Smart,Multivitamin,O008,Semarang Health Mart,Jawa Tengah,Semarang,134,97,97,0,7.5
2024-01-31,P005,Marina Skin Care,Skin Care,O008,Semarang Health Mart,Jawa Tengah,Semarang,106,86,86,0,10.0
2024-01-31,P001,Tempra,Fever & Pain,O009,Medan Prime Pharmacy,Sumatera,Medan,107,72,72,0,5.0
2024-01-31,P002,Bodrex Flu & Batuk,Cough & Cold,O009,Medan Prime Pharmacy,Sumatera,Medan,106,93,93,0,7.5
2024-01-31,P003,Hemaviton C1000,Vitamin,O009,Medan Prime Pharmacy,Sumatera,Medan,150,125,125,0,9.9
2024-01-31,P004,Vidoran Smart,Multivitamin,O009,Medan Prime Pharmacy,Sumatera,Medan,99,82,82,0,6.9
2024-01-31,P005,Marina Skin Care,Skin Care,O009,Medan Prime Pharmacy,Sumatera,Medan,51,41,41,0,3.1
2024-01-31,P001,Tempra,Fever & Pain,O010,Medan Health Mart,Sumatera,Medan,106,80,80,0,8.8
2024-01-31,P002,Bodrex Flu & Batuk,Cough & Cold,O010,Medan Health Mart,Sumatera,Medan,132,95,95,0,7.3
2024-01-31,P003,Hemaviton C1000,Vitamin,O010,Medan Health Mart,Sumatera,Medan,80,67,67,0,8.2
2024-01-31,P004,Vidoran Smart,Multivitamin,O010,Medan Health Mart,Sumatera,Medan,63,31,31,0,3.1
2024-01-31,P005,Marina Skin Care,Skin Care,O010,Medan Health Mart,Sumatera,Medan,134,110,110,0,9.1
2024-01-31,P001,Tempra,Fever & Pain,O011,Balikpapan Prime Pharmacy,Kalimantan,Balikpapan,147,110,110,0,9.5
2024-01-31,P002,Bodrex Flu & Batuk,Cough & Cold,O011,Balikpapan Prime Pharmacy,Kalimantan,Balikpapan,93,68,68,0,8.0
2024-01-31,P003,Hemaviton C1000,Vitamin,O011,Balikpapan Prime Pharmacy,Kalimantan,Balikpapan,136,96,96,0,9.0
2024-01-31,P004,Vidoran Smart,Multivitamin,O011,Balikpapan Prime Pharmacy,Kalimantan,Balikpapan,130,94,94,0,10.6
2024-01-31,P005,Marina Skin Care,Skin Care,O011,Balikpapan Prime Pharmacy,Kalimantan,Balikpapan,96,80,80,0,8.5
2024-01-31,P001,Tempra,Fever & Pain,O012,Balikpapan Health Mart,Kalimantan,Balikpapan,126,110,110,0,13.4
2024-01-31,P002,Bodrex Flu & Batuk,Cough & Cold,O012,Balikpapan Health Mart,Kalimantan,Balikpapan,135,94,94,0,6.6
2024-01-31,P003,Hemaviton C1000,Vitamin,O012,Balikpapan Health Mart,Kalimantan,Balikpapan,143,122,122,0,12.8
2024-01-31,P004,Vidoran Smart,Multivitamin,O012,Balikpapan Health Mart,Kalimantan,Balikpapan,90,60,60,0,4.2
2024-01-31,P005,Marina Skin Care,Skin Care,O012,Balikpapan Health Mart,Kalimantan,Balikpapan,130,107,107,0,11.1
2024-01-31,P001,Tempra,Fever & Pain,O013,Makassar Prime Pharmacy,Sulawesi,Makassar,156,112,112,0,12.9
2024-01-31,P002,Bodrex Flu & Batuk,Cough & Cold,O013,Makassar Prime Pharmacy,Sulawesi,Makassar,141,97,97,0,11.3
2024-01-31,P003,Hemaviton C1000,Vitamin,O013,Makassar Prime Pharmacy,Sulawesi,Makassar,52,42,42,0,4.4
2024-01-31,P004,Vidoran Smart,Multivitamin,O013,Makassar Prime Pharmacy,Sulawesi,Makassar,113,102,102,0,10.1
2024-01-31,P005,Marina Skin Care,Skin Care,O013,Makassar Prime Pharmacy,Sulawesi,Makassar,149,131,131,0,10.3
2024-01-31,P001,Tempra,Fever & Pain,O014,Makassar Health Mart,Sulawesi,Makassar,139,94,94,0,6.4
2024-01-31,P002,Bodrex Flu & Batuk,Cough & Cold,O014,Makassar Health Mart,Sulawesi,Makassar,118,103,103,0,8.8
2024-01-31,P003,Hemaviton C1000,Vitamin,O014,Makassar Health Mart,Sulawesi,Makassar,105,63,63,0,4.6
2024-01-31,P004,Vidoran Smart,Multivitamin,O014,Makassar Health Mart,Sulawesi,Makassar,103,87,87,0,8.3
2024-01-31,P005,Marina Skin Care,Skin Care,O014,Makassar Health Mart,Sulawesi,Makassar,107,78,78,0,6.4
2024-02-01,P001,Tempra,Fever & Pain,O001,Bandung Prime Pharmacy,Jawa Barat,Bandung,104,90,90,0,6.7
2024-02-01,P002,Bodrex Flu & Batuk,Cough & Cold,O001,Bandung Prime Pharmacy,Jawa Barat,Bandung,45,33,33,0,3.0
2024-02-01,P003,Hemaviton C1000,Vitamin,O001,Bandung Prime Pharmacy,Jawa Barat,Bandung,102,86,86,0,6.4
2024-02-01,P004,Vidoran Smart,Multivitamin,O001,Bandung Prime Pharmacy,Jawa Barat,Bandung,58,30,30,0,2.8
2024-02-01,P005,Marina Skin Care,Skin Care,O001,Bandung Prime Pharmacy,Jawa Barat,Bandung,103,76,76,0,8.4
2024-02-01,P001,Tempra,Fever & Pain,O002,Bandung Health Mart,Jawa Barat,Bandung,131,92,92,0,6.8
2024-02-01,P002,Bodrex Flu & Batuk,Cough & Cold,O002,Bandung Health Mart,Jawa Barat,Bandung,61,21,21,0,1.7
2024-02-01,P003,Hemaviton C1000,Vitamin,O002,Bandung Health Mart,Jawa Barat,Bandung,122,80,80,0,5.5
2024-02-01,P004,Vidoran Smart,Multivitamin,O002,Bandung Health Mart,Jawa Barat,Bandung,137,112,112,0,13.0
2024-02-01,P005,Marina Skin Care,Skin Care,O002,Bandung Health Mart,Jawa Barat,Bandung,131,92,92,0,9.3
2024-02-01,P001,Tempra,Fever & Pain,O003,Bekasi Prime Pharmacy,Jawa Barat,Bekasi,103,86,86,0,10.1
2024-02-01,P002,Bodrex Flu & Batuk,Cough & Cold,O003,Bekasi Prime Pharmacy,Jawa Barat,Bekasi,96,83,83,0,6.2
2024-02-01,P003,Hemaviton C1000,Vitamin,O003,Bekasi Prime Pharmacy,Jawa Barat,Bekasi,118,100,100,0,9.8
2024-02-01,P004,Vidoran Smart,Multivitamin,O003,Bekasi Prime Pharmacy,Jawa Barat,Bekasi,139,112,112,0,8.0
2024-02-01,P005,Marina Skin Care,Skin Care,O003,Bekasi Prime Pharmacy,Jawa Barat,Bekasi,90,61,61,0,4.1
2024-02-01,P001,Tempra,Fever & Pain,O004,Bekasi Health Mart,Jawa Barat,Bekasi,86,66,66,0,5.7
2024-02-01,P002,Bodrex Flu & Batuk,Cough & Cold,O004,Bekasi Health Mart,Jawa Barat,Bekasi,120,92,92,0,6.4
2024-02-01,P003,Hemaviton C1000,Vitamin,O004,Bekasi Health Mart,Jawa Barat,Bekasi,150,137,137,0,16.4
2024-02-01,P004,Vidoran Smart,Multivitamin,O004,Bekasi Health Mart,Jawa Barat,Bekasi,104,59,59,0,5.6
2024-02-01,P005,Marina Skin Care,Skin Care,O004,Bekasi Health Mart,Jawa Barat,Bekasi,93,71,71,0,5.8
2024-02-01,P001,Tempra,Fever & Pain,O005,Surabaya Prime Pharmacy,Jawa Timur,Surabaya,132,116,116,0,9.0
2024-02-01,P002,Bodrex Flu & Batuk,Cough & Cold,O005,Surabaya Prime Pharmacy,Jawa Timur,Surabaya,130,88,88,0,6.1
2024-02-01,P003,Hemaviton C1000,Vitamin,O005,Surabaya Prime Pharmacy,Jawa Timur,Surabaya,119,90,90,0,7.4
2024-02-01,P004,Vidoran Smart,Multivitamin,O005,Surabaya Prime Pharmacy,Jawa Timur,Surabaya,168,149,149,0,13.5
2024-02-01,P005,Marina Skin Care,Skin Care,O005,Surabaya Prime Pharmacy,Jawa Timur,Surabaya,69,42,42,0,3.2
2024-02-01,P001,Tempra,Fever & Pain,O006,Surabaya Health Mart,Jawa Timur,Surabaya,139,107,107,0,13.3
2024-02-01,P002,Bodrex Flu & Batuk,Cough & Cold,O006,Surabaya Health Mart,Jawa Timur,Surabaya,190,152,152,0,11.3
2024-02-01,P003,Hemaviton C1000,Vitamin,O006,Surabaya Health Mart,Jawa Timur,Surabaya,104,86,86,0,6.6
2024-02-01,P004,Vidoran Smart,Multivitamin,O006,Surabaya Health Mart,Jawa Timur,Surabaya,118,92,92,0,6.3
2024-02-01,P005,Marina Skin Care,Skin Care,O006,Surabaya Health Mart,Jawa Timur,Surabaya,156,145,145,0,13.8
2024-02-01,P001,Tempra,Fever & Pain,O007,Semarang Prime Pharmacy,Jawa Tengah,Semarang,121,103,103,0,8.4
2024-02-01,P002,Bodrex Flu & Batuk,Cough & Cold,O007,Semarang Prime Pharmacy,Jawa Tengah,Semarang,90,79,79,0,6.8
2024-02-01,P003,Hemaviton C1000,Vitamin,O007,Semarang Prime Pharmacy,Jawa Tengah,Semarang,116,95,95,0,9.8
2024-02-01,P004,Vidoran Smart,Multivitamin,O007,Semarang Prime Pharmacy,Jawa Tengah,Semarang,107,75,75,0,8.5
2024-02-01,P005,Marina Skin Care,Skin Care,O007,Semarang Prime Pharmacy,Jawa Tengah,Semarang,118,91,91,0,10.3
2024-02-01,P001,Tempra,Fever & Pain,O008,Semarang Health Mart,Jawa Tengah,Semarang,126,95,95,0,7.9
2024-02-01,P002,Bodrex Flu & Batuk,Cough & Cold,O008,Semarang Health Mart,Jawa Tengah,Semarang,96,79,79,0,7.9
2024-02-01,P003,Hemaviton C1000,Vitamin,O008,Semarang Health Mart,Jawa Tengah,Semarang,161,120,120,0,8.5
2024-02-01,P004,Vidoran Smart,Multivitamin,O008,Semarang Health Mart,Jawa Tengah,Semarang,165,120,120,0,9.4
2024-02-01,P005,Marina Skin Care,Skin Care,O008,Semarang Health Mart,Jawa Tengah,Semarang,126,89,89,0,7.9
2024-02-01,P001,Tempra,Fever & Pain,O009,Medan Prime Pharmacy,Sumatera,Medan,109,92,92,0,8.3
2024-02-01,P002,Bodrex Flu & Batuk,Cough & Cold,O009,Medan Prime Pharmacy,Sumatera,Medan,133,111,111,0,10.4
2024-02-01,P003,Hemaviton C1000,Vitamin,O009,Medan Prime Pharmacy,Sumatera,Medan,149,129,129,0,11.4
2024-02-01,P004,Vidoran Smart,Multivitamin,O009,Medan Prime Pharmacy,Sumatera,Medan,128,86,86,0,6.1
2024-02-01,P005,Marina Skin Care,Skin Care,O009,Medan Prime Pharmacy,Sumatera,Medan,125,81,81,0,8.5
2024-02-01,P001,Tempra,Fever & Pain,O010,Medan Health Mart,Sumatera,Medan,161,119,119,0,11.6
2024-02-01,P002,Bodrex Flu & Batuk,Cough & Cold,O010,Medan Health Mart,Sumatera,Medan,147,113,113,0,13.0
2024-02-01,P003,Hemaviton C1000,Vitamin,O010,Medan Health Mart,Sumatera,Medan,131,97,97,0,8.1
2024-02-01,P004,Vidoran Smart,Multivitamin,O010,Medan Health Mart,Sumatera,Medan,124,94,94,0,9.6
2024-02-01,P005,Marina Skin Care,Skin Care,O010,Medan Health Mart,Sumatera,Medan,123,97,97,0,11.1
2024-02-01,P001,Tempra,Fever & Pain,O011,Balikpapan Prime Pharmacy,Kalimantan,Balikpapan,131,111,111,0,12.5
2024-02-01,P002,Bodrex Flu & Batuk,Cough & Cold,O011,Balikpapan Prime Pharmacy,Kalimantan,Balikpapan,82,46,46,0,4.1
2024-02-01,P003,Hemaviton C1000,Vitamin,O011,Balikpapan Prime Pharmacy,Kalimantan,Balikpapan,85,50,50,0,3.9
2024-02-01,P004,Vidoran Smart,Multivitamin,O011,Balikpapan Prime Pharmacy,Kalimantan,Balikpapan,97,71,71,0,6.2
2024-02-01,P005,Marina Skin Care,Skin Care,O011,Balikpapan Prime Pharmacy,Kalimantan,Balikpapan,126,82,82,0,7.0
2024-02-01,P001,Tempra,Fever & Pain,O012,Balikpapan Health Mart,Kalimantan,Balikpapan,145,109,109,0,7.7
2024-02-01,P002,Bodrex Flu & Batuk,Cough & Cold,O012,Balikpapan Health Mart,Kalimantan,Balikpapan,91,66,66,0,7.2
2024-02-01,P003,Hemaviton C1000,Vitamin,O012,Balikpapan Health Mart,Kalimantan,Balikpapan,150,108,108,0,11.0
2024-02-01,P004,Vidoran Smart,Multivitamin,O012,Balikpapan Health Mart,Kalimantan,Balikpapan,98,72,72,0,6.9
2024-02-01,P005,Marina Skin Care,Skin Care,O012,Balikpapan Health Mart,Kalimantan,Balikpapan,143,108,108,0,7.4
2024-02-01,P001,Tempra,Fever & Pain,O013,Makassar Prime Pharmacy,Sulawesi,Makassar,85,66,66,0,6.4
2024-02-01,P002,Bodrex Flu & Batuk,Cough & Cold,O013,Makassar Prime Pharmacy,Sulawesi,Makassar,141,101,101,0,9.2
2024-02-01,P003,Hemaviton C1000,Vitamin,O013,Makassar Prime Pharmacy,Sulawesi,Makassar,69,56,56,0,6.5
2024-02-01,P004,Vidoran Smart,Multivitamin,O013,Makassar Prime Pharmacy,Sulawesi,Makassar,117,99,99,0,7.1
2024-02-01,P005,Marina Skin Care,Skin Care,O013,Makassar Prime Pharmacy,Sulawesi,Makassar,88,61,61,0,5.6
2024-02-01,P001,Tempra,Fever & Pain,O014,Makassar Health Mart,Sulawesi,Makassar,159,125,125,0,14.0
2024-02-01,P002,Bodrex Flu & Batuk,Cough & Cold,O014,Makassar Health Mart,Sulawesi,Makassar,130,102,102,0,8.7
2024-02-01,P003,Hemaviton C1000,Vitamin,O014,Makassar Health Mart,Sulawesi,Makassar,145,106,106,0,13.0
2024-02-01,P004,Vidoran Smart,Multivitamin,O014,Makassar Health Mart,Sulawesi,Makassar,147,106,106,0,9.4
2024-02-01,P005,Marina Skin Care,Skin Care,O014,Makassar Health Mart,Sulawesi,Makassar,129,90,90,0,6.2
2024-02-02,P001,Tempra,Fever & Pain,O001,Bandung Prime Pharmacy,Jawa Barat,Bandung,157,125,125,0,14.9
2024-02-02,P002,Bodrex Flu & Batuk,Cough & Cold,O001,Bandung Prime Pharmacy,Jawa Barat,Bandung,83,41,41,0,4.4
2024-02-02,P003,Hemaviton C1000,Vitamin,O001,Bandung Prime Pharmacy,Jawa Barat,Bandung,181,149,149,0,12.2
2024-02-02,P004,Vidoran Smart,Multivitamin,O001,Bandung Prime Pharmacy,Jawa Barat,Bandung,174,139,139,0,9.9
2024-02-02,P005,Marina Skin Care,Skin Care,O001,Bandung Prime Pharmacy,Jawa Barat,Bandung,138,102,102,0,8.4
2024-02-02,P001,Tempra,Fever & Pain,O002,Bandung Health Mart,Jawa Barat,Bandung,72,52,52,0,4.6
2024-02-02,P002,Bodrex Flu & Batuk,Cough & Cold,O002,Bandung Health Mart,Jawa Barat,Bandung,139,126,126,0,10.0
2024-02-02,P003,Hemaviton C1000,Vitamin,O002,Bandung Health Mart,Jawa Barat,Bandung,142,97,97,0,7.7
2024-02-02,P004,Vidoran Smart,Multivitamin,O002,Bandung Health Mart,Jawa Barat,Bandung,127,113,113,0,10.9
2024-02-02,P005,Marina Skin Care,Skin Care,O002,Bandung Health Mart,Jawa Barat,Bandung,112,71,71,0,6.6
2024-02-02,P001,Tempra,Fever & Pain,O003,Bekasi Prime Pharmacy,Jawa Barat,Bekasi,121,102,102,0,11.0
2024-02-02,P002,Bodrex Flu & Batuk,Cough & Cold,O003,Bekasi Prime Pharmacy,Jawa Barat,Bekasi,166,133,133,0,9.6
2024-02-02,P003,Hemaviton C1000,Vitamin,O003,Bekasi Prime Pharmacy,Jawa Barat,Bekasi,151,132,132,0,14.3
2024-02-02,P004,Vidoran Smart,Multivitamin,O003,Bekasi Prime Pharmacy,Jawa Barat,Bekasi,143,114,114,0,9.5
2024-02-02,P005,Marina Skin Care,Skin Care,O003,Bekasi Prime Pharmacy,Jawa Barat,Bekasi,156,115,115,0,10.6
2024-02-02,P001,Tempra,Fever & Pain,O004,Bekasi Health Mart,Jawa Barat,Bekasi,104,94,94,0,7.4
2024-02-02,P002,Bodrex Flu & Batuk,Cough & Cold,O004,Bekasi Health Mart,Jawa Barat,Bekasi,129,108,108,0,10.2
2024-02-02,P003,Hemaviton C1000,Vitamin,O004,Bekasi Health Mart,Jawa Barat,Bekasi,162,118,118,0,8.6
2024-02-02,P004,Vidoran Smart,Multivitamin,O004,Bekasi Health Mart,Jawa Barat,Bekasi,105,89,89,0,6.1
2024-02-02,P005,Marina Skin Care,Skin Care,O004,Bekasi Health Mart,Jawa Barat,Bekasi,139,99,99,0,6.8
2024-02-02,P001,Tempra,Fever & Pain,O005,Surabaya Prime Pharmacy,Jawa Timur,Surabaya,99,69,69,0,6.3
2024-02-02,P002,Bodrex Flu & Batuk,Cough & Cold,O005,Surabaya Prime Pharmacy,Jawa Timur,Surabaya,113,91,91,0,9.2
2024-02-02,P003,Hemaviton C1000,Vitamin,O005,Surabaya Prime Pharmacy,Jawa Timur,Surabaya,122,102,102,0,7.0
2024-02-02,P004,Vidoran Smart,Multivitamin,O005,Surabaya Prime Pharmacy,Jawa Timur,Surabaya,81,46,46,0,3.7
2024-02-02,P005,Marina Skin Care,Skin Care,O005,Surabaya Prime Pharmacy,Jawa Timur,Surabaya,134,102,102,0,8.3
2024-02-02,P001,Tempra,Fever & Pain,O006,Surabaya Health Mart,Jawa Timur,Surabaya,96,81,81,0,5.5
2024-02-02,P002,Bodrex Flu & Batuk,Cough & Cold,O006,Surabaya Health Mart,Jawa Timur,Surabaya,85,71,71,0,7.0
2024-02-02,P003,Hemaviton C1000,Vitamin,O006,Surabaya Health Mart,Jawa Timur,Surabaya,109,97,97,0,7.0
2024-02-02,P004,Vidoran Smart,Multivitamin,O006,Surabaya Health Mart,Jawa Timur,Surabaya,108,98,98,0,12.0
2024-02-02,P005,Marina Skin Care,Skin Care,O006,Surabaya Health Mart,Jawa Timur,Surabaya,118,106,106,0,7.5
2024-02-02,P001,Tempra,Fever & Pain,O007,Semarang Prime Pharmacy,Jawa Tengah,Semarang,138,96,96,0,10.9
2024-02-02,P002,Bodrex Flu & Batuk,Cough & Cold,O007,Semarang Prime Pharmacy,Jawa Tengah,Semarang,90,70,70,0,6.3
2024-02-02,P003,Hemaviton C1000,Vitamin,O007,Semarang Prime Pharmacy,Jawa Tengah,Semarang,127,84,84,0,8.4
2024-02-02,P004,Vidoran Smart,Multivitamin,O007,Semarang Prime Pharmacy,Jawa Tengah,Semarang,148,107,107,0,9.3
2024-02-02,P005,Marina Skin Care,Skin Care,O007,Semarang Prime Pharmacy,Jawa Tengah,Semarang,107,97,97,0,11.3
2024-02-02,P001,Tempra,Fever & Pain,O008,Semarang Health Mart,Jawa Tengah,Semarang,126,116,116,0,11.0
2024-02-02,P002,Bodrex Flu & Batuk,Cough & Cold,O008,Semarang Health Mart,Jawa Tengah,Semarang,129,115,115,0,9.0
2024-02-02,P003,Hemaviton C1000,Vitamin,O008,Semarang Health Mart,Jawa Tengah,Semarang,142,100,100,0,8.4
2024-02-02,P004,Vidoran Smart,Multivitamin,O008,Semarang Health Mart,Jawa Tengah,Semarang,165,122,122,0,13.8
2024-02-02,P005,Marina Skin Care,Skin Care,O008,Semarang Health Mart,Jawa Tengah,Semarang,114,83,83,0,9.3
2024-02-02,P001,Tempra,Fever & Pain,O009,Medan Prime Pharmacy,Sumatera,Medan,166,143,143,0,12.0
2024-02-02,P002,Bodrex Flu & Batuk,Cough & Cold,O009,Medan Prime Pharmacy,Sumatera,Medan,128,107,107,0,9.1
2024-02-02,P003,Hemaviton C1000,Vitamin,O009,Medan Prime Pharmacy,Sumatera,Medan,90,79,79,0,8.6
2024-02-02,P004,Vidoran Smart,Multivitamin,O009,Medan Prime Pharmacy,Sumatera,Medan,64,46,46,0,3.6
2024-02-02,P005,Marina Skin Care,Skin Care,O009,Medan Prime Pharmacy,Sumatera,Medan,123,98,98,0,9.5
2024-02-02,P001,Tempra,Fever & Pain,O010,Medan Health Mart,Sumatera,Medan,107,81,81,0,6.3
2024-02-02,P002,Bodrex Flu & Batuk,Cough & Cold,O010,Medan Health Mart,Sumatera,Medan,145,106,106,0,12.9
2024-02-02,P003,Hemaviton C1000,Vitamin,O010,Medan Health Mart,Sumatera,Medan,110,84,84,0,5.9
2024-02-02,P004,Vidoran Smart,Multivitamin,O010,Medan Health Mart,Sumatera,Medan,57,43,43,0,4.7
2024-02-02,P005,Marina Skin Care,Skin Care,O010,Medan Health Mart,Sumatera,Medan,119,93,93,0,8.4
2024-02-02,P001,Tempra,Fever & Pain,O011,Balikpapan Prime Pharmacy,Kalimantan,Balikpapan,125,111,111,0,8.2
2024-02-02,P002,Bodrex Flu & Batuk,Cough & Cold,O011,Balikpapan Prime Pharmacy,Kalimantan,Balikpapan,124,110,110,0,13.4
2024-02-02,P003,Hemaviton C1000,Vitamin,O011,Balikpapan Prime Pharmacy,Kalimantan,Balikpapan,156,129,129,0,10.4
2024-02-02,P004,Vidoran Smart,Multivitamin,O011,Balikpapan Prime Pharmacy,Kalimantan,Balikpapan,111,92,92,0,6.8
2024-02-02,P005,Marina Skin Care,Skin Care,O011,Balikpapan Prime Pharmacy,Kalimantan,Balikpapan,116,106,106,0,11.8
2024-02-02,P001,Tempra,Fever & Pain,O012,Balikpapan Health Mart,Kalimantan,Balikpapan,146,104,104,0,7.1
2024-02-02,P002,Bodrex Flu & Batuk,Cough & Cold,O012,Balikpapan Health Mart,Kalimantan,Balikpapan,109,71,71,0,6.2
2024-02-02,P003,Hemaviton C1000,Vitamin,O012,Balikpapan Health Mart,Kalimantan,Balikpapan,161,117,117,0,8.1
2024-02-02,P004,Vidoran Smart,Multivitamin,O012,Balikpapan Health Mart,Kalimantan,Balikpapan,88,47,47,0,3.6
2024-02-02,P005,Marina Skin Care,Skin Care,O012,Balikpapan Health Mart,Kalimantan,Balikpapan,154,114,114,0,11.2
2024-02-02,P001,Tempra,Fever & Pain,O013,Makassar Prime Pharmacy,Sulawesi,Makassar,131,120,120,0,8.5
2024-02-02,P002,Bodrex Flu & Batuk,Cough & Cold,O013,Makassar Prime Pharmacy,Sulawesi,Makassar,101,90,90,0,6.3
2024-02-02,P003,Hemaviton C1000,Vitamin,O013,Makassar Prime Pharmacy,Sulawesi,Makassar,131,104,104,0,10.0
2024-02-02,P004,Vidoran Smart,Multivitamin,O013,Makassar Prime Pharmacy,Sulawesi,Makassar,117,86,86,0,10.4
2024-02-02,P005,Marina Skin Care,Skin Care,O013,Makassar Prime Pharmacy,Sulawesi,Makassar,120,89,89,0,10.4
2024-02-02,P001,Tempra,Fever & Pain,O014,Makassar Health Mart,Sulawesi,Makassar,75,55,55,0,3.9
2024-02-02,P002,Bodrex Flu & Batuk,Cough & Cold,O014,Makassar Health Mart,Sulawesi,Makassar,59,46,46,0,5.1
2024-02-02,P003,Hemaviton C1000,Vitamin,O014,Makassar Health Mart,Sulawesi,Makassar,96,66,66,0,5.8
2024-02-02,P004,Vidoran Smart,Multivitamin,O014,Makassar Health Mart,Sulawesi,Makassar,100,80,80,0,9.8
2024-02-02,P005,Marina Skin Care,Skin Care,O014,Makassar Health Mart,Sulawesi,Makassar,164,130,130,0,9.1
2024-02-03,P001,Tempra,Fever & Pain,O001,Bandung Prime Pharmacy,Jawa Barat,Bandung,121,97,97,0,11.5
2024-02-03,P002,Bodrex Flu & Batuk,Cough & Cold,O001,Bandung Prime Pharmacy,Jawa Barat,Bandung,188,164,164,0,14.5
2024-02-03,P003,Hemaviton C1000,Vitamin,O001,Bandung Prime Pharmacy,Jawa Barat,Bandung,80,49,49,0,3.7
2024-02-03,P004,Vidoran Smart,Multivitamin,O001,Bandung Prime Pharmacy,Jawa Barat,Bandung,125,108,108,0,12.3
2024-02-03,P005,Marina Skin Care,Skin Care,O001,Bandung Prime Pharmacy,Jawa Barat,Bandung,128,114,114,0,11.2
2024-02-03,P001,Tempra,Fever & Pain,O002,Bandung Health Mart,Jawa Barat,Bandung,136,106,106,0,8.5
2024-02-03,P002,Bodrex Flu & Batuk,Cough & Cold,O002,Bandung Health Mart,Jawa Barat,Bandung,119,80,80,0,8.2
2024-02-03,P003,Hemaviton C1000,Vitamin,O002,Bandung Health Mart,Jawa Barat,Bandung,95,72,72,0,6.4
2024-02-03,P004,Vidoran Smart,Multivitamin,O002,Bandung Health Mart,Jawa Barat,Bandung,120,105,105,0,9.8
2024-02-03,P005,Marina Skin Care,Skin Care,O002,Bandung Health Mart,Jawa Barat,Bandung,100,75,75,0,5.4
2024-02-03,P001,Tempra,Fever & Pain,O003,Bekasi Prime Pharmacy,Jawa Barat,Bekasi,144,104,104,0,7.8
2024-02-03,P002,Bodrex Flu & Batuk,Cough & Cold,O003,Bekasi Prime Pharmacy,Jawa Barat,Bekasi,126,95,95,0,6.6
2024-02-03,P003,Hemaviton C1000,Vitamin,O003,Bekasi Prime Pharmacy,Jawa Barat,Bekasi,79,63,63,0,5.8
2024-02-03,P004,Vidoran Smart,Multivitamin,O003,Bekasi Prime Pharmacy,Jawa Barat,Bekasi,132,111,111,0,8.5
2024-02-03,P005,Marina Skin Care,Skin Care,O003,Bekasi Prime Pharmacy,Jawa Barat,Bekasi,158,116,116,0,13.7
2024-02-03,P001,Tempra,Fever & Pain,O004,Bekasi Health Mart,Jawa Barat,Bekasi,111,75,75,0,5.2
2024-02-03,P002,Bodrex Flu & Batuk,Cough & Cold,O004,Bekasi Health Mart,Jawa Barat,Bekasi,132,99,99,0,6.8
2024-02-03,P003,Hemaviton C1000,Vitamin,O004,Bekasi Health Mart,Jawa Barat,Bekasi,140,106,106,0,8.8
2024-02-03,P004,Vidoran Smart,Multivitamin,O004,Bekasi Health Mart,Jawa Barat,Bekasi,164,130,130,0,10.8
2024-02-03,P005,Marina Skin Care,Skin Care,O004,Bekasi Health Mart,Jawa Barat,Bekasi,116,106,106,0,12.1
2024-02-03,P001,Tempra,Fever & Pain,O005,Surabaya Prime Pharmacy,Jawa Timur,Surabaya,114,95,95,0,10.3
2024-02-03,P002,Bodrex Flu & Batuk,Cough & Cold,O005,Surabaya Prime Pharmacy,Jawa Timur,Surabaya,102,92,92,0,6.8
2024-02-03,P003,Hemaviton C1000,Vitamin,O005,Surabaya Prime Pharmacy,Jawa Timur,Surabaya,117,87,87,0,9.8
2024-02-03,P004,Vidoran Smart,Multivitamin,O005,Surabaya Prime Pharmacy,Jawa Timur,Surabaya,103,72,72,0,6.2
2024-02-03,P005,Marina Skin Care,Skin Care,O005,Surabaya Prime Pharmacy,Jawa Timur,Surabaya,64,53,53,0,3.9
2024-02-03,P001,Tempra,Fever & Pain,O006,Surabaya Health Mart,Jawa Timur,Surabaya,145,103,103,0,10.3
2024-02-03,P002,Bodrex Flu & Batuk,Cough & Cold,O006,Surabaya Health Mart,Jawa Timur,Surabaya,97,81,81,0,6.4
2024-02-03,P003,Hemaviton C1000,Vitamin,O006,Surabaya Health Mart,Jawa Timur,Surabaya,87,62,62,0,7.4
2024-02-03,P004,Vidoran Smart,Multivitamin,O006,Surabaya Health Mart,Jawa Timur,Surabaya,122,80,80,0,8.3
2024-02-03,P005,Marina Skin Care,Skin Care,O006,Surabaya Health Mart,Jawa Timur,Surabaya,126,94,94,0,8.5
2024-02-03,P001,Tempra,Fever & Pain,O007,Semarang Prime Pharmacy,Jawa Tengah,Semarang,110,92,92,0,7.7
2024-02-03,P002,Bodrex Flu & Batuk,Cough & Cold,O007,Semarang Prime Pharmacy,Jawa Tengah,Semarang,115,90,90,0,6.2
2024-02-03,P003,Hemaviton C1000,Vitamin,O007,Semarang Prime Pharmacy,Jawa Tengah,Semarang,113,94,94,0,6.4
2024-02-03,P004,Vidoran Smart,Multivitamin,O007,Semarang Prime Pharmacy,Jawa Tengah,Semarang,105,66,66,0,8.0
2024-02-03,P005,Marina Skin Care,Skin Care,O007,Semarang Prime Pharmacy,Jawa Tengah,Semarang,162,139,139,0,11.7
2024-02-03,P001,Tempra,Fever & Pain,O008,Semarang Health Mart,Jawa Tengah,Semarang,87,63,63,0,6.3
2024-02-03,P002,Bodrex Flu & Batuk,Cough & Cold,O008,Semarang Health Mart,Jawa Tengah,Semarang,105,83,83,0,6.8
2024-02-03,P003,Hemaviton C1000,Vitamin,O008,Semarang Health Mart,Jawa Tengah,Semarang,178,141,141,0,9.9
2024-02-03,P004,Vidoran Smart,Multivitamin,O008,Semarang Health Mart,Jawa Tengah,Semarang,136,115,115,0,10.5
2024-02-03,P005,Marina Skin Care,Skin Care,O008,Semarang Health Mart,Jawa Tengah,Semarang,136,119,119,0,8.6
2024-02-03,P001,Tempra,Fever & Pain,O009,Medan Prime Pharmacy,Sumatera,Medan,77,53,53,0,4.3
2024-02-03,P002,Bodrex Flu & Batuk,Cough & Cold,O009,Medan Prime Pharmacy,Sumatera,Medan,162,128,128,0,11.1
2024-02-03,P003,Hemaviton C1000,Vitamin,O009,Medan Prime Pharmacy,Sumatera,Medan,138,126,126,0,13.4
2024-02-03,P004,Vidoran Smart,Multivitamin,O009,Medan Prime Pharmacy,Sumatera,Medan,112,88,88,0,6.6
2024-02-03,P005,Marina Skin Care,Skin Care,O009,Medan Prime Pharmacy,Sumatera,Medan,75,61,61,0,4.3
2024-02-03,P001,Tempra,Fever & Pain,O010,Medan Health Mart,Sumatera,Medan,182,166,166,0,14.3
2024-02-03,P002,Bodrex Flu & Batuk,Cough & Cold,O010,Medan Health Mart,Sumatera,Medan,136,107,107,0,9.0
2024-02-03,P003,Hemaviton C1000,Vitamin,O010,Medan Health Mart,Sumatera,Medan,113,95,95,0,6.4
2024-02-03,P004,Vidoran Smart,Multivitamin,O010,Medan Health Mart,Sumatera,Medan,143,122,122,0,12.6
2024-02-03,P005,Marina Skin Care,Skin Care,O010,Medan Health Mart,Sumatera,Medan,131,100,100,0,7.5
2024-02-03,P001,Tempra,Fever & Pain,O011,Balikpapan Prime Pharmacy,Kalimantan,Balikpapan,100,71,71,0,5.6
2024-02-03,P002,Bodrex Flu & Batuk,Cough & Cold,O011,Balikpapan Prime Pharmacy,Kalimantan,Balikpapan,141,125,125,0,9.4
2024-02-03,P003,Hemaviton C1000,Vitamin,O011,Balikpapan Prime Pharmacy,Kalimantan,Balikpapan,125,89,89,0,6.7
2024-02-03,P004,Vidoran Smart,Multivitamin,O011,Balikpapan Prime Pharmacy,Kalimantan,Balikpapan,118,88,88,0,7.6
2024-02-03,P005,Marina Skin Care,Skin Care,O011,Balikpapan Prime Pharmacy,Kalimantan,Balikpapan,134,104,104,0,9.3
2024-02-03,P001,Tempra,Fever & Pain,O012,Balikpapan Health Mart,Kalimantan,Balikpapan,106,86,86,0,5.8
2024-02-03,P002,Bodrex Flu & Batuk,Cough & Cold,O012,Balikpapan Health Mart,Kalimantan,Balikpapan,97,71,71,0,6.2
2024-02-03,P003,Hemaviton C1000,Vitamin,O012,Balikpapan Health Mart,Kalimantan,Balikpapan,103,82,82,0,7.5
2024-02-03,P004,Vidoran Smart,Multivitamin,O012,Balikpapan Health Mart,Kalimantan,Balikpapan,109,99,99,0,7.0
2024-02-03,P005,Marina Skin Care,Skin Care,O012,Balikpapan Health Mart,Kalimantan,Balikpapan,143,123,123,0,12.0
2024-02-03,P001,Tempra,Fever & Pain,O013,Makassar Prime Pharmacy,Sulawesi,Makassar,102,73,73,0,5.2
2024-02-03,P002,Bodrex Flu & Batuk,Cough & Cold,O013,Makassar Prime Pharmacy,Sulawesi,Makassar,117,98,98,0,7.3
2024-02-03,P003,Hemaviton C1000,Vitamin,O013,Makassar Prime Pharmacy,Sulawesi,Makassar,141,120,120,0,12.7
2024-02-03,P004,Vidoran Smart,Multivitamin,O013,Makassar Prime Pharmacy,Sulawesi,Makassar,68,43,43,0,5.3
2024-02-03,P005,Marina Skin Care,Skin Care,O013,Makassar Prime Pharmacy,Sulawesi,Makassar,92,51,51,0,5.1
2024-02-03,P001,Tempra,Fever & Pain,O014,Makassar Health Mart,Sulawesi,Makassar,124,90,90,0,8.3
2024-02-03,P002,Bodrex Flu & Batuk,Cough & Cold,O014,Makassar Health Mart,Sulawesi,Makassar,166,147,147,0,16.1
2024-02-03,P003,Hemaviton C1000,Vitamin,O014,Makassar Health Mart,Sulawesi,Makassar,81,68,68,0,7.3
2024-02-03,P004,Vidoran Smart,Multivitamin,O014,Makassar Health Mart,Sulawesi,Makassar,133,104,104,0,10.5
2024-02-03,P005,Marina Skin Care,Skin Care,O014,Makassar Health Mart,Sulawesi,Makassar,107,86,86,0,6.0
2024-02-04,P001,Tempra,Fever & Pain,O001,Bandung Prime Pharmacy,Jawa Barat,Bandung,129,96,96,0,11.8
2024-02-04,P002,Bodrex Flu & Batuk,Cough & Cold,O001,Bandung Prime Pharmacy,Jawa Barat,Bandung,78,61,61,0,5.3
2024-02-04,P003,Hemaviton C1000,Vitamin,O001,Bandung Prime Pharmacy,Jawa Barat,Bandung,140,119,119,0,10.3
2024-02-04,P004,Vidoran Smart,Multivitamin,O001,Bandung Prime Pharmacy,Jawa Barat,Bandung,152,132,132,0,12.1
2024-02-04,P005,Marina Skin Care,Skin Care,O001,Bandung Prime Pharmacy,Jawa Barat,Bandung,116,96,96,0,9.1
2024-02-04,P001,Tempra,Fever & Pain,O002,Bandung Health Mart,Jawa Barat,Bandung,137,113,113,0,9.9
2024-02-04,P002,Bodrex Flu & Batuk,Cough & Cold,O002,Bandung Health Mart,Jawa Barat,Bandung,139,94,94,0,8.6
2024-02-04,P003,Hemaviton C1000,Vitamin,O002,Bandung Health Mart,Jawa Barat,Bandung,116,105,105,0,7.6
2024-02-04,P004,Vidoran Smart,Multivitamin,O002,Bandung Health Mart,Jawa Barat,Bandung,93,67,67,0,4.8
2024-02-04,P005,Marina Skin Care,Skin Care,O002,Bandung Health Mart,Jawa Barat,Bandung,127,99,99,0,7.4
2024-02-04,P001,Tempra,Fever & Pain,O003,Bekasi Prime Pharmacy,Jawa Barat,Bekasi,133,96,96,0,8.3
2024-02-04,P002,Bodrex Flu & Batuk,Cough & Cold,O003,Bekasi Prime Pharmacy,Jawa Barat,Bekasi,106,95,95,0,10.6
2024-02-04,P003,Hemaviton C1000,Vitamin,O003,Bekasi Prime Pharmacy,Jawa Barat,Bekasi,117,103,103,0,9.2
2024-02-04,P004,Vidoran Smart,Multivitamin,O003,Bekasi Prime Pharmacy,Jawa Barat,Bekasi,143,120,120,0,8.2
2024-02-04,P005,Marina Skin Care,Skin Care,O003,Bekasi Prime Pharmacy,Jawa Barat,Bekasi,88,77,77,0,8.9
2024-02-04,P001,Tempra,Fever & Pain,O004,Bekasi Health Mart,Jawa Barat,Bekasi,110,98,98,0,8.1
2024-02-04,P002,Bodrex Flu & Batuk,Cough & Cold,O004,Bekasi Health Mart,Jawa Barat,Bekasi,99,73,73,0,9.0
2024-02-04,P003,Hemaviton C1000,Vitamin,O004,Bekasi Health Mart,Jawa Barat,Bekasi,89,59,59,0,5.4
2024-02-04,P004,Vidoran Smart,Multivitamin,O004,Bekasi Health Mart,Jawa Barat,Bekasi,99,83,83,0,7.7
2024-02-04,P005,Marina Skin Care,Skin Care,O004,Bekasi Health Mart,Jawa Barat,Bekasi,53,36,36,0,2.5
2024-02-04,P001,Tempra,Fever & Pain,O005,Surabaya Prime Pharmacy,Jawa Timur,Surabaya,131,111,111,0,11.3
2024-02-04,P002,Bodrex Flu & Batuk,Cough & Cold,O005,Surabaya Prime Pharmacy,Jawa Timur,Surabaya,95,71,71,0,8.4
2024-02-04,P003,Hemaviton C1000,Vitamin,O005,Surabaya Prime Pharmacy,Jawa Timur,Surabaya,109,93,93,0,9.4
2024-02-04,P004,Vidoran Smart,Multivitamin,O005,Surabaya Prime Pharmacy,Jawa Timur,Surabaya,144,132,132,0,11.9
2024-02-04,P005,Marina Skin Care,Skin Care,O005,Surabaya Prime Pharmacy,Jawa Timur,Surabaya,127,86,86,0,7.1
2024-02-04,P001,Tempra,Fever & Pain,O006,Surabaya Health Mart,Jawa Timur,Surabaya,210,172,172,0,13.1
2024-02-04,P002,Bodrex Flu & Batuk,Cough & Cold,O006,Surabaya Health Mart,Jawa Timur,Surabaya,126,107,107,0,10.2
2024-02-04,P003,Hemaviton C1000,Vitamin,O006,Surabaya Health Mart,Jawa Timur,Surabaya,135,124,124,0,12.7
2024-02-04,P004,Vidoran Smart,Multivitamin,O006,Surabaya Health Mart,Jawa Timur,Surabaya,139,120,120,0,8.5
2024-02-04,P005,Marina Skin Care,Skin Care,O006,Surabaya Health Mart,Jawa Timur,Surabaya,105,94,94,0,7.3
2024-02-04,P001,Tempra,Fever & Pain,O007,Semarang Prime Pharmacy,Jawa Tengah,Semarang,141,117,117,0,9.7
2024-02-04,P002,Bodrex Flu & Batuk,Cough & Cold,O007,Semarang Prime Pharmacy,Jawa Tengah,Semarang,110,87,87,0,7.9
2024-02-04,P003,Hemaviton C1000,Vitamin,O007,Semarang Prime Pharmacy,Jawa Tengah,Semarang,102,84,84,0,9.2
2024-02-04,P004,Vidoran Smart,Multivitamin,O007,Semarang Prime Pharmacy,Jawa Tengah,Semarang,113,96,96,0,7.5
2024-02-04,P005,Marina Skin Care,Skin Care,O007,Semarang Prime Pharmacy,Jawa Tengah,Semarang,111,99,99,0,6.7
2024-02-04,P001,Tempra,Fever & Pain,O008,Semarang Health Mart,Jawa Tengah,Semarang,174,157,157,0,15.4
2024-02-04,P002,Bodrex Flu & Batuk,Cough & Cold,O008,Semarang Health Mart,Jawa Tengah,Semarang,118,100,100,0,7.5
2024-02-04,P003,Hemaviton C1000,Vitamin,O008,Semarang Health Mart,Jawa Tengah,Semarang,106,76,76,0,6.9
2024-02-04,P004,Vidoran Smart,Multivitamin,O008,Semarang Health Mart,Jawa Tengah,Semarang,135,109,109,0,9.0
2024-02-04,P005,Marina Skin Care,Skin Care,O008,Semarang Health Mart,Jawa Tengah,Semarang,161,141,141,0,16.1
2024-02-04,P001,Tempra,Fever & Pain,O009,Medan Prime Pharmacy,Sumatera,Medan,157,119,119,0,14.4
2024-02-04,P002,Bodrex Flu & Batuk,Cough & Cold,O009,Medan Prime Pharmacy,Sumatera,Medan,86,60,60,0,6.2
2024-02-04,P003,Hemaviton C1000,Vitamin,O009,Medan Prime Pharmacy,Sumatera,Medan,102,92,92,0,7.9
2024-02-04,P004,Vidoran Smart,Multivitamin,O009,Medan Prime Pharmacy,Sumatera,Medan,104,93,93,0,9.0
2024-02-04,P005,Marina Skin Care,Skin Care,O009,Medan Prime Pharmacy,Sumatera,Medan,126,105,105,0,7.1
2024-02-04,P001,Tempra,Fever & Pain,O010,Medan Health Mart,Sumatera,Medan,102,64,64,0,4.6
2024-02-04,P002,Bodrex Flu & Batuk,Cough & Cold,O010,Medan Health Mart,Sumatera,Medan,90,64,64,0,5.3
2024-02-04,P003,Hemaviton C1000,Vitamin,O010,Medan Health Mart,Sumatera,Medan,125,93,93,0,8.1
2024-02-04,P004,Vidoran Smart,Multivitamin,O010,Medan Health Mart,Sumatera,Medan,132,97,97,0,9.7
2024-02-04,P005,Marina Skin Care,Skin Care,O010,Medan Health Mart,Sumatera,Medan,163,123,123,0,8.2
2024-02-04,P001,Tempra,Fever & Pain,O011,Balikpapan Prime Pharmacy,Kalimantan,Balikpapan,141,115,115,0,11.2
2024-02-04,P002,Bodrex Flu & Batuk,Cough & Cold,O011,Balikpapan Prime Pharmacy,Kalimantan,Balikpapan,104,85,85,0,6.7
2024-02-04,P003,Hemaviton C1000,Vitamin,O011,Balikpapan Prime Pharmacy,Kalimantan,Balikpapan,122,83,83,0,7.5
2024-02-04,P004,Vidoran Smart,Multivitamin,O011,Balikpapan Prime Pharmacy,Kalimantan,Balikpapan,132,101,101,0,8.1
2024-02-04,P005,Marina Skin Care,Skin Care,O011,Balikpapan Prime Pharmacy,Kalimantan,Balikpapan,187,151,151,0,16.9
2024-02-04,P001,Tempra,Fever & Pain,O012,Balikpapan Health Mart,Kalimantan,Balikpapan,154,126,126,0,9.8
2024-02-04,P002,Bodrex Flu & Batuk,Cough & Cold,O012,Balikpapan Health Mart,Kalimantan,Balikpapan,155,114,114,0,7.7
2024-02-04,P003,Hemaviton C1000,Vitamin,O012,Balikpapan Health Mart,Kalimantan,Balikpapan,123,78,78,0,8.5
2024-02-04,P004,Vidoran Smart,Multivitamin,O012,Balikpapan Health Mart,Kalimantan,Balikpapan,117,99,99,0,11.1
2024-02-04,P005,Marina Skin Care,Skin Care,O012,Balikpapan Health Mart,Kalimantan,Balikpapan,143,111,111,0,11.9
2024-02-04,P001,Tempra,Fever & Pain,O013,Makassar Prime Pharmacy,Sulawesi,Makassar,85,74,74,0,5.6
2024-02-04,P002,Bodrex Flu & Batuk,Cough & Cold,O013,Makassar Prime Pharmacy,Sulawesi,Makassar,128,94,94,0,7.8
2024-02-04,P003,Hemaviton C1000,Vitamin,O013,Makassar Prime Pharmacy,Sulawesi,Makassar,126,86,86,0,7.1
2024-02-04,P004,Vidoran Smart,Multivitamin,O013,Makassar Prime Pharmacy,Sulawesi,Makassar,82,58,58,0,4.1
2024-02-04,P005,Marina Skin Care,Skin Care,O013,Makassar Prime Pharmacy,Sulawesi,Makassar,93,78,78,0,6.3
2024-02-04,P001,Tempra,Fever & Pain,O014,Makassar Health Mart,Sulawesi,Makassar,165,124,124,0,9.7
2024-02-04,P002,Bodrex Flu & Batuk,Cough & Cold,O014,Makassar Health Mart,Sulawesi,Makassar,150,114,114,0,9.4
2024-02-04,P003,Hemaviton C1000,Vitamin,O014,Makassar Health Mart,Sulawesi,Makassar,144,134,134,0,10.6
2024-02-04,P004,Vidoran Smart,Multivitamin,O014,Makassar Health Mart,Sulawesi,Makassar,124,89,89,0,8.1
2024-02-04,P005,Marina Skin Care,Skin Care,O014,Makassar Health Mart,Sulawesi,Makassar,86,63,63,0,4.5
2024-02-05,P001,Tempra,Fever & Pain,O001,Bandung Prime Pharmacy,Jawa Barat,Bandung,91,60,60,0,5.1
2024-02-05,P002,Bodrex Flu & Batuk,Cough & Cold,O001,Bandung Prime Pharmacy,Jawa Barat,Bandung,145,124,124,0,8.8
2024-02-05,P003,Hemaviton C1000,Vitamin,O001,Bandung Prime Pharmacy,Jawa Barat,Bandung,123,104,104,0,7.7
2024-02-05,P004,Vidoran Smart,Multivitamin,O001,Bandung Prime Pharmacy,Jawa Barat,Bandung,97,78,78,0,7.5
2024-02-05,P005,Marina Skin Care,Skin Care,O001,Bandung Prime Pharmacy,Jawa Barat,Bandung,79,64,64,0,4.8
2024-02-05,P001,Tempra,Fever & Pain,O002,Bandung Health Mart,Jawa Barat,Bandung,133,99,99,0,11.5
2024-02-05,P002,Bodrex Flu & Batuk,Cough & Cold,O002,Bandung Health Mart,Jawa Barat,Bandung,105,93,93,0,7.7
2024-02-05,P003,Hemaviton C1000,Vitamin,O002,Bandung Health Mart,Jawa Barat,Bandung,158,126,126,0,9.9
2024-02-05,P004,Vidoran Smart,Multivitamin,O002,Bandung Health Mart,Jawa Barat,Bandung,93,71,71,0,5.0
2024-02-05,P005,Marina Skin Care,Skin Care,O002,Bandung Health Mart,Jawa Barat,Bandung,105,61,61,0,5.7
2024-02-05,P001,Tempra,Fever & Pain,O003,Bekasi Prime Pharmacy,Jawa Barat,Bekasi,114,86,86,0,6.7
2024-02-05,P002,Bodrex Flu & Batuk,Cough & Cold,O003,Bekasi Prime Pharmacy,Jawa Barat,Bekasi,114,88,88,0,8.0
2024-02-05,P003,Hemaviton C1000,Vitamin,O003,Bekasi Prime Pharmacy,Jawa Barat,Bekasi,110,78,78,0,5.7
2024-02-05,P004,Vidoran Smart,Multivitamin,O003,Bekasi Prime Pharmacy,Jawa Barat,Bekasi,89,78,78,0,5.5
2024-02-05,P005,Marina Skin Care,Skin Care,O003,Bekasi Prime Pharmacy,Jawa Barat,Bekasi,80,64,64,0,6.0
2024-02-05,P001,Tempra,Fever & Pain,O004,Bekasi Health Mart,Jawa Barat,Bekasi,137,107,107,0,13.0
2024-02-05,P002,Bodrex Flu & Batuk,Cough & Cold,O004,Bekasi Health Mart,Jawa Barat,Bekasi,111,79,79,0,6.0
2024-02-05,P003,Hemaviton C1000,Vitamin,O004,Bekasi Health Mart,Jawa Barat,Bekasi,157,131,131,0,13.4
2024-02-05,P004,Vidoran Smart,Multivitamin,O004,Bekasi Health Mart,Jawa Barat,Bekasi,136,98,98,0,8.8
2024-02-05,P005,Marina Skin Care,Skin Care,O004,Bekasi Health Mart,Jawa Barat,Bekasi,128,114,114,0,10.9
2024-02-05,P001,Tempra,Fever & Pain,O005,Surabaya Prime Pharmacy,Jawa Timur,Surabaya,158,122,122,0,14.9
2024-02-05,P002,Bodrex Flu & Batuk,Cough & Cold,O005,Surabaya Prime Pharmacy,Jawa Timur,Surabaya,125,95,95,0,7.9
2024-02-05,P003,Hemaviton C1000,Vitamin,O005,Surabaya Prime Pharmacy,Jawa Timur,Surabaya,94,62,62,0,4.3
2024-02-05,P004,Vidoran Smart,Multivitamin,O005,Surabaya Prime Pharmacy,Jawa Timur,Surabaya,123,93,93,0,10.0
2024-02-05,P005,Marina Skin Care,Skin Care,O005,Surabaya Prime Pharmacy,Jawa Timur,Surabaya,160,115,115,0,8.7
2024-02-05,P001,Tempra,Fever & Pain,O006,Surabaya Health Mart,Jawa Timur,Surabaya,98,68,68,0,5.6
2024-02-05,P002,Bodrex Flu & Batuk,Cough & Cold,O006,Surabaya Health Mart,Jawa Timur,Surabaya,95,55,55,0,6.3
2024-02-05,P003,Hemaviton C1000,Vitamin,O006,Surabaya Health Mart,Jawa Timur,Surabaya,160,120,120,0,11.8
2024-02-05,P004,Vidoran Smart,Multivitamin,O006,Surabaya Health Mart,Jawa Timur,Surabaya,136,96,96,0,8.3
2024-02-05,P005,Marina Skin Care,Skin Care,O006,Surabaya Health Mart,Jawa Timur,Surabaya,98,73,73,0,5.2
2024-02-05,P001,Tempra,Fever & Pain,O007,Semarang Prime Pharmacy,Jawa Tengah,Semarang,103,91,91,0,8.2
2024-02-05,P002,Bodrex Flu & Batuk,Cough & Cold,O007,Semarang Prime Pharmacy,Jawa Tengah,Semarang,136,117,117,0,10.8
2024-02-05,P003,Hemaviton C1000,Vitamin,O007,Semarang Prime Pharmacy,Jawa Tengah,Semarang,93,55,55,0,6.0
2024-02-05,P004,Vidoran Smart,Multivitamin,O007,Semarang Prime Pharmacy,Jawa Tengah,Semarang,101,71,71,0,5.3
2024-02-05,P005,Marina Skin Care,Skin Care,O007,Semarang Prime Pharmacy,Jawa Tengah,Semarang,108,93,93,0,6.8
2024-02-05,P001,Tempra,Fever & Pain,O008,Semarang Health Mart,Jawa Tengah,Semarang,132,89,89,0,6.1
2024-02-05,P002,Bodrex Flu & Batuk,Cough & Cold,O008,Semarang Health Mart,Jawa Tengah,Semarang,134,122,122,0,8.8
2024-02-05,P003,Hemaviton C1000,Vitamin,O008,Semarang Health Mart,Jawa Tengah,Semarang,92,70,70,0,6.0
2024-02-05,P004,Vidoran Smart,Multivitamin,O008,Semarang Health Mart,Jawa Tengah,Semarang,134,96,96,0,8.4
2024-02-05,P005,Marina Skin Care,Skin Care,O008,Semarang Health Mart,Jawa Tengah,Semarang,126,96,96,0,7.0
2024-02-05,P001,Tempra,Fever & Pain,O009,Medan Prime Pharmacy,Sumatera,Medan,141,102,102,0,7.8
2024-02-05,P002,Bodrex Flu & Batuk,Cough & Cold,O009,Medan Prime Pharmacy,Sumatera,Medan,136,99,99,0,11.5
2024-02-05,P003,Hemaviton C1000,Vitamin,O009,Medan Prime Pharmacy,Sumatera,Medan,148,113,113,0,8.0
2024-02-05,P004,Vidoran Smart,Multivitamin,O009,Medan Prime Pharmacy,Sumatera,Medan,126,114,114,0,7.9
2024-02-05,P005,Marina Skin Care,Skin Care,O009,Medan Prime Pharmacy,Sumatera,Medan,106,92,92,0,6.8
2024-02-05,P001,Tempra,Fever & Pain,O010,Medan Health Mart,Sumatera,Medan,89,77,77,0,5.9
2024-02-05,P002,Bodrex Flu & Batuk,Cough & Cold,O010,Medan Health Mart,Sumatera,Medan,134,105,105,0,13.0
2024-02-05,P003,Hemaviton C1000,Vitamin,O010,Medan Health Mart,Sumatera,Medan,149,113,113,0,7.7
2024-02-05,P004,Vidoran Smart,Multivitamin,O010,Medan Health Mart,Sumatera,Medan,112,93,93,0,8.8
2024-02-05,P005,Marina Skin Care,Skin Care,O010,Medan Health Mart,Sumatera,Medan,151,119,119,0,8.2
2024-02-05,P001,Tempra,Fever & Pain,O011,Balikpapan Prime Pharmacy,Kalimantan,Balikpapan,143,102,102,0,11.8
2024-02-05,P002,Bodrex Flu & Batuk,Cough & Cold,O011,Balikpapan Prime Pharmacy,Kalimantan,Balikpapan,150,134,134,0,12.7
2024-02-05,P003,Hemaviton C1000,Vitamin,O011,Balikpapan Prime Pharmacy,Kalimantan,Balikpapan,97,80,80,0,5.8
2024-02-05,P004,Vidoran Smart,Multivitamin,O011,Balikpapan Prime Pharmacy,Kalimantan,Balikpapan,97,67,67,0,5.1
2024-02-05,P005,Marina Skin Care,Skin Care,O011,Balikpapan Prime Pharmacy,Kalimantan,Balikpapan,134,112,112,0,10.7
2024-02-05,P001,Tempra,Fever & Pain,O012,Balikpapan Health Mart,Kalimantan,Balikpapan,160,127,127,0,12.2
2024-02-05,P002,Bodrex Flu & Batuk,Cough & Cold,O012,Balikpapan Health Mart,Kalimantan,Balikpapan,186,143,143,0,9.9
2024-02-05,P003,Hemaviton C1000,Vitamin,O012,Balikpapan Health Mart,Kalimantan,Balikpapan,139,114,114,0,12.6
2024-02-05,P004,Vidoran Smart,Multivitamin,O012,Balikpapan Health Mart,Kalimantan,Balikpapan,143,115,115,0,8.6
2024-02-05,P005,Marina Skin Care,Skin Care,O012,Balikpapan Health Mart,Kalimantan,Balikpapan,111,70,70,0,7.7
2024-02-05,P001,Tempra,Fever & Pain,O013,Makassar Prime Pharmacy,Sulawesi,Makassar,106,85,85,0,10.3
2024-02-05,P002,Bodrex Flu & Batuk,Cough & Cold,O013,Makassar Prime Pharmacy,Sulawesi,Makassar,103,81,81,0,8.6
2024-02-05,P003,Hemaviton C1000,Vitamin,O013,Makassar Prime Pharmacy,Sulawesi,Makassar,151,127,127,0,11.0
2024-02-05,P004,Vidoran Smart,Multivitamin,O013,Makassar Prime Pharmacy,Sulawesi,Makassar,92,59,59,0,5.2
2024-02-05,P005,Marina Skin Care,Skin Care,O013,Makassar Prime Pharmacy,Sulawesi,Makassar,84,48,48,0,3.3
2024-02-05,P001,Tempra,Fever & Pain,O014,Makassar Health Mart,Sulawesi,Makassar,167,130,130,0,8.8
2024-02-05,P002,Bodrex Flu & Batuk,Cough & Cold,O014,Makassar Health Mart,Sulawesi,Makassar,117,99,99,0,7.6
2024-02-05,P003,Hemaviton C1000,Vitamin,O014,Makassar Health Mart,Sulawesi,Makassar,137,92,92,0,10.6
2024-02-05,P004,Vidoran Smart,Multivitamin,O014,Makassar Health Mart,Sulawesi,Makassar,117,95,95,0,7.7
2024-02-05,P005,Marina Skin Care,Skin Care,O014,Makassar Health Mart,Sulawesi,Makassar,91,63,63,0,5.5
2024-02-06,P001,Tempra,Fever & Pain,O001,Bandung Prime Pharmacy,Jawa Barat,Bandung,132,109,109,0,11.8
2024-02-06,P002,Bodrex Flu & Batuk,Cough & Cold,O001,Bandung Prime Pharmacy,Jawa Barat,Bandung,156,123,123,0,12.2
2024-02-06,P003,Hemaviton C1000,Vitamin,O001,Bandung Prime Pharmacy,Jawa Barat,Bandung,131,95,95,0,6.4
2024-02-06,P004,Vidoran Smart,Multivitamin,O001,Bandung Prime Pharmacy,Jawa Barat,Bandung,119,78,78,0,5.9
2024-02-06,P005,Marina Skin Care,Skin Care,O001,Bandung Prime Pharmacy,Jawa Barat,Bandung,108,91,91,0,6.7
2024-02-06,P001,Tempra,Fever & Pain,O002,Bandung Health Mart,Jawa Barat,Bandung,121,111,111,0,8.0
2024-02-06,P002,Bodrex Flu & Batuk,Cough & Cold,O002,Bandung Health Mart,Jawa Barat,Bandung,115,102,102,0,7.1
2024-02-06,P003,Hemaviton C1000,Vitamin,O002,Bandung Health Mart,Jawa Barat,Bandung,135,102,102,0,12.4
2024-02-06,P004,Vidoran Smart,Multivitamin,O002,Bandung Health Mart,Jawa Barat,Bandung,119,79,79,0,5.8
2024-02-06,P005,Marina Skin Care,Skin Care,O002,Bandung Health Mart,Jawa Barat,Bandung,148,112,112,0,10.9
2024-02-06,P001,Tempra,Fever & Pain,O003,Bekasi Prime Pharmacy,Jawa Barat,Bekasi,140,99,99,0,7.0
2024-02-06,P002,Bodrex Flu & Batuk,Cough & Cold,O003,Bekasi Prime Pharmacy,Jawa Barat,Bekasi,149,106,106,0,8.7
2024-02-06,P003,Hemaviton C1000,Vitamin,O003,Bekasi Prime Pharmacy,Jawa Barat,Bekasi,112,83,83,0,5.5
2024-02-06,P004,Vidoran Smart,Multivitamin,O003,Bekasi Prime Pharmacy,Jawa Barat,Bekasi,146,136,136,0,10.6
2024-02-06,P005,Marina Skin Care,Skin Care,O003,Bekasi Prime Pharmacy,Jawa Barat,Bekasi,132,117,117,0,10.4
2024-02-06,P001,Tempra,Fever & Pain,O004,Bekasi Health Mart,Jawa Barat,Bekasi,105,85,85,0,10.4
2024-02-06,P002,Bodrex Flu & Batuk,Cough & Cold,O004,Bekasi Health Mart,Jawa Barat,Bekasi,126,91,91,0,7.0
2024-02-06,P003,Hemaviton C1000,Vitamin,O004,Bekasi Health Mart,Jawa Barat,Bekasi,121,107,107,0,7.7
2024-02-06,P004,Vidoran Smart,Multivitamin,O004,Bekasi Health Mart,Jawa Barat,Bekasi,152,134,134,0,10.2
2024-02-06,P005,Marina Skin Care,Skin Care,O004,Bekasi Health Mart,Jawa Barat,Bekasi,101,64,64,0,6.0
2024-02-06,P001,Tempra,Fever & Pain,O005,Surabaya Prime Pharmacy,Jawa Timur,Surabaya,143,115,115,0,13.2
2024-02-06,P002,Bodrex Flu & Batuk,Cough & Cold,O005,Surabaya Prime Pharmacy,Jawa Timur,Surabaya,109,99,99,0,6.8
2024-02-06,P003,Hemaviton C1000,Vitamin,O005,Surabaya Prime Pharmacy,Jawa Timur,Surabaya,144,114,114,0,9.2
2024-02-06,P004,Vidoran Smart,Multivitamin,O005,Surabaya Prime Pharmacy,Jawa Timur,Surabaya,133,93,93,0,11.3
2024-02-06,P005,Marina Skin Care,Skin Care,O005,Surabaya Prime Pharmacy,Jawa Timur,Surabaya,110,99,99,0,11.5
2024-02-06,P001,Tempra,Fever & Pain,O006,Surabaya Health Mart,Jawa Timur,Surabaya,110,78,78,0,9.5
2024-02-06,P002,Bodrex Flu & Batuk,Cough & Cold,O006,Surabaya Health Mart,Jawa Timur,Surabaya,147,110,110,0,7.5
2024-02-06,P003,Hemaviton C1000,Vitamin,O006,Surabaya Health Mart,Jawa Timur,Surabaya,93,82,82,0,7.1
2024-02-06,P004,Vidoran Smart,Multivitamin,O006,Surabaya Health Mart,Jawa Timur,Surabaya,124,104,104,0,11.0
2024-02-06,P005,Marina Skin Care,Skin Care,O006,Surabaya Health Mart,Jawa Timur,Surabaya,106,85,85,0,6.6
2024-02-06,P001,Tempra,Fever & Pain,O007,Semarang Prime Pharmacy,Jawa Tengah,Semarang,109,93,93,0,7.3
2024-02-06,P002,Bodrex Flu & Batuk,Cough & Cold,O007,Semarang Prime Pharmacy,Jawa Tengah,Semarang,166,147,147,0,14.1
2024-02-06,P003,Hemaviton C1000,Vitamin,O007,Semarang Prime Pharmacy,Jawa Tengah,Semarang,110,65,65,0,5.7
2024-02-06,P004,Vidoran Smart,Multivitamin,O007,Semarang Prime Pharmacy,Jawa Tengah,Semarang,145,131,131,0,14.7
2024-02-06,P005,Marina Skin Care,Skin Care,O007,Semarang Prime Pharmacy,Jawa Tengah,Semarang,130,103,103,0,7.0
2024-02-06,P001,Tempra,Fever & Pain,O008,Semarang Health Mart,Jawa Tengah,Semarang,154,111,111,0,8.4
2024-02-06,P002,Bodrex Flu & Batuk,Cough & Cold,O008,Semarang Health Mart,Jawa Tengah,Semarang,108,65,65,0,6.9
2024-02-06,P003,Hemaviton C1000,Vitamin,O008,Semarang Health Mart,Jawa Tengah,Semarang,172,134,134,0,15.8
2024-02-06,P004,Vidoran Smart,Multivitamin,O008,Semarang Health Mart,Jawa Tengah,Semarang,144,120,120,0,10.2
2024-02-06,P005,Marina Skin Care,Skin Care,O008,Semarang Health Mart,Jawa Tengah,Semarang,102,92,92,0,9.0
2024-02-06,P001,Tempra,Fever & Pain,O009,Medan Prime Pharmacy,Sumatera,Medan,134,110,110,0,9.5
2024-02-06,P002,Bodrex Flu & Batuk,Cough & Cold,O009,Medan Prime Pharmacy,Sumatera,Medan,140,126,126,0,8.4
2024-02-06,P003,Hemaviton C1000,Vitamin,O009,Medan Prime Pharmacy,Sumatera,Medan,146,123,123,0,9.2
2024-02-06,P004,Vidoran Smart,Multivitamin,O009,Medan Prime Pharmacy,Sumatera,Medan,94,71,71,0,5.4
2024-02-06,P005,Marina Skin Care,Skin Care,O009,Medan Prime Pharmacy,Sumatera,Medan,119,106,106,0,7.4
2024-02-06,P001,Tempra,Fever & Pain,O010,Medan Health Mart,Sumatera,Medan,105,65,65,0,6.7
2024-02-06,P002,Bodrex Flu & Batuk,Cough & Cold,O010,Medan Health Mart,Sumatera,Medan,81,63,63,0,7.7
2024-02-06,P003,Hemaviton C1000,Vitamin,O010,Medan Health Mart,Sumatera,Medan,117,107,107,0,7.4
2024-02-06,P004,Vidoran Smart,Multivitamin,O010,Medan Health Mart,Sumatera,Medan,178,134,134,0,10.0
2024-02-06,P005,Marina Skin Care,Skin Care,O010,Medan Health Mart,Sumatera,Medan,124,94,94,0,8.6
2024-02-06,P001,Tempra,Fever & Pain,O011,Balikpapan Prime Pharmacy,Kalimantan,Balikpapan,154,139,139,0,13.7
2024-02-06,P002,Bodrex Flu & Batuk,Cough & Cold,O011,Balikpapan Prime Pharmacy,Kalimantan,Balikpapan,129,116,116,0,14.3
2024-02-06,P003,Hemaviton C1000,Vitamin,O011,Balikpapan Prime Pharmacy,Kalimantan,Balikpapan,134,106,106,0,7.1
2024-02-06,P004,Vidoran Smart,Multivitamin,O011,Balikpapan Prime Pharmacy,Kalimantan,Balikpapan,131,116,116,0,7.8
2024-02-06,P005,Marina Skin Care,Skin Care,O011,Balikpapan Prime Pharmacy,Kalimantan,Balikpapan,177,139,139,0,9.9
2024-02-06,P001,Tempra,Fever & Pain,O012,Balikpapan Health Mart,Kalimantan,Balikpapan,146,130,130,0,10.5
2024-02-06,P002,Bodrex Flu & Batuk,Cough & Cold,O012,Balikpapan Health Mart,Kalimantan,Balikpapan,148,112,112,0,11.2
2024-02-06,P003,Hemaviton C1000,Vitamin,O012,Balikpapan Health Mart,Kalimantan,Balikpapan,110,85,85,0,6.1
2024-02-06,P004,Vidoran Smart,Multivitamin,O012,Balikpapan Health Mart,Kalimantan,Balikpapan,163,134,134,0,9.1
2024-02-06,P005,Marina Skin Care,Skin Care,O012,Balikpapan Health Mart,Kalimantan,Balikpapan,140,121,121,0,9.7
2024-02-06,P001,Tempra,Fever & Pain,O013,Makassar Prime Pharmacy,Sulawesi,Makassar,134,111,111,0,9.9
2024-02-06,P002,Bodrex Flu & Batuk,Cough & Cold,O013,Makassar Prime Pharmacy,Sulawesi,Makassar,112,73,73,0,6.6
2024-02-06,P003,Hemaviton C1000,Vitamin,O013,Makassar Prime Pharmacy,Sulawesi,Makassar,142,101,101,0,7.3
2024-02-06,P004,Vidoran Smart,Multivitamin,O013,Makassar Prime Pharmacy,Sulawesi,Makassar,156,120,120,0,10.5
2024-02-06,P005,Marina Skin Care,Skin Care,O013,Makassar Prime Pharmacy,Sulawesi,Makassar,121,110,110,0,8.5
2024-02-06,P001,Tempra,Fever & Pain,O014,Makassar Health Mart,Sulawesi,Makassar,135,112,112,0,9.8
2024-02-06,P002,Bodrex Flu & Batuk,Cough & Cold,O014,Makassar Health Mart,Sulawesi,Makassar,133,112,112,0,14.0
2024-02-06,P003,Hemaviton C1000,Vitamin,O014,Makassar Health Mart,Sulawesi,Makassar,81,62,62,0,5.5
2024-02-06,P004,Vidoran Smart,Multivitamin,O014,Makassar Health Mart,Sulawesi,Makassar,117,80,80,0,5.8
2024-02-06,P005,Marina Skin Care,Skin Care,O014,Makassar Health Mart,Sulawesi,Makassar,138,105,105,0,12.6
2024-02-07,P001,Tempra,Fever & Pain,O001,Bandung Prime Pharmacy,Jawa Barat,Bandung,93,76,76,0,7.1
2024-02-07,P002,Bodrex Flu & Batuk,Cough & Cold,O001,Bandung Prime Pharmacy,Jawa Barat,Bandung,210,170,170,0,14.5
2024-02-07,P003,Hemaviton C1000,Vitamin,O001,Bandung Prime Pharmacy,Jawa Barat,Bandung,144,120,120,0,13.0
2024-02-07,P004,Vidoran Smart,Multivitamin,O001,Bandung Prime Pharmacy,Jawa Barat,Bandung,103,86,86,0,9.7
2024-02-07,P005,Marina Skin Care,Skin Care,O001,Bandung Prime Pharmacy,Jawa Barat,Bandung,96,81,81,0,6.4
2024-02-07,P001,Tempra,Fever & Pain,O002,Bandung Health Mart,Jawa Barat,Bandung,135,112,112,0,9.3
2024-02-07,P002,Bodrex Flu & Batuk,Cough & Cold,O002,Bandung Health Mart,Jawa Barat,Bandung,96,67,67,0,5.4
2024-02-07,P003,Hemaviton C1000,Vitamin,O002,Bandung Health Mart,Jawa Barat,Bandung,113,99,99,0,9.2
2024-02-07,P004,Vidoran Smart,Multivitamin,O002,Bandung Health Mart,Jawa Barat,Bandung,135,90,90,0,6.9
2024-02-07,P005,Marina Skin Care,Skin Care,O002,Bandung Health Mart,Jawa Barat,Bandung,102,82,82,0,7.1
2024-02-07,P001,Tempra,Fever & Pain,O003,Bekasi Prime Pharmacy,Jawa Barat,Bekasi,128,100,100,0,11.5
2024-02-07,P002,Bodrex Flu & Batuk,Cough & Cold,O003,Bekasi Prime Pharmacy,Jawa Barat,Bekasi,101,74,74,0,7.6
2024-02-07,P003,Hemaviton C1000,Vitamin,O003,Bekasi Prime Pharmacy,Jawa Barat,Bekasi,74,59,59,0,7.2
2024-02-07,P004,Vidoran Smart,Multivitamin,O003,Bekasi Prime Pharmacy,Jawa Barat,Bekasi,171,132,132,0,13.3
2024-02-07,P005,Marina Skin Care,Skin Care,O003,Bekasi Prime Pharmacy,Jawa Barat,Bekasi,95,70,70,0,5.1
2024-02-07,P001,Tempra,Fever & Pain,O004,Bekasi Health Mart,Jawa Barat,Bekasi,123,103,103,0,7.1
2024-02-07,P002,Bodrex Flu & Batuk,Cough & Cold,O004,Bekasi Health Mart,Jawa Barat,Bekasi,127,112,112,0,7.6
2024-02-07,P003,Hemaviton C1000,Vitamin,O004,Bekasi Health Mart,Jawa Barat,Bekasi,99,84,84,0,5.9
2024-02-07,P004,Vidoran Smart,Multivitamin,O004,Bekasi Health Mart,Jawa Barat,Bekasi,109,82,82,0,6.0
2024-02-07,P005,Marina Skin Care,Skin Care,O004,Bekasi Health Mart,Jawa Barat,Bekasi,112,85,85,0,9.3
2024-02-07,P001,Tempra,Fever & Pain,O005,Surabaya Prime Pharmacy,Jawa Timur,Surabaya,143,123,123,0,10.7
2024-02-07,P002,Bodrex Flu & Batuk,Cough & Cold,O005,Surabaya Prime Pharmacy,Jawa Timur,Surabaya,100,68,68,0,4.7
2024-02-07,P003,Hemaviton C1000,Vitamin,O005,Surabaya Prime Pharmacy,Jawa Timur,Surabaya,162,136,136,0,10.2
2024-02-07,P004,Vidoran Smart,Multivitamin,O005,Surabaya Prime Pharmacy,Jawa Timur,Surabaya,165,144,144,0,13.2
2024-02-07,P005,Marina Skin Care,Skin Care,O005,Surabaya Prime Pharmacy,Jawa Timur,Surabaya,144,129,129,0,11.6
2024-02-07,P001,Tempra,Fever & Pain,O006,Surabaya Health Mart,Jawa Timur,Surabaya,105,89,89,0,7.0
2024-02-07,P002,Bodrex Flu & Batuk,Cough & Cold,O006,Surabaya Health Mart,Jawa Timur,Surabaya,102,92,92,0,6.4
2024-02-07,P003,Hemaviton C1000,Vitamin,O006,Surabaya Health Mart,Jawa Timur,Surabaya,63,45,45,0,3.5
2024-02-07,P004,Vidoran Smart,Multivitamin,O006,Surabaya Health Mart,Jawa Timur,Surabaya,113,80,80,0,6.5
2024-02-07,P005,Marina Skin Care,Skin Care,O006,Surabaya Health Mart,Jawa Timur,Surabaya,126,99,99,0,7.2
2024-02-07,P001,Tempra,Fever & Pain,O007,Semarang Prime Pharmacy,Jawa Tengah,Semarang,126,110,110,0,8.3
2024-02-07,P002,Bodrex Flu & Batuk,Cough & Cold,O007,Semarang Prime Pharmacy,Jawa Tengah,Semarang,140,101,101,0,12.0
2024-02-07,P003,Hemaviton C1000,Vitamin,O007,Semarang Prime Pharmacy,Jawa Tengah,Semarang,90,58,58,0,4.9
2024-02-07,P004,Vidoran Smart,Multivitamin,O007,Semarang Prime Pharmacy,Jawa Tengah,Semarang,138,119,119,0,12.9
2024-02-07,P005,Marina Skin Care,Skin Care,O007,Semarang Prime Pharmacy,Jawa Tengah,Semarang,175,134,134,0,9.3
2024-02-07,P001,Tempra,Fever & Pain,O008,Semarang Health Mart,Jawa Tengah,Semarang,93,68,68,0,4.9
2024-02-07,P002,Bodrex Flu & Batuk,Cough & Cold,O008,Semarang Health Mart,Jawa Tengah,Semarang,116,75,75,0,5.3
2024-02-07,P003,Hemaviton C1000,Vitamin,O008,Semarang Health Mart,Jawa Tengah,Semarang,84,39,39,0,2.8
2024-02-07,P004,Vidoran Smart,Multivitamin,O008,Semarang Health Mart,Jawa Tengah,Semarang,93,80,80,0,5.6
2024-02-07,P005,Marina Skin Care,Skin Care,O008,Semarang Health Mart,Jawa Tengah,Semarang,159,125,125,0,13.7
2024-02-07,P001,Tempra,Fever & Pain,O009,Medan Prime Pharmacy,Sumatera,Medan,136,110,110,0,9.8
2024-02-07,P002,Bodrex Flu & Batuk,Cough & Cold,O009,Medan Prime Pharmacy,Sumatera,Medan,136,109,109,0,12.7
2024-02-07,P003,Hemaviton C1000,Vitamin,O009,Medan Prime Pharmacy,Sumatera,Medan,141,118,118,0,12.4
2024-02-07,P004,Vidoran Smart,Multivitamin,O009,Medan Prime Pharmacy,Sumatera,Medan,124,105,105,0,8.3
2024-02-07,P005,Marina Skin Care,Skin Care,O009,Medan Prime Pharmacy,Sumatera,Medan,122,107,107,0,11.9
2024-02-07,P001,Tempra,Fever & Pain,O010,Medan Health Mart,Sumatera,Medan,168,139,139,0,9.7
2024-02-07,P002,Bodrex Flu & Batuk,Cough & Cold,O010,Medan Health Mart,Sumatera,Medan,98,82,82,0,7.0
2024-02-07,P003,Hemaviton C1000,Vitamin,O010,Medan Health Mart,Sumatera,Medan,149,106,106,0,9.1
2024-02-07,P004,Vidoran Smart,Multivitamin,O010,Medan Health Mart,Sumatera,Medan,136,99,99,0,6.8
2024-02-07,P005,Marina Skin Care,Skin Care,O010,Medan Health Mart,Sumatera,Medan,107,65,65,0,7.9
2024-02-07,P001,Tempra,Fever & Pain,O011,Balikpapan Prime Pharmacy,Kalimantan,Balikpapan,124,104,104,0,10.3
2024-02-07,P002,Bodrex Flu & Batuk,Cough & Cold,O011,Balikpapan Prime Pharmacy,Kalimantan,Balikpapan,86,64,64,0,5.9
2024-02-07,P003,Hemaviton C1000,Vitamin,O011,Balikpapan Prime Pharmacy,Kalimantan,Balikpapan,56,42,42,0,3.0
2024-02-07,P004,Vidoran Smart,Multivitamin,O011,Balikpapan Prime Pharmacy,Kalimantan,Balikpapan,111,93,93,0,10.2
2024-02-07,P005,Marina Skin Care,Skin Care,O011,Balikpapan Prime Pharmacy,Kalimantan,Balikpapan,139,113,113,0,11.5
2024-02-07,P001,Tempra,Fever & Pain,O012,Balikpapan Health Mart,Kalimantan,Balikpapan,122,83,83,0,5.8
2024-02-07,P002,Bodrex Flu & Batuk,Cough & Cold,O012,Balikpapan Health Mart,Kalimantan,Balikpapan,99,70,70,0,7.3
2024-02-07,P003,Hemaviton C1000,Vitamin,O012,Balikpapan Health Mart,Kalimantan,Balikpapan,111,75,75,0,5.7
2024-02-07,P004,Vidoran Smart,Multivitamin,O012,Balikpapan Health Mart,Kalimantan,Balikpapan,151,134,134,0,9.7
2024-02-07,P005,Marina Skin Care,Skin Care,O012,Balikpapan Health Mart,Kalimantan,Balikpapan,127,115,115,0,11.0
2024-02-07,P001,Tempra,Fever & Pain,O013,Makassar Prime Pharmacy,Sulawesi,Makassar,118,82,82,0,5.5
2024-02-07,P002,Bodrex Flu & Batuk,Cough & Cold,O013,Makassar Prime Pharmacy,Sulawesi,Makassar,154,117,117,0,10.8
2024-02-07,P003,Hemaviton C1000,Vitamin,O013,Makassar Prime Pharmacy,Sulawesi,Makassar,113,93,93,0,8.4
2024-02-07,P004,Vidoran Smart,Multivitamin,O013,Makassar Prime Pharmacy,Sulawesi,Makassar,144,112,112,0,8.9
2024-02-07,P005,Marina Skin Care,Skin Care,O013,Makassar Prime Pharmacy,Sulawesi,Makassar,123,108,108,0,8.3
2024-02-07,P001,Tempra,Fever & Pain,O014,Makassar Health Mart,Sulawesi,Makassar,120,86,86,0,6.9
2024-02-07,P002,Bodrex Flu & Batuk,Cough & Cold,O014,Makassar Health Mart,Sulawesi,Makassar,114,85,85,0,5.8
2024-02-07,P003,Hemaviton C1000,Vitamin,O014,Makassar Health Mart,Sulawesi,Makassar,124,114,114,0,7.9
2024-02-07,P004,Vidoran Smart,Multivitamin,O014,Makassar Health Mart,Sulawesi,Makassar,185,152,152,0,11.1
2024-02-07,P005,Marina Skin Care,Skin Care,O014,Makassar Health Mart,Sulawesi,Makassar,168,142,142,0,17.7
2024-02-08,P001,Tempra,Fever & Pain,O001,Bandung Prime Pharmacy,Jawa Barat,Bandung,120,83,83,0,6.5
2024-02-08,P002,Bodrex Flu & Batuk,Cough & Cold,O001,Bandung Prime Pharmacy,Jawa Barat,Bandung,133,101,101,0,10.8
2024-02-08,P003,Hemaviton C1000,Vitamin,O001,Bandung Prime Pharmacy,Jawa Barat,Bandung,144,114,114,0,12.5
2024-02-08,P004,Vidoran Smart,Multivitamin,O001,Bandung Prime Pharmacy,Jawa Barat,Bandung,122,104,104,0,8.5
2024-02-08,P005,Marina Skin Care,Skin Care,O001,Bandung Prime Pharmacy,Jawa Barat,Bandung,154,126,126,0,8.9
2024-02-08,P001,Tempra,Fever & Pain,O002,Bandung Health Mart,Jawa Barat,Bandung,118,76,76,0,8.0
2024-02-08,P002,Bodrex Flu & Batuk,Cough & Cold,O002,Bandung Health Mart,Jawa Barat,Bandung,109,84,84,0,9.9
2024-02-08,P003,Hemaviton C1000,Vitamin,O002,Bandung Health Mart,Jawa Barat,Bandung,99,85,85,0,10.6
2024-02-08,P004,Vidoran Smart,Multivitamin,O002,Bandung Health Mart,Jawa Barat,Bandung,74,50,50,0,5.0
2024-02-08,P005,Marina Skin Care,Skin Care,O002,Bandung Health Mart,Jawa Barat,Bandung,60,32,32,0,3.3
2024-02-08,P001,Tempra,Fever & Pain,O003,Bekasi Prime Pharmacy,Jawa Barat,Bekasi,88,67,67,0,6.2
2024-02-08,P002,Bodrex Flu & Batuk,Cough & Cold,O003,Bekasi Prime Pharmacy,Jawa Barat,Bekasi,75,62,62,0,5.9
2024-02-08,P003,Hemaviton C1000,Vitamin,O003,Bekasi Prime Pharmacy,Jawa Barat,Bekasi,151,129,129,0,14.5
2024-02-08,P004,Vidoran Smart,Multivitamin,O003,Bekasi Prime Pharmacy,Jawa Barat,Bekasi,102,59,59,0,5.1
2024-02-08,P005,Marina Skin Care,Skin Care,O003,Bekasi Prime Pharmacy,Jawa Barat,Bekasi,167,123,123,0,9.7
2024-02-08,P001,Tempra,Fever & Pain,O004,Bekasi Health Mart,Jawa Barat,Bekasi,147,117,117,0,9.6
2024-02-08,P002,Bodrex Flu & Batuk,Cough & Cold,O004,Bekasi Health Mart,Jawa Barat,Bekasi,150,126,126,0,14.8
2024-02-08,P003,Hemaviton C1000,Vitamin,O004,Bekasi Health Mart,Jawa Barat,Bekasi,120,109,109,0,8.0
2024-02-08,P004,Vidoran Smart,Multivitamin,O004,Bekasi Health Mart,Jawa Barat,Bekasi,125,107,107,0,7.3
2024-02-08,P005,Marina Skin Care,Skin Care,O004,Bekasi Health Mart,Jawa Barat,Bekasi,118,95,95,0,10.3
2024-02-08,P001,Tempra,Fever & Pain,O005,Surabaya Prime Pharmacy,Jawa Timur,Surabaya,104,82,82,0,9.5
2024-02-08,P002,Bodrex Flu & Batuk,Cough & Cold,O005,Surabaya Prime Pharmacy,Jawa Timur,Surabaya,99,70,70,0,7.2
2024-02-08,P003,Hemaviton C1000,Vitamin,O005,Surabaya Prime Pharmacy,Jawa Timur,Surabaya,120,93,93,0,11.6
2024-02-08,P004,Vidoran Smart,Multivitamin,O005,Surabaya Prime Pharmacy,Jawa Timur,Surabaya,149,111,111,0,13.2
2024-02-08,P005,Marina Skin Care,Skin Care,O005,Surabaya Prime Pharmacy,Jawa Timur,Surabaya,111,78,78,0,7.2
2024-02-08,P001,Tempra,Fever & Pain,O006,Surabaya Health Mart,Jawa Timur,Surabaya,100,85,85,0,10.6
2024-02-08,P002,Bodrex Flu & Batuk,Cough & Cold,O006,Surabaya Health Mart,Jawa Timur,Surabaya,130,90,90,0,7.9
2024-02-08,P003,Hemaviton C1000,Vitamin,O006,Surabaya Health Mart,Jawa Timur,Surabaya,100,63,63,0,4.7
2024-02-08,P004,Vidoran Smart,Multivitamin,O006,Surabaya Health Mart,Jawa Timur,Surabaya,128,100,100,0,10.9
2024-02-08,P005,Marina Skin Care,Skin Care,O006,Surabaya Health Mart,Jawa Timur,Surabaya,114,74,74,0,8.4
2024-02-08,P001,Tempra,Fever & Pain,O007,Semarang Prime Pharmacy,Jawa Tengah,Semarang,109,71,71,0,5.8
2024-02-08,P002,Bodrex Flu & Batuk,Cough & Cold,O007,Semarang Prime Pharmacy,Jawa Tengah,Semarang,86,67,67,0,7.4
2024-02-08,P003,Hemaviton C1000,Vitamin,O007,Semarang Prime Pharmacy,Jawa Tengah,Semarang,134,99,99,0,6.6
2024-02-08,P004,Vidoran Smart,Multivitamin,O007,Semarang Prime Pharmacy,Jawa Tengah,Semarang,130,116,116,0,8.1
2024-02-08,P005,Marina Skin Care,Skin Care,O007,Semarang Prime Pharmacy,Jawa Tengah,Semarang,152,114,114,0,8.5
2024-02-08,P001,Tempra,Fever & Pain,O008,Semarang Health Mart,Jawa Tengah,Semarang,120,103,103,0,8.2
2024-02-08,P002,Bodrex Flu & Batuk,Cough & Cold,O008,Semarang Health Mart,Jawa Tengah,Semarang,129,105,105,0,11.9
2024-02-08,P003,Hemaviton C1000,Vitamin,O008,Semarang Health Mart,Jawa Tengah,Semarang,122,93,93,0,9.3
2024-02-08,P004,Vidoran Smart,Multivitamin,O008,Semarang Health Mart,Jawa Tengah,Semarang,95,75,75,0,6.8
2024-02-08,P005,Marina Skin Care,Skin Care,O008,Semarang Health Mart,Jawa Tengah,Semarang,46,31,31,0,2.8
2024-02-08,P001,Tempra,Fever & Pain,O009,Medan Prime Pharmacy,Sumatera,Medan,159,116,116,0,8.8
2024-02-08,P002,Bodrex Flu & Batuk,Cough & Cold,O009,Medan Prime Pharmacy,Sumatera,Medan,102,90,90,0,9.4
2024-02-08,P003,Hemaviton C1000,Vitamin,O009,Medan Prime Pharmacy,Sumatera,Medan,133,117,117,0,9.5
2024-02-08,P004,Vidoran Smart,Multivitamin,O009,Medan Prime Pharmacy,Sumatera,Medan,110,84,84,0,5.8
2024-02-08,P005,Marina Skin Care,Skin Care,O009,Medan Prime Pharmacy,Sumatera,Medan,115,82,82,0,8.3
2024-02-08,P001,Tempra,Fever & Pain,O010,Medan Health Mart,Sumatera,Medan,108,75,75,0,5.3
2024-02-08,P002,Bodrex Flu & Batuk,Cough & Cold,O010,Medan Health Mart,Sumatera,Medan,116,96,96,0,7.0
2024-02-08,P003,Hemaviton C1000,Vitamin,O010,Medan Health Mart,Sumatera,Medan,158,121,121,0,13.2
2024-02-08,P004,Vidoran Smart,Multivitamin,O010,Medan Health Mart,Sumatera,Medan,131,119,119,0,10.5
2024-02-08,P005,Marina Skin Care,Skin Care,O010,Medan Health Mart,Sumatera,Medan,159,139,139,0,11.2
2024-02-08,P001,Tempra,Fever & Pain,O011,Balikpapan Prime Pharmacy,Kalimantan,Balikpapan,101,62,62,0,5.8
2024-02-08,P002,Bodrex Flu & Batuk,Cough & Cold,O011,Balikpapan Prime Pharmacy,Kalimantan,Balikpapan,77,39,39,0,3.4
2024-02-08,P003,Hemaviton C1000,Vitamin,O011,Balikpapan Prime Pharmacy,Kalimantan,Balikpapan,168,137,137,0,14.1
2024-02-08,P004,Vidoran Smart,Multivitamin,O011,Balikpapan Prime Pharmacy,Kalimantan,Balikpapan,141,103,103,0,8.0
2024-02-08,P005,Marina Skin Care,Skin Care,O011,Balikpapan Prime Pharmacy,Kalimantan,Balikpapan,70,47,47,0,3.5
2024-02-08,P001,Tempra,Fever & Pain,O012,Balikpapan Health Mart,Kalimantan,Balikpapan,116,82,82,0,9.9
2024-02-08,P002,Bodrex Flu & Batuk,Cough & Cold,O012,Balikpapan Health Mart,Kalimantan,Balikpapan,150,107,107,0,7.1
2024-02-08,P003,Hemaviton C1000,Vitamin,O012,Balikpapan Health Mart,Kalimantan,Balikpapan,131,100,100,0,8.0
2024-02-08,P004,Vidoran Smart,Multivitamin,O012,Balikpapan Health Mart,Kalimantan,Balikpapan,140,95,95,0,6.7
2024-02-08,P005,Marina Skin Care,Skin Care,O012,Balikpapan Health Mart,Kalimantan,Balikpapan,104,93,93,0,9.6
2024-02-08,P001,Tempra,Fever & Pain,O013,Makassar Prime Pharmacy,Sulawesi,Makassar,144,103,103,0,6.9
2024-02-08,P002,Bodrex Flu & Batuk,Cough & Cold,O013,Makassar Prime Pharmacy,Sulawesi,Makassar,144,119,119,0,14.3
2024-02-08,P003,Hemaviton C1000,Vitamin,O013,Makassar Prime Pharmacy,Sulawesi,Makassar,82,55,55,0,4.9
2024-02-08,P004,Vidoran Smart,Multivitamin,O013,Makassar Prime Pharmacy,Sulawesi,Makassar,104,88,88,0,9.9
2024-02-08,P005,Marina Skin Care,Skin Care,O013,Makassar Prime Pharmacy,Sulawesi,Makassar,119,83,83,0,8.7
2024-02-08,P001,Tempra,Fever & Pain,O014,Makassar Health Mart,Sulawesi,Makassar,99,85,85,0,7.6
2024-02-08,P002,Bodrex Flu & Batuk,Cough & Cold,O014,Makassar Health Mart,Sulawesi,Makassar,160,115,115,0,8.1
2024-02-08,P003,Hemaviton C1000,Vitamin,O014,Makassar Health Mart,Sulawesi,Makassar,107,66,66,0,7.3
2024-02-08,P004,Vidoran Smart,Multivitamin,O014,Makassar Health Mart,Sulawesi,Makassar,131,96,96,0,7.4
2024-02-08,P005,Marina Skin Care,Skin Care,O014,Makassar Health Mart,Sulawesi,Makassar,131,100,100,0,11.5
2024-02-09,P001,Tempra,Fever & Pain,O001,Bandung Prime Pharmacy,Jawa Barat,Bandung,120,84,84,0,7.7
2024-02-09,P002,Bodrex Flu & Batuk,Cough & Cold,O001,Bandung Prime Pharmacy,Jawa Barat,Bandung,93,82,82,0,6.3
2024-02-09,P003,Hemaviton C1000,Vitamin,O001,Bandung Prime Pharmacy,Jawa Barat,Bandung,159,135,135,0,11.2
2024-02-09,P004,Vidoran Smart,Multivitamin,O001,Bandung Prime Pharmacy,Jawa Barat,Bandung,101,85,85,0,6.4
2024-02-09,P005,Marina Skin Care,Skin Care,O001,Bandung Prime Pharmacy,Jawa Barat,Bandung,131,119,119,0,10.6
2024-02-09,P001,Tempra,Fever & Pain,O002,Bandung Health Mart,Jawa Barat,Bandung,81,62,62,0,4.9
2024-02-09,P002,Bodrex Flu & Batuk,Cough & Cold,O002,Bandung Health Mart,Jawa Barat,Bandung,108,98,98,0,10.0
2024-02-09,P003,Hemaviton C1000,Vitamin,O002,Bandung Health Mart,Jawa Barat,Bandung,113,94,94,0,7.2
2024-02-09,P004,Vidoran Smart,Multivitamin,O002,Bandung Health Mart,Jawa Barat,Bandung,113,102,102,0,6.9
2024-02-09,P005,Marina Skin Care,Skin Care,O002,Bandung Health Mart,Jawa Barat,Bandung,104,93,93,0,7.8
2024-02-09,P001,Tempra,Fever & Pain,O003,Bekasi Prime Pharmacy,Jawa Barat,Bekasi,138,118,118,0,12.8
2024-02-09,P002,Bodrex Flu & Batuk,Cough & Cold,O003,Bekasi Prime Pharmacy,Jawa Barat,Bekasi,118,104,104,0,9.1
2024-02-09,P003,Hemaviton C1000,Vitamin,O003,Bekasi Prime Pharmacy,Jawa Barat,Bekasi,131,96,96,0,7.8
2024-02-09,P004,Vidoran Smart,Multivitamin,O003,Bekasi Prime Pharmacy,Jawa Barat,Bekasi,96,62,62,0,6.2
2024-02-09,P005,Marina Skin Care,Skin Care,O003,Bekasi Prime Pharmacy,Jawa Barat,Bekasi,109,80,80,0,8.2
2024-02-09,P001,Tempra,Fever & Pain,O004,Bekasi Health Mart,Jawa Barat,Bekasi,94,63,63,0,4.7
2024-02-09,P002,Bodrex Flu & Batuk,Cough & Cold,O004,Bekasi Health Mart,Jawa Barat,Bekasi,84,67,67,0,4.8
2024-02-09,P003,Hemaviton C1000,Vitamin,O004,Bekasi Health Mart,Jawa Barat,Bekasi,124,83,83,0,8.7
2024-02-09,P004,Vidoran Smart,Multivitamin,O004,Bekasi Health Mart,Jawa Barat,Bekasi,108,91,91,0,6.9
2024-02-09,P005,Marina Skin Care,Skin Care,O004,Bekasi Health Mart,Jawa Barat,Bekasi,123,86,86,0,7.1
2024-02-09,P001,Tempra,Fever & Pain,O005,Surabaya Prime Pharmacy,Jawa Timur,Surabaya,105,75,75,0,6.1
2024-02-09,P002,Bodrex Flu & Batuk,Cough & Cold,O005,Surabaya Prime Pharmacy,Jawa Timur,Surabaya,130,115,115,0,9.6
2024-02-09,P003,Hemaviton C1000,Vitamin,O005,Surabaya Prime Pharmacy,Jawa Timur,Surabaya,126,84,84,0,7.6
2024-02-09,P004,Vidoran Smart,Multivitamin,O005,Surabaya Prime Pharmacy,Jawa Timur,Surabaya,105,80,80,0,7.3
2024-02-09,P005,Marina Skin Care,Skin Care,O005,Surabaya Prime Pharmacy,Jawa Timur,Surabaya,119,82,82,0,6.2
2024-02-09,P001,Tempra,Fever & Pain,O006,Surabaya Health Mart,Jawa Timur,Surabaya,128,96,96,0,9.4
2024-02-09,P002,Bodrex Flu & Batuk,Cough & Cold,O006,Surabaya Health Mart,Jawa Timur,Surabaya,98,74,74,0,6.5
2024-02-09,P003,Hemaviton C1000,Vitamin,O006,Surabaya Health Mart,Jawa Timur,Surabaya,97,81,81,0,7.5
2024-02-09,P004,Vidoran Smart,Multivitamin,O006,Surabaya Health Mart,Jawa Timur,Surabaya,157,136,136,0,11.4
2024-02-09,P005,Marina Skin Care,Skin Care,O006,Surabaya Health Mart,Jawa Timur,Surabaya,103,81,81,0,6.3
2024-02-09,P001,Tempra,Fever & Pain,O007,Semarang Prime Pharmacy,Jawa Tengah,Semarang,83,56,56,0,4.7
2024-02-09,P002,Bodrex Flu & Batuk,Cough & Cold,O007,Semarang Prime Pharmacy,Jawa Tengah,Semarang,128,88,88,0,7.0
2024-02-09,P003,Hemaviton C1000,Vitamin,O007,Semarang Prime Pharmacy,Jawa Tengah,Semarang,131,109,109,0,10.1
2024-02-09,P004,Vidoran Smart,Multivitamin,O007,Semarang Prime Pharmacy,Jawa Tengah,Semarang,138,98,98,0,10.7
2024-02-09,P005,Marina Skin Care,Skin Care,O007,Semarang Prime Pharmacy,Jawa Tengah,Semarang,125,81,81,0,7.9
2024-02-09,P001,Tempra,Fever & Pain,O008,Semarang Health Mart,Jawa Tengah,Semarang,116,84,84,0,8.6
2024-02-09,P002,Bodrex Flu & Batuk,Cough & Cold,O008,Semarang Health Mart,Jawa Tengah,Semarang,105,85,85,0,8.8
2024-02-09,P003,Hemaviton C1000,Vitamin,O008,Semarang Health Mart,Jawa Tengah,Semarang,85,75,75,0,7.7
2024-02-09,P004,Vidoran Smart,Multivitamin,O008,Semarang Health Mart,Jawa Tengah,Semarang,107,62,62,0,5.6
2024-02-09,P005,Marina Skin Care,Skin Care,O008,Semarang Health Mart,Jawa Tengah,Semarang,119,105,105,0,8.1
2024-02-09,P001,Tempra,Fever & Pain,O009,Medan Prime Pharmacy,Sumatera,Medan,125,85,85,0,6.4
2024-02-09,P002,Bodrex Flu & Batuk,Cough & Cold,O009,Medan Prime Pharmacy,Sumatera,Medan,87,60,60,0,4.1
2024-02-09,P003,Hemaviton C1000,Vitamin,O009,Medan Prime Pharmacy,Sumatera,Medan,140,112,112,0,12.6
2024-02-09,P004,Vidoran Smart,Multivitamin,O009,Medan Prime Pharmacy,Sumatera,Medan,123,79,79,0,5.5
2024-02-09,P005,Marina Skin Care,Skin Care,O009,Medan Prime Pharmacy,Sumatera,Medan,155,114,114,0,11.6
2024-02-09,P001,Tempra,Fever & Pain,O010,Medan Health Mart,Sumatera,Medan,128,89,89,0,6.2
2024-02-09,P002,Bodrex Flu & Batuk,Cough & Cold,O010,Medan Health Mart,Sumatera,Medan,101,89,89,0,10.5
2024-02-09,P003,Hemaviton C1000,Vitamin,O010,Medan Health Mart,Sumatera,Medan,126,116,116,0,8.6
2024-02-09,P004,Vidoran Smart,Multivitamin,O010,Medan Health Mart,Sumatera,Medan,90,73,73,0,6.7
2024-02-09,P005,Marina Skin Care,Skin Care,O010,Medan Health Mart,Sumatera,Medan,119,104,104,0,9.0
2024-02-09,P001,Tempra,Fever & Pain,O011,Balikpapan Prime Pharmacy,Kalimantan,Balikpapan,98,77,77,0,7.0
2024-02-09,P002,Bodrex Flu & Batuk,Cough & Cold,O011,Balikpapan Prime Pharmacy,Kalimantan,Balikpapan,105,88,88,0,7.6
2024-02-09,P003,Hemaviton C1000,Vitamin,O011,Balikpapan Prime Pharmacy,Kalimantan,Balikpapan,79,54,54,0,3.8
2024-02-09,P004,Vidoran Smart,Multivitamin,O011,Balikpapan Prime Pharmacy,Kalimantan,Balikpapan,150,128,128,0,12.9
2024-02-09,P005,Marina Skin Care,Skin Care,O011,Balikpapan Prime Pharmacy,Kalimantan,Balikpapan,125,102,102,0,7.0
2024-02-09,P001,Tempra,Fever & Pain,O012,Balikpapan Health Mart,Kalimantan,Balikpapan,125,91,91,0,6.1
2024-02-09,P002,Bodrex Flu & Batuk,Cough & Cold,O012,Balikpapan Health Mart,Kalimantan,Balikpapan,95,78,78,0,5.7
2024-02-09,P003,Hemaviton C1000,Vitamin,O012,Balikpapan Health Mart,Kalimantan,Balikpapan,167,133,133,0,9.6
2024-02-09,P004,Vidoran Smart,Multivitamin,O012,Balikpapan Health Mart,Kalimantan,Balikpapan,178,135,135,0,12.3
2024-02-09,P005,Marina Skin Care,Skin Care,O012,Balikpapan Health Mart,Kalimantan,Balikpapan,123,97,97,0,8.6
2024-02-09,P001,Tempra,Fever & Pain,O013,Makassar Prime Pharmacy,Sulawesi,Makassar,82,43,43,0,4.2
2024-02-09,P002,Bodrex Flu & Batuk,Cough & Cold,O013,Makassar Prime Pharmacy,Sulawesi,Makassar,120,103,103,0,8.1
2024-02-09,P003,Hemaviton C1000,Vitamin,O013,Makassar Prime Pharmacy,Sulawesi,Makassar,113,83,83,0,7.7
2024-02-09,P004,Vidoran Smart,Multivitamin,O013,Makassar Prime Pharmacy,Sulawesi,Makassar,100,86,86,0,7.4
2024-02-09,P005,Marina Skin Care,Skin Care,O013,Makassar Prime Pharmacy,Sulawesi,Makassar,146,110,110,0,12.3
2024-02-09,P001,Tempra,Fever & Pain,O014,Makassar Health Mart,Sulawesi,Makassar,123,96,96,0,6.5
2024-02-09,P002,Bodrex Flu & Batuk,Cough & Cold,O014,Makassar Health Mart,Sulawesi,Makassar,133,108,108,0,7.6
2024-02-09,P003,Hemaviton C1000,Vitamin,O014,Makassar Health Mart,Sulawesi,Makassar,158,121,121,0,9.8
2024-02-09,P004,Vidoran Smart,Multivitamin,O014,Makassar Health Mart,Sulawesi,Makassar,126,84,84,0,6.5
2024-02-09,P005,Marina Skin Care,Skin Care,O014,Makassar Health Mart,Sulawesi,Makassar,144,119,119,0,12.4
2024-02-10,P001,Tempra,Fever & Pain,O001,Bandung Prime Pharmacy,Jawa Barat,Bandung,116,83,83,0,9.9
2024-02-10,P002,Bodrex Flu & Batuk,Cough & Cold,O001,Bandung Prime Pharmacy,Jawa Barat,Bandung,61,38,38,0,3.9
2024-02-10,P003,Hemaviton C1000,Vitamin,O001,Bandung Prime Pharmacy,Jawa Barat,Bandung,106,80,80,0,7.9
2024-02-10,P004,Vidoran Smart,Multivitamin,O001,Bandung Prime Pharmacy,Jawa Barat,Bandung,130,99,99,0,7.0
2024-02-10,P005,Marina Skin Care,Skin Care,O001,Bandung Prime Pharmacy,Jawa Barat,Bandung,74,49,49,0,3.6
2024-02-10,P001,Tempra,Fever & Pain,O002,Bandung Health Mart,Jawa Barat,Bandung,121,91,91,0,11.2
2024-02-10,P002,Bodrex Flu & Batuk,Cough & Cold,O002,Bandung Health Mart,Jawa Barat,Bandung,165,128,128,0,14.6
2024-02-10,P003,Hemaviton C1000,Vitamin,O002,Bandung Health Mart,Jawa Barat,Bandung,125,99,99,0,10.0
2024-02-10,P004,Vidoran Smart,Multivitamin,O002,Bandung Health Mart,Jawa Barat,Bandung,161,120,120,0,12.4
2024-02-10,P005,Marina Skin Care,Skin Care,O002,Bandung Health Mart,Jawa Barat,Bandung,122,103,103,0,12.6
2024-02-10,P001,Tempra,Fever & Pain,O003,Bekasi Prime Pharmacy,Jawa Barat,Bekasi,116,92,92,0,6.6
2024-02-10,P002,Bodrex Flu & Batuk,Cough & Cold,O003,Bekasi Prime Pharmacy,Jawa Barat,Bekasi,112,69,69,0,4.8
2024-02-10,P003,Hemaviton C1000,Vitamin,O003,Bekasi Prime Pharmacy,Jawa Barat,Bekasi,161,124,124,0,9.1
2024-02-10,P004,Vidoran Smart,Multivitamin,O003,Bekasi Prime Pharmacy,Jawa Barat,Bekasi,139,109,109,0,8.5
2024-02-10,P005,Marina Skin Care,Skin Care,O003,Bekasi Prime Pharmacy,Jawa Barat,Bekasi,107,89,89,0,10.8
2024-02-10,P001,Tempra,Fever & Pain,O004,Bekasi Health Mart,Jawa Barat,Bekasi,119,93,93,0,6.4
2024-02-10,P002,Bodrex Flu & Batuk,Cough & Cold,O004,Bekasi Health Mart,Jawa Barat,Bekasi,52,42,42,0,4.7
2024-02-10,P003,Hemaviton C1000,Vitamin,O004,Bekasi Health Mart,Jawa Barat,Bekasi,115,100,100,0,6.7
2024-02-10,P004,Vidoran Smart,Multivitamin,O004,Bekasi Health Mart,Jawa Barat,Bekasi,103,87,87,0,5.9
2024-02-10,P005,Marina Skin Care,Skin Care,O004,Bekasi Health Mart,Jawa Barat,Bekasi,79,66,66,0,4.8
2024-02-10,P001,Tempra,Fever & Pain,O005,Surabaya Prime Pharmacy,Jawa Timur,Surabaya,140,117,117,0,13.1
2024-02-10,P002,Bodrex Flu & Batuk,Cough & Cold,O005,Surabaya Prime Pharmacy,Jawa Timur,Surabaya,153,110,110,0,9.4
2024-02-10,P003,Hemaviton C1000,Vitamin,O005,Surabaya Prime Pharmacy,Jawa Timur,Surabaya,121,105,105,0,9.4
2024-02-10,P004,Vidoran Smart,Multivitamin,O005,Surabaya Prime Pharmacy,Jawa Timur,Surabaya,122,98,98,0,9.1
2024-02-10,P005,Marina Skin Care,Skin Care,O005,Surabaya Prime Pharmacy,Jawa Timur,Surabaya,84,61,61,0,4.6
2024-02-10,P001,Tempra,Fever & Pain,O006,Surabaya Health Mart,Jawa Timur,Surabaya,89,63,63,0,5.1
2024-02-10,P002,Bodrex Flu & Batuk,Cough & Cold,O006,Surabaya Health Mart,Jawa Timur,Surabaya,91,76,76,0,5.2
2024-02-10,P003,Hemaviton C1000,Vitamin,O006,Surabaya Health Mart,Jawa Timur,Surabaya,123,102,102,0,6.9
2024-02-10,P004,Vidoran Smart,Multivitamin,O006,Surabaya Health Mart,Jawa Timur,Surabaya,96,59,59,0,4.2
2024-02-10,P005,Marina Skin Care,Skin Care,O006,Surabaya Health Mart,Jawa Timur,Surabaya,102,86,86,0,9.6
2024-02-10,P001,Tempra,Fever & Pain,O007,Semarang Prime Pharmacy,Jawa Tengah,Semarang,145,109,109,0,9.6
2024-02-10,P002,Bodrex Flu & Batuk,Cough & Cold,O007,Semarang Prime Pharmacy,Jawa Tengah,Semarang,150,110,110,0,7.7
2024-02-10,P003,Hemaviton C1000,Vitamin,O007,Semarang Prime Pharmacy,Jawa Tengah,Semarang,153,112,112,0,8.6
2024-02-10,P004,Vidoran Smart,Multivitamin,O007,Semarang Prime Pharmacy,Jawa Tengah,Semarang,76,65,65,0,7.5
2024-02-10,P005,Marina Skin Care,Skin Care,O007,Semarang Prime Pharmacy,Jawa Tengah,Semarang,93,69,69,0,7.7
2024-02-10,P001,Tempra,Fever & Pain,O008,Semarang Health Mart,Jawa Tengah,Semarang,143,119,119,0,12.4
2024-02-10,P002,Bodrex Flu & Batuk,Cough & Cold,O008,Semarang Health Mart,Jawa Tengah,Semarang,109,73,73,0,6.8
2024-02-10,P003,Hemaviton C1000,Vitamin,O008,Semarang Health Mart,Jawa Tengah,Semarang,129,93,93,0,9.5
2024-02-10,P004,Vidoran Smart,Multivitamin,O008,Semarang Health Mart,Jawa Tengah,Semarang,106,87,87,0,10.0
2024-02-10,P005,Marina Skin Care,Skin Care,O008,Semarang Health Mart,Jawa Tengah,Semarang,90,69,69,0,5.7
2024-02-10,P001,Tempra,Fever & Pain,O009,Medan Prime Pharmacy,Sumatera,Medan,147,104,104,0,12.0
2024-02-10,P002,Bodrex Flu & Batuk,Cough & Cold,O009,Medan Prime Pharmacy,Sumatera,Medan,122,83,83,0,7.6
2024-02-10,P003,Hemaviton C1000,Vitamin,O009,Medan Prime Pharmacy,Sumatera,Medan,132,113,113,0,9.1
2024-02-10,P004,Vidoran Smart,Multivitamin,O009,Medan Prime Pharmacy,Sumatera,Medan,150,109,109,0,10.0
2024-02-10,P005,Marina Skin Care,Skin Care,O009,Medan Prime Pharmacy,Sumatera,Medan,136,118,118,0,8.2
2024-02-10,P001,Tempra,Fever & Pain,O010,Medan Health Mart,Sumatera,Medan,174,142,142,0,13.9
2024-02-10,P002,Bodrex Flu & Batuk,Cough & Cold,O010,Medan Health Mart,Sumatera,Medan,149,107,107,0,7.8
2024-02-10,P003,Hemaviton C1000,Vitamin,O010,Medan Health Mart,Sumatera,Medan,118,102,102,0,7.1
2024-02-10,P004,Vidoran Smart,Multivitamin,O010,Medan Health Mart,Sumatera,Medan,71,60,60,0,4.4
2024-02-10,P005,Marina Skin Care,Skin Care,O010,Medan Health Mart,Sumatera,Medan,101,89,89,0,9.8
2024-02-10,P001,Tempra,Fever & Pain,O011,Balikpapan Prime Pharmacy,Kalimantan,Balikpapan,42,30,30,0,2.0
2024-02-10,P002,Bodrex Flu & Batuk,Cough & Cold,O011,Balikpapan Prime Pharmacy,Kalimantan,Balikpapan,174,130,130,0,14.3
2024-02-10,P003,Hemaviton C1000,Vitamin,O011,Balikpapan Prime Pharmacy,Kalimantan,Balikpapan,137,100,100,0,8.3
2024-02-10,P004,Vidoran Smart,Multivitamin,O011,Balikpapan Prime Pharmacy,Kalimantan,Balikpapan,133,88,88,0,10.5
2024-02-10,P005,Marina Skin Care,Skin Care,O011,Balikpapan Prime Pharmacy,Kalimantan,Balikpapan,126,101,101,0,10.0
2024-02-10,P001,Tempra,Fever & Pain,O012,Balikpapan Health Mart,Kalimantan,Balikpapan,148,124,124,0,8.5
2024-02-10,P002,Bodrex Flu & Batuk,Cough & Cold,O012,Balikpapan Health Mart,Kalimantan,Balikpapan,73,62,62,0,5.9
2024-02-10,P003,Hemaviton C1000,Vitamin,O012,Balikpapan Health Mart,Kalimantan,Balikpapan,138,109,109,0,12.9
2024-02-10,P004,Vidoran Smart,Multivitamin,O012,Balikpapan Health Mart,Kalimantan,Balikpapan,97,52,52,0,3.5
2024-02-10,P005,Marina Skin Care,Skin Care,O012,Balikpapan Health Mart,Kalimantan,Balikpapan,104,83,83,0,7.0
2024-02-10,P001,Tempra,Fever & Pain,O013,Makassar Prime Pharmacy,Sulawesi,Makassar,139,98,98,0,9.8
2024-02-10,P002,Bodrex Flu & Batuk,Cough & Cold,O013,Makassar Prime Pharmacy,Sulawesi,Makassar,121,85,85,0,7.4
2024-02-10,P003,Hemaviton C1000,Vitamin,O013,Makassar Prime Pharmacy,Sulawesi,Makassar,135,107,107,0,7.9
2024-02-10,P004,Vidoran Smart,Multivitamin,O013,Makassar Prime Pharmacy,Sulawesi,Makassar,158,125,125,0,9.1
2024-02-10,P005,Marina Skin Care,Skin Care,O013,Makassar Prime Pharmacy,Sulawesi,Makassar,126,115,115,0,7.9
2024-02-10,P001,Tempra,Fever & Pain,O014,Makassar Health Mart,Sulawesi,Makassar,134,116,116,0,13.9
2024-02-10,P002,Bodrex Flu & Batuk,Cough & Cold,O014,Makassar Health Mart,Sulawesi,Makassar,171,137,137,0,13.2
2024-02-10,P003,Hemaviton C1000,Vitamin,O014,Makassar Health Mart,Sulawesi,Makassar,117,75,75,0,6.6
2024-02-10,P004,Vidoran Smart,Multivitamin,O014,Makassar Health Mart,Sulawesi,Makassar,119,87,87,0,9.7
2024-02-10,P005,Marina Skin Care,Skin Care,O014,Makassar Health Mart,Sulawesi,Makassar,167,127,127,0,15.3
2024-02-11,P001,Tempra,Fever & Pain,O001,Bandung Prime Pharmacy,Jawa Barat,Bandung,124,81,81,0,5.6
2024-02-11,P002,Bodrex Flu & Batuk,Cough & Cold,O001,Bandung Prime Pharmacy,Jawa Barat,Bandung,123,89,89,0,8.0
2024-02-11,P003,Hemaviton C1000,Vitamin,O001,Bandung Prime Pharmacy,Jawa Barat,Bandung,126,99,99,0,8.8
2024-02-11,P004,Vidoran Smart,Multivitamin,O001,Bandung Prime Pharmacy,Jawa Barat,Bandung,162,119,119,0,9.4
2024-02-11,P005,Marina Skin Care,Skin Care,O001,Bandung Prime Pharmacy,Jawa Barat,Bandung,77,65,65,0,5.2
2024-02-11,P001,Tempra,Fever & Pain,O002,Bandung Health Mart,Jawa Barat,Bandung,134,105,105,0,7.2
2024-02-11,P002,Bodrex Flu & Batuk,Cough & Cold,O002,Bandung Health Mart,Jawa Barat,Bandung,113,97,97,0,7.2
2024-02-11,P003,Hemaviton C1000,Vitamin,O002,Bandung Health Mart,Jawa Barat,Bandung,186,143,143,0,17.0
2024-02-11,P004,Vidoran Smart,Multivitamin,O002,Bandung Health Mart,Jawa Barat,Bandung,128,92,92,0,9.8
2024-02-11,P005,Marina Skin Care,Skin Care,O002,Bandung Health Mart,Jawa Barat,Bandung,141,107,107,0,11.1
2024-02-11,P001,Tempra,Fever & Pain,O003,Bekasi Prime Pharmacy,Jawa Barat,Bekasi,131,86,86,0,6.8
2024-02-11,P002,Bodrex Flu & Batuk,Cough & Cold,O003,Bekasi Prime Pharmacy,Jawa Barat,Bekasi,79,61,61,0,4.9
2024-02-11,P003,Hemaviton C1000,Vitamin,O003,Bekasi Prime Pharmacy,Jawa Barat,Bekasi,135,95,95,0,10.5
2024-02-11,P004,Vidoran Smart,Multivitamin,O003,Bekasi Prime Pharmacy,Jawa Barat,Bekasi,124,114,114,0,11.6
2024-02-11,P005,Marina Skin Care,Skin Care,O003,Bekasi Prime Pharmacy,Jawa Barat,Bekasi,119,86,86,0,5.9
2024-02-11,P001,Tempra,Fever & Pain,O004,Bekasi Health Mart,Jawa Barat,Bekasi,92,80,80,0,9.6
2024-02-11,P002,Bodrex Flu & Batuk,Cough & Cold,O004,Bekasi Health Mart,Jawa Barat,Bekasi,106,77,77,0,7.9
2024-02-11,P003,Hemaviton C1000,Vitamin,O004,Bekasi Health Mart,Jawa Barat,Bekasi,97,85,85,0,6.8
2024-02-11,P004,Vidoran Smart,Multivitamin,O004,Bekasi Health Mart,Jawa Barat,Bekasi,111,95,95,0,6.8
2024-02-11,P005,Marina Skin Care,Skin Care,O004,Bekasi Health Mart,Jawa Barat,Bekasi,122,103,103,0,7.4
2024-02-11,P001,Tempra,Fever & Pain,O005,Surabaya Prime Pharmacy,Jawa Timur,Surabaya,87,58,58,0,6.5
2024-02-11,P002,Bodrex Flu & Batuk,Cough & Cold,O005,Surabaya Prime Pharmacy,Jawa Timur,Surabaya,73,53,53,0,4.5
2024-02-11,P003,Hemaviton C1000,Vitamin,O005,Surabaya Prime Pharmacy,Jawa Timur,Surabaya,173,137,137,0,14.8
2024-02-11,P004,Vidoran Smart,Multivitamin,O005,Surabaya Prime Pharmacy,Jawa Timur,Surabaya,166,133,133,0,14.0
2024-02-11,P005,Marina Skin Care,Skin Care,O005,Surabaya Prime Pharmacy,Jawa Timur,Surabaya,177,140,140,0,12.4
2024-02-11,P001,Tempra,Fever & Pain,O006,Surabaya Health Mart,Jawa Timur,Surabaya,178,139,139,0,14.8
2024-02-11,P002,Bodrex Flu & Batuk,Cough & Cold,O006,Surabaya Health Mart,Jawa Timur,Surabaya,75,53,53,0,4.6
2024-02-11,P003,Hemaviton C1000,Vitamin,O006,Surabaya Health Mart,Jawa Timur,Surabaya,101,89,89,0,6.3
2024-02-11,P004,Vidoran Smart,Multivitamin,O006,Surabaya Health Mart,Jawa Timur,Surabaya,132,108,108,0,7.5
2024-02-11,P005,Marina Skin Care,Skin Care,O006,Surabaya Health Mart,Jawa Timur,Surabaya,112,67,67,0,4.9
2024-02-11,P001,Tempra,Fever & Pain,O007,Semarang Prime Pharmacy,Jawa Tengah,Semarang,122,95,95,0,9.2
2024-02-11,P002,Bodrex Flu & Batuk,Cough & Cold,O007,Semarang Prime Pharmacy,Jawa Tengah,Semarang,146,101,101,0,9.2
2024-02-11,P003,Hemaviton C1000,Vitamin,O007,Semarang Prime Pharmacy,Jawa Tengah,Semarang,91,57,57,0,4.0
2024-02-11,P004,Vidoran Smart,Multivitamin,O007,Semarang Prime Pharmacy,Jawa Tengah,Semarang,116,83,83,0,6.1
2024-02-11,P005,Marina Skin Care,Skin Care,O007,Semarang Prime Pharmacy,Jawa Tengah,Semarang,154,116,116,0,10.6
2024-02-11,P001,Tempra,Fever & Pain,O008,Semarang Health Mart,Jawa Tengah,Semarang,150,122,122,0,8.8
2024-02-11,P002,Bodrex Flu & Batuk,Cough & Cold,O008,Semarang Health Mart,Jawa Tengah,Semarang,151,128,128,0,11.3
2024-02-11,P003,Hemaviton C1000,Vitamin,O008,Semarang Health Mart,Jawa Tengah,Semarang,140,107,107,0,11.0
2024-02-11,P004,Vidoran Smart,Multivitamin,O008,Semarang Health Mart,Jawa Tengah,Semarang,102,74,74,0,7.4
2024-02-11,P005,Marina Skin Care,Skin Care,O008,Semarang Health Mart,Jawa Tengah,Semarang,94,66,66,0,5.7
2024-02-11,P001,Tempra,Fever & Pain,O009,Medan Prime Pharmacy,Sumatera,Medan,167,154,154,0,13.9
2024-02-11,P002,Bodrex Flu & Batuk,Cough & Cold,O009,Medan Prime Pharmacy,Sumatera,Medan,142,116,116,0,13.5
2024-02-11,P003,Hemaviton C1000,Vitamin,O009,Medan Prime Pharmacy,Sumatera,Medan,124,88,88,0,10.9
2024-02-11,P004,Vidoran Smart,Multivitamin,O009,Medan Prime Pharmacy,Sumatera,Medan,131,92,92,0,8.1
2024-02-11,P005,Marina Skin Care,Skin Care,O009,Medan Prime Pharmacy,Sumatera,Medan,115,93,93,0,9.4
2024-02-11,P001,Tempra,Fever & Pain,O010,Medan Health Mart,Sumatera,Medan,176,135,135,0,14.4
2024-02-11,P002,Bodrex Flu & Batuk,Cough & Cold,O010,Medan Health Mart,Sumatera,Medan,92,55,55,0,4.3
2024-02-11,P003,Hemaviton C1000,Vitamin,O010,Medan Health Mart,Sumatera,Medan,127,111,111,0,7.6
2024-02-11,P004,Vidoran Smart,Multivitamin,O010,Medan Health Mart,Sumatera,Medan,140,119,119,0,10.2
2024-02-11,P005,Marina Skin Care,Skin Care,O010,Medan Health Mart,Sumatera,Medan,142,123,123,0,11.4
2024-02-11,P001,Tempra,Fever & Pain,O011,Balikpapan Prime Pharmacy,Kalimantan,Balikpapan,127,109,109,0,8.5
2024-02-11,P002,Bodrex Flu & Batuk,Cough & Cold,O011,Balikpapan Prime Pharmacy,Kalimantan,Balikpapan,108,90,90,0,9.2
2024-02-11,P003,Hemaviton C1000,Vitamin,O011,Balikpapan Prime Pharmacy,Kalimantan,Balikpapan,139,102,102,0,9.5
2024-02-11,P004,Vidoran Smart,Multivitamin,O011,Balikpapan Prime Pharmacy,Kalimantan,Balikpapan,146,111,111,0,13.2
2024-02-11,P005,Marina Skin Care,Skin Care,O011,Balikpapan Prime Pharmacy,Kalimantan,Balikpapan,149,109,109,0,10.2
2024-02-11,P001,Tempra,Fever & Pain,O012,Balikpapan Health Mart,Kalimantan,Balikpapan,167,126,126,0,11.5
2024-02-11,P002,Bodrex Flu & Batuk,Cough & Cold,O012,Balikpapan Health Mart,Kalimantan,Balikpapan,113,71,71,0,5.1
2024-02-11,P003,Hemaviton C1000,Vitamin,O012,Balikpapan Health Mart,Kalimantan,Balikpapan,158,123,123,0,14.8
2024-02-11,P004,Vidoran Smart,Multivitamin,O012,Balikpapan Health Mart,Kalimantan,Balikpapan,108,72,72,0,6.3
2024-02-11,P005,Marina Skin Care,Skin Care,O012,Balikpapan Health Mart,Kalimantan,Balikpapan,86,75,75,0,5.1
2024-02-11,P001,Tempra,Fever & Pain,O013,Makassar Prime Pharmacy,Sulawesi,Makassar,134,121,121,0,9.3
2024-02-11,P002,Bodrex Flu & Batuk,Cough & Cold,O013,Makassar Prime Pharmacy,Sulawesi,Makassar,97,74,74,0,5.5
2024-02-11,P003,Hemaviton C1000,Vitamin,O013,Makassar Prime Pharmacy,Sulawesi,Makassar,66,55,55,0,5.8
2024-02-11,P004,Vidoran Smart,Multivitamin,O013,Makassar Prime Pharmacy,Sulawesi,Makassar,94,83,83,0,6.9
2024-02-11,P005,Marina Skin Care,Skin Care,O013,Makassar Prime Pharmacy,Sulawesi,Makassar,114,86,86,0,6.5
2024-02-11,P001,Tempra,Fever & Pain,O014,Makassar Health Mart,Sulawesi,Makassar,163,136,136,0,10.1
2024-02-11,P002,Bodrex Flu & Batuk,Cough & Cold,O014,Makassar Health Mart,Sulawesi,Makassar,120,86,86,0,7.3
2024-02-11,P003,Hemaviton C1000,Vitamin,O014,Makassar Health Mart,Sulawesi,Makassar,76,64,64,0,6.9
2024-02-11,P004,Vidoran Smart,Multivitamin,O014,Makassar Health Mart,Sulawesi,Makassar,103,90,90,0,7.8
2024-02-11,P005,Marina Skin Care,Skin Care,O014,Makassar Health Mart,Sulawesi,Makassar,117,89,89,0,6.1
2024-02-12,P001,Tempra,Fever & Pain,O001,Bandung Prime Pharmacy,Jawa Barat,Bandung,130,95,95,0,7.2
2024-02-12,P002,Bodrex Flu & Batuk,Cough & Cold,O001,Bandung Prime Pharmacy,Jawa Barat,Bandung,102,69,69,0,5.0
2024-02-12,P003,Hemaviton C1000,Vitamin,O001,Bandung Prime Pharmacy,Jawa Barat,Bandung,139,117,117,0,10.0
2024-02-12,P004,Vidoran Smart,Multivitamin,O001,Bandung Prime Pharmacy,Jawa Barat,Bandung,109,74,74,0,5.5
2024-02-12,P005,Marina Skin Care,Skin Care,O001,Bandung Prime Pharmacy,Jawa Barat,Bandung,157,114,114,0,8.9
2024-02-12,P001,Tempra,Fever & Pain,O002,Bandung Health Mart,Jawa Barat,Bandung,143,100,100,0,11.1
2024-02-12,P002,Bodrex Flu & Batuk,Cough & Cold,O002,Bandung Health Mart,Jawa Barat,Bandung,127,98,98,0,10.3
2024-02-12,P003,Hemaviton C1000,Vitamin,O002,Bandung Health Mart,Jawa Barat,Bandung,121,91,91,0,9.8
2024-02-12,P004,Vidoran Smart,Multivitamin,O002,Bandung Health Mart,Jawa Barat,Bandung,129,102,102,0,11.9
2024-02-12,P005,Marina Skin Care,Skin Care,O002,Bandung Health Mart,Jawa Barat,Bandung,137,111,111,0,8.8
2024-02-12,P001,Tempra,Fever & Pain,O003,Bekasi Prime Pharmacy,Jawa Barat,Bekasi,148,122,122,0,9.1
2024-02-12,P002,Bodrex Flu & Batuk,Cough & Cold,O003,Bekasi Prime Pharmacy,Jawa Barat,Bekasi,137,100,100,0,7.2
2024-02-12,P003,Hemaviton C1000,Vitamin,O003,Bekasi Prime Pharmacy,Jawa Barat,Bekasi,133,106,106,0,8.4
2024-02-12,P004,Vidoran Smart,Multivitamin,O003,Bekasi Prime Pharmacy,Jawa Barat,Bekasi,138,105,105,0,9.8
2024-02-12,P005,Marina Skin Care,Skin Care,O003,Bekasi Prime Pharmacy,Jawa Barat,Bekasi,114,79,79,0,6.3
2024-02-12,P001,Tempra,Fever & Pain,O004,Bekasi Health Mart,Jawa Barat,Bekasi,90,80,80,0,9.4
2024-02-12,P002,Bodrex Flu & Batuk,Cough & Cold,O004,Bekasi Health Mart,Jawa Barat,Bekasi,118,86,86,0,6.4
2024-02-12,P003,Hemaviton C1000,Vitamin,O004,Bekasi Health Mart,Jawa Barat,Bekasi,114,93,93,0,6.8
2024-02-12,P004,Vidoran Smart,Multivitamin,O004,Bekasi Health Mart,Jawa Barat,Bekasi,139,127,127,0,10.8
2024-02-12,P005,Marina Skin Care,Skin Care,O004,Bekasi Health Mart,Jawa Barat,Bekasi,130,86,86,0,10.0
2024-02-12,P001,Tempra,Fever & Pain,O005,Surabaya Prime Pharmacy,Jawa Timur,Surabaya,152,129,129,0,9.0
2024-02-12,P002,Bodrex Flu & Batuk,Cough & Cold,O005,Surabaya Prime Pharmacy,Jawa Timur,Surabaya,136,99,99,0,8.7
2024-02-12,P003,Hemaviton C1000,Vitamin,O005,Surabaya Prime Pharmacy,Jawa Timur,Surabaya,109,70,70,0,8.0
2024-02-12,P004,Vidoran Smart,Multivitamin,O005,Surabaya Prime Pharmacy,Jawa Timur,Surabaya,128,86,86,0,10.3
2024-02-12,P005,Marina Skin Care,Skin Care,O005,Surabaya Prime Pharmacy,Jawa Timur,Surabaya,146,116,116,0,10.0
2024-02-12,P001,Tempra,Fever & Pain,O006,Surabaya Health Mart,Jawa Timur,Surabaya,127,90,90,0,6.1
2024-02-12,P002,Bodrex Flu & Batuk,Cough & Cold,O006,Surabaya Health Mart,Jawa Timur,Surabaya,175,142,142,0,14.6
2024-02-12,P003,Hemaviton C1000,Vitamin,O006,Surabaya Health Mart,Jawa Timur,Surabaya,119,91,91,0,7.5
2024-02-12,P004,Vidoran Smart,Multivitamin,O006,Surabaya Health Mart,Jawa Timur,Surabaya,94,80,80,0,5.6
2024-02-12,P005,Marina Skin Care,Skin Care,O006,Surabaya Health Mart,Jawa Timur,Surabaya,132,90,90,0,8.2
2024-02-12,P001,Tempra,Fever & Pain,O007,Semarang Prime Pharmacy,Jawa Tengah,Semarang,94,72,72,0,6.0
2024-02-12,P002,Bodrex Flu & Batuk,Cough & Cold,O007,Semarang Prime Pharmacy,Jawa Tengah,Semarang,135,108,108,0,9.7
2024-02-12,P003,Hemaviton C1000,Vitamin,O007,Semarang Prime Pharmacy,Jawa Tengah,Semarang,115,104,104,0,10.9
2024-02-12,P004,Vidoran Smart,Multivitamin,O007,Semarang Prime Pharmacy,Jawa Tengah,Semarang,136,103,103,0,8.3
2024-02-12,P005,Marina Skin Care,Skin Care,O007,Semarang Prime Pharmacy,Jawa Tengah,Semarang,172,142,142,0,11.1
2024-02-12,P001,Tempra,Fever & Pain,O008,Semarang Health Mart,Jawa Tengah,Semarang,130,104,104,0,11.1
2024-02-12,P002,Bodrex Flu & Batuk,Cough & Cold,O008,Semarang Health Mart,Jawa Tengah,Semarang,127,93,93,0,6.7
2024-02-12,P003,Hemaviton C1000,Vitamin,O008,Semarang Health Mart,Jawa Tengah,Semarang,116,83,83,0,5.6
2024-02-12,P004,Vidoran Smart,Multivitamin,O008,Semarang Health Mart,Jawa Tengah,Semarang,166,130,130,0,16.0
2024-02-12,P005,Marina Skin Care,Skin Care,O008,Semarang Health Mart,Jawa Tengah,Semarang,108,91,91,0,8.6
2024-02-12,P001,Tempra,Fever & Pain,O009,Medan Prime Pharmacy,Sumatera,Medan,93,49,49,0,6.0
2024-02-12,P002,Bodrex Flu & Batuk,Cough & Cold,O009,Medan Prime Pharmacy,Sumatera,Medan,109,81,81,0,9.9
2024-02-12,P003,Hemaviton C1000,Vitamin,O009,Medan Prime Pharmacy,Sumatera,Medan,112,98,98,0,7.6
2024-02-12,P004,Vidoran Smart,Multivitamin,O009,Medan Prime Pharmacy,Sumatera,Medan,172,129,129,0,9.1
2024-02-12,P005,Marina Skin Care,Skin Care,O009,Medan Prime Pharmacy,Sumatera,Medan,102,62,62,0,5.3
2024-02-12,P001,Tempra,Fever & Pain,O010,Medan Health Mart,Sumatera,Medan,115,86,86,0,7.4
2024-02-12,P002,Bodrex Flu & Batuk,Cough & Cold,O010,Medan Health Mart,Sumatera,Medan,123,78,78,0,9.0
2024-02-12,P003,Hemaviton C1000,Vitamin,O010,Medan Health Mart,Sumatera,Medan,148,130,130,0,10.2
2024-02-12,P004,Vidoran Smart,Multivitamin,O010,Medan Health Mart,Sumatera,Medan,93,77,77,0,5.3
2024-02-12,P005,Marina Skin Care,Skin Care,O010,Medan Health Mart,Sumatera,Medan,128,102,102,0,11.7
2024-02-12,P001,Tempra,Fever & Pain,O011,Balikpapan Prime Pharmacy,Kalimantan,Balikpapan,93,75,75,0,8.5
2024-02-12,P002,Bodrex Flu & Batuk,Cough & Cold,O011,Balikpapan Prime Pharmacy,Kalimantan,Balikpapan,72,55,55,0,5.0
2024-02-12,P003,Hemaviton C1000,Vitamin,O011,Balikpapan Prime Pharmacy,Kalimantan,Balikpapan,116,87,87,0,8.7
2024-02-12,P004,Vidoran Smart,Multivitamin,O011,Balikpapan Prime Pharmacy,Kalimantan,Balikpapan,123,113,113,0,10.9
2024-02-12,P005,Marina Skin Care,Skin Care,O011,Balikpapan Prime Pharmacy,Kalimantan,Balikpapan,167,126,126,0,13.6
2024-02-12,P001,Tempra,Fever & Pain,O012,Balikpapan Health Mart,Kalimantan,Balikpapan,129,114,114,0,10.7
2024-02-12,P002,Bodrex Flu & Batuk,Cough & Cold,O012,Balikpapan Health Mart,Kalimantan,Balikpapan,131,88,88,0,7.7
2024-02-12,P003,Hemaviton C1000,Vitamin,O012,Balikpapan Health Mart,Kalimantan,Balikpapan,137,112,112,0,8.6
2024-02-12,P004,Vidoran Smart,Multivitamin,O012,Balikpapan Health Mart,Kalimantan,Balikpapan,120,102,102,0,10.2
2024-02-12,P005,Marina Skin Care,Skin Care,O012,Balikpapan Health Mart,Kalimantan,Balikpapan,109,98,98,0,6.6
2024-02-12,P001,Tempra,Fever & Pain,O013,Makassar Prime Pharmacy,Sulawesi,Makassar,162,119,119,0,8.2
2024-02-12,P002,Bodrex Flu & Batuk,Cough & Cold,O013,Makassar Prime Pharmacy,Sulawesi,Makassar,122,84,84,0,9.2
2024-02-12,P003,Hemaviton C1000,Vitamin,O013,Makassar Prime Pharmacy,Sulawesi,Makassar,97,85,85,0,9.8
2024-02-12,P004,Vidoran Smart,Multivitamin,O013,Makassar Prime Pharmacy,Sulawesi,Makassar,125,107,107,0,11.3
2024-02-12,P005,Marina Skin Care,Skin Care,O013,Makassar Prime Pharmacy,Sulawesi,Makassar,157,116,116,0,14.0
2024-02-12,P001,Tempra,Fever & Pain,O014,Makassar Health Mart,Sulawesi,Makassar,103,81,81,0,7.1
2024-02-12,P002,Bodrex Flu & Batuk,Cough & Cold,O014,Makassar Health Mart,Sulawesi,Makassar,155,132,132,0,11.9
2024-02-12,P003,Hemaviton C1000,Vitamin,O014,Makassar Health Mart,Sulawesi,Makassar,133,90,90,0,9.2
2024-02-12,P004,Vidoran Smart,Multivitamin,O014,Makassar Health Mart,Sulawesi,Makassar,116,87,87,0,7.4
2024-02-12,P005,Marina Skin Care,Skin Care,O014,Makassar Health Mart,Sulawesi,Makassar,126,98,98,0,8.1
2024-02-13,P001,Tempra,Fever & Pain,O001,Bandung Prime Pharmacy,Jawa Barat,Bandung,144,114,114,0,8.2
2024-02-13,P002,Bodrex Flu & Batuk,Cough & Cold,O001,Bandung Prime Pharmacy,Jawa Barat,Bandung,123,110,110,0,9.7
2024-02-13,P003,Hemaviton C1000,Vitamin,O001,Bandung Prime Pharmacy,Jawa Barat,Bandung,126,105,105,0,12.0
2024-02-13,P004,Vidoran Smart,Multivitamin,O001,Bandung Prime Pharmacy,Jawa Barat,Bandung,154,114,114,0,11.4
2024-02-13,P005,Marina Skin Care,Skin Care,O001,Bandung Prime Pharmacy,Jawa Barat,Bandung,134,107,107,0,12.6
2024-02-13,P001,Tempra,Fever & Pain,O002,Bandung Health Mart,Jawa Barat,Bandung,132,96,96,0,8.6
2024-02-13,P002,Bodrex Flu & Batuk,Cough & Cold,O002,Bandung Health Mart,Jawa Barat,Bandung,126,94,94,0,11.3
2024-02-13,P003,Hemaviton C1000,Vitamin,O002,Bandung Health Mart,Jawa Barat,Bandung,121,95,95,0,11.2
2024-02-13,P004,Vidoran Smart,Multivitamin,O002,Bandung Health Mart,Jawa Barat,Bandung,138,105,105,0,11.9
2024-02-13,P005,Marina Skin Care,Skin Care,O002,Bandung Health Mart,Jawa Barat,Bandung,114,91,91,0,9.2
2024-02-13,P001,Tempra,Fever & Pain,O003,Bekasi Prime Pharmacy,Jawa Barat,Bekasi,183,141,141,0,11.8
2024-02-13,P002,Bodrex Flu & Batuk,Cough & Cold,O003,Bekasi Prime Pharmacy,Jawa Barat,Bekasi,102,79,79,0,5.5
2024-02-13,P003,Hemaviton C1000,Vitamin,O003,Bekasi Prime Pharmacy,Jawa Barat,Bekasi,144,103,103,0,10.0
2024-02-13,P004,Vidoran Smart,Multivitamin,O003,Bekasi Prime Pharmacy,Jawa Barat,Bekasi,129,109,109,0,10.0
2024-02-13,P005,Marina Skin Care,Skin Care,O003,Bekasi Prime Pharmacy,Jawa Barat,Bekasi,127,115,115,0,11.3
2024-02-13,P001,Tempra,Fever & Pain,O004,Bekasi Health Mart,Jawa Barat,Bekasi,128,106,106,0,9.3
2024-02-13,P002,Bodrex Flu & Batuk,Cough & Cold,O004,Bekasi Health Mart,Jawa Barat,Bekasi,141,114,114,0,8.5
2024-02-13,P003,Hemaviton C1000,Vitamin,O004,Bekasi Health Mart,Jawa Barat,Bekasi,113,92,92,0,6.6
2024-02-13,P004,Vidoran Smart,Multivitamin,O004,Bekasi Health Mart,Jawa Barat,Bekasi,141,123,123,0,9.2
2024-02-13,P005,Marina Skin Care,Skin Care,O004,Bekasi Health Mart,Jawa Barat,Bekasi,151,110,110,0,12.0
2024-02-13,P001,Tempra,Fever & Pain,O005,Surabaya Prime Pharmacy,Jawa Timur,Surabaya,113,91,91,0,6.9
2024-02-13,P002,Bodrex Flu & Batuk,Cough & Cold,O005,Surabaya Prime Pharmacy,Jawa Timur,Surabaya,99,88,88,0,7.7
2024-02-13,P003,Hemaviton C1000,Vitamin,O005,Surabaya Prime Pharmacy,Jawa Timur,Surabaya,120,108,108,0,11.2
2024-02-13,P004,Vidoran Smart,Multivitamin,O005,Surabaya Prime Pharmacy,Jawa Timur,Surabaya,131,95,95,0,6.4
2024-02-13,P005,Marina Skin Care,Skin Care,O005,Surabaya Prime Pharmacy,Jawa Timur,Surabaya,62,39,39,0,4.3
2024-02-13,P001,Tempra,Fever & Pain,O006,Surabaya Health Mart,Jawa Timur,Surabaya,108,66,66,0,8.1
2024-02-13,P002,Bodrex Flu & Batuk,Cough & Cold,O006,Surabaya Health Mart,Jawa Timur,Surabaya,129,89,89,0,8.5
2024-02-13,P003,Hemaviton C1000,Vitamin,O006,Surabaya Health Mart,Jawa Timur,Surabaya,118,105,105,0,7.8
2024-02-13,P004,Vidoran Smart,Multivitamin,O006,Surabaya Health Mart,Jawa Timur,Surabaya,143,99,99,0,9.2
2024-02-13,P005,Marina Skin Care,Skin Care,O006,Surabaya Health Mart,Jawa Timur,Surabaya,89,70,70,0,5.6
2024-02-13,P001,Tempra,Fever & Pain,O007,Semarang Prime Pharmacy,Jawa Tengah,Semarang,166,122,122,0,12.4
2024-02-13,P002,Bodrex Flu & Batuk,Cough & Cold,O007,Semarang Prime Pharmacy,Jawa Tengah,Semarang,156,120,120,0,9.6
2024-02-13,P003,Hemaviton C1000,Vitamin,O007,Semarang Prime Pharmacy,Jawa Tengah,Semarang,123,91,91,0,7.1
2024-02-13,P004,Vidoran Smart,Multivitamin,O007,Semarang Prime Pharmacy,Jawa Tengah,Semarang,154,115,115,0,10.2
2024-02-13,P005,Marina Skin Care,Skin Care,O007,Semarang Prime Pharmacy,Jawa Tengah,Semarang,70,59,59,0,4.1
2024-02-13,P001,Tempra,Fever & Pain,O008,Semarang Health Mart,Jawa Tengah,Semarang,132,92,92,0,10.6
2024-02-13,P002,Bodrex Flu & Batuk,Cough & Cold,O008,Semarang Health Mart,Jawa Tengah,Semarang,140,126,126,0,8.8
2024-02-13,P003,Hemaviton C1000,Vitamin,O008,Semarang Health Mart,Jawa Tengah,Semarang,131,111,111,0,10.8
2024-02-13,P004,Vidoran Smart,Multivitamin,O008,Semarang Health Mart,Jawa Tengah,Semarang,121,100,100,0,6.9
2024-02-13,P005,Marina Skin Care,Skin Care,O008,Semarang Health Mart,Jawa Tengah,Semarang,86,58,58,0,4.8
2024-02-13,P001,Tempra,Fever & Pain,O009,Medan Prime Pharmacy,Sumatera,Medan,112,75,75,0,5.4
2024-02-13,P002,Bodrex Flu & Batuk,Cough & Cold,O009,Medan Prime Pharmacy,Sumatera,Medan,144,111,111,0,7.5
2024-02-13,P003,Hemaviton C1000,Vitamin,O009,Medan Prime Pharmacy,Sumatera,Medan,168,141,141,0,16.4
2024-02-13,P004,Vidoran Smart,Multivitamin,O009,Medan Prime Pharmacy,Sumatera,Medan,116,90,90,0,7.9
2024-02-13,P005,Marina Skin Care,Skin Care,O009,Medan Prime Pharmacy,Sumatera,Medan,128,104,104,0,8.8
2024-02-13,P001,Tempra,Fever & Pain,O010,Medan Health Mart,Sumatera,Medan,117,102,102,0,10.4
2024-02-13,P002,Bodrex Flu & Batuk,Cough & Cold,O010,Medan Health Mart,Sumatera,Medan,144,107,107,0,9.4
2024-02-13,P003,Hemaviton C1000,Vitamin,O010,Medan Health Mart,Sumatera,Medan,147,105,105,0,10.0
2024-02-13,P004,Vidoran Smart,Multivitamin,O010,Medan Health Mart,Sumatera,Medan,133,116,116,0,7.9
2024-02-13,P005,Marina Skin Care,Skin Care,O010,Medan Health Mart,Sumatera,Medan,141,110,110,0,9.6
2024-02-13,P001,Tempra,Fever & Pain,O011,Balikpapan Prime Pharmacy,Kalimantan,Balikpapan,91,62,62,0,4.3
2024-02-13,P002,Bodrex Flu & Batuk,Cough & Cold,O011,Balikpapan Prime Pharmacy,Kalimantan,Balikpapan,105,76,76,0,5.3
2024-02-13,P003,Hemaviton C1000,Vitamin,O011,Balikpapan Prime Pharmacy,Kalimantan,Balikpapan,139,100,100,0,9.1
2024-02-13,P004,Vidoran Smart,Multivitamin,O011,Balikpapan Prime Pharmacy,Kalimantan,Balikpapan,147,112,112,0,8.7
2024-02-13,P005,Marina Skin Care,Skin Care,O011,Balikpapan Prime Pharmacy,Kalimantan,Balikpapan,103,89,89,0,7.7
2024-02-13,P001,Tempra,Fever & Pain,O012,Balikpapan Health Mart,Kalimantan,Balikpapan,147,132,132,0,13.0
2024-02-13,P002,Bodrex Flu & Batuk,Cough & Cold,O012,Balikpapan Health Mart,Kalimantan,Balikpapan,86,54,54,0,4.8
2024-02-13,P003,Hemaviton C1000,Vitamin,O012,Balikpapan Health Mart,Kalimantan,Balikpapan,89,60,60,0,4.2
2024-02-13,P004,Vidoran Smart,Multivitamin,O012,Balikpapan Health Mart,Kalimantan,Balikpapan,86,60,60,0,4.8
2024-02-13,P005,Marina Skin Care,Skin Care,O012,Balikpapan Health Mart,Kalimantan,Balikpapan,140,118,118,0,12.5
2024-02-13,P001,Tempra,Fever & Pain,O013,Makassar Prime Pharmacy,Sulawesi,Makassar,89,74,74,0,5.4
2024-02-13,P002,Bodrex Flu & Batuk,Cough & Cold,O013,Makassar Prime Pharmacy,Sulawesi,Makassar,85,74,74,0,6.3
2024-02-13,P003,Hemaviton C1000,Vitamin,O013,Makassar Prime Pharmacy,Sulawesi,Makassar,114,84,84,0,8.7
2024-02-13,P004,Vidoran Smart,Multivitamin,O013,Makassar Prime Pharmacy,Sulawesi,Makassar,110,75,75,0,8.2
2024-02-13,P005,Marina Skin Care,Skin Care,O013,Makassar Prime Pharmacy,Sulawesi,Makassar,112,90,90,0,7.3
2024-02-13,P001,Tempra,Fever & Pain,O014,Makassar Health Mart,Sulawesi,Makassar,131,91,91,0,9.5
2024-02-13,P002,Bodrex Flu & Batuk,Cough & Cold,O014,Makassar Health Mart,Sulawesi,Makassar,83,63,63,0,6.5
2024-02-13,P003,Hemaviton C1000,Vitamin,O014,Makassar Health Mart,Sulawesi,Makassar,119,90,90,0,8.9
2024-02-13,P004,Vidoran Smart,Multivitamin,O014,Makassar Health Mart,Sulawesi,Makassar,126,88,88,0,7.9
2024-02-13,P005,Marina Skin Care,Skin Care,O014,Makassar Health Mart,Sulawesi,Makassar,108,81,81,0,9.3
2024-02-14,P001,Tempra,Fever & Pain,O001,Bandung Prime Pharmacy,Jawa Barat,Bandung,74,55,55,0,5.0
2024-02-14,P002,Bodrex Flu & Batuk,Cough & Cold,O001,Bandung Prime Pharmacy,Jawa Barat,Bandung,181,144,144,0,13.0
2024-02-14,P003,Hemaviton C1000,Vitamin,O001,Bandung Prime Pharmacy,Jawa Barat,Bandung,113,78,78,0,5.4
2024-02-14,P004,Vidoran Smart,Multivitamin,O001,Bandung Prime Pharmacy,Jawa Barat,Bandung,112,79,79,0,5.5
2024-02-14,P005,Marina Skin Care,Skin Care,O001,Bandung Prime Pharmacy,Jawa Barat,Bandung,198,161,161,0,14.7
2024-02-14,P001,Tempra,Fever & Pain,O002,Bandung Health Mart,Jawa Barat,Bandung,88,52,52,0,3.6
2024-02-14,P002,Bodrex Flu & Batuk,Cough & Cold,O002,Bandung Health Mart,Jawa Barat,Bandung,103,71,71,0,8.5
2024-02-14,P003,Hemaviton C1000,Vitamin,O002,Bandung Health Mart,Jawa Barat,Bandung,129,117,117,0,9.0
2024-02-14,P004,Vidoran Smart,Multivitamin,O002,Bandung Health Mart,Jawa Barat,Bandung,123,95,95,0,9.6
2024-02-14,P005,Marina Skin Care,Skin Care,O002,Bandung Health Mart,Jawa Barat,Bandung,113,98,98,0,9.6
2024-02-14,P001,Tempra,Fever & Pain,O003,Bekasi Prime Pharmacy,Jawa Barat,Bekasi,73,59,59,0,5.3
2024-02-14,P002,Bodrex Flu & Batuk,Cough & Cold,O003,Bekasi Prime Pharmacy,Jawa Barat,Bekasi,106,94,94,0,11.1
2024-02-14,P003,Hemaviton C1000,Vitamin,O003,Bekasi Prime Pharmacy,Jawa Barat,Bekasi,96,83,83,0,8.1
2024-02-14,P004,Vidoran Smart,Multivitamin,O003,Bekasi Prime Pharmacy,Jawa Barat,Bekasi,81,40,40,0,3.8
2024-02-14,P005,Marina Skin Care,Skin Care,O003,Bekasi Prime Pharmacy,Jawa Barat,Bekasi,142,106,106,0,10.3
2024-02-14,P001,Tempra,Fever & Pain,O004,Bekasi Health Mart,Jawa Barat,Bekasi,122,84,84,0,6.3
2024-02-14,P002,Bodrex Flu & Batuk,Cough & Cold,O004,Bekasi Health Mart,Jawa Barat,Bekasi,141,125,125,0,13.6
2024-02-14,P003,Hemaviton C1000,Vitamin,O004,Bekasi Health Mart,Jawa Barat,Bekasi,157,121,121,0,10.0
2024-02-14,P004,Vidoran Smart,Multivitamin,O004,Bekasi Health Mart,Jawa Barat,Bekasi,94,77,77,0,9.5
2024-02-14,P005,Marina Skin Care,Skin Care,O004,Bekasi Health Mart,Jawa Barat,Bekasi,112,72,72,0,7.6
2024-02-14,P001,Tempra,Fever & Pain,O005,Surabaya Prime Pharmacy,Jawa Timur,Surabaya,136,96,96,0,6.7
2024-02-14,P002,Bodrex Flu & Batuk,Cough & Cold,O005,Surabaya Prime Pharmacy,Jawa Timur,Surabaya,144,124,124,0,13.1
2024-02-14,P003,Hemaviton C1000,Vitamin,O005,Surabaya Prime Pharmacy,Jawa Timur,Surabaya,107,95,95,0,6.8
2024-02-14,P004,Vidoran Smart,Multivitamin,O005,Surabaya Prime Pharmacy,Jawa Timur,Surabaya,153,123,123,0,14.0
2024-02-14,P005,Marina Skin Care,Skin Care,O005,Surabaya Prime Pharmacy,Jawa Timur,Surabaya,137,127,127,0,9.8
2024-02-14,P001,Tempra,Fever & Pain,O006,Surabaya Health Mart,Jawa Timur,Surabaya,109,93,93,0,9.6
2024-02-14,P002,Bodrex Flu & Batuk,Cough & Cold,O006,Surabaya Health Mart,Jawa Timur,Surabaya,130,98,98,0,8.4
2024-02-14,P003,Hemaviton C1000,Vitamin,O006,Surabaya Health Mart,Jawa Timur,Surabaya,147,112,112,0,12.1
2024-02-14,P004,Vidoran Smart,Multivitamin,O006,Surabaya Health Mart,Jawa Timur,Surabaya,118,87,87,0,6.9
2024-02-14,P005,Marina Skin Care,Skin Care,O006,Surabaya Health Mart,Jawa Timur,Surabaya,172,128,128,0,8.9
2024-02-14,P001,Tempra,Fever & Pain,O007,Semarang Prime Pharmacy,Jawa Tengah,Semarang,103,76,76,0,5.8
2024-02-14,P002,Bodrex Flu & Batuk,Cough & Cold,O007,Semarang Prime Pharmacy,Jawa Tengah,Semarang,97,61,61,0,6.3
2024-02-14,P003,Hemaviton C1000,Vitamin,O007,Semarang Prime Pharmacy,Jawa Tengah,Semarang,112,94,94,0,7.3
2024-02-14,P004,Vidoran Smart,Multivitamin,O007,Semarang Prime Pharmacy,Jawa Tengah,Semarang,125,80,80,0,8.0
2024-02-14,P005,Marina Skin Care,Skin Care,O007,Semarang Prime Pharmacy,Jawa Tengah,Semarang,160,122,122,0,9.3
2024-02-14,P001,Tempra,Fever & Pain,O008,Semarang Health Mart,Jawa Tengah,Semarang,141,125,125,0,13.4
2024-02-14,P002,Bodrex Flu & Batuk,Cough & Cold,O008,Semarang Health Mart,Jawa Tengah,Semarang,139,119,119,0,12.3
2024-02-14,P003,Hemaviton C1000,Vitamin,O008,Semarang Health Mart,Jawa Tengah,Semarang,142,103,103,0,9.8
2024-02-14,P004,Vidoran Smart,Multivitamin,O008,Semarang Health Mart,Jawa Tengah,Semarang,122,90,90,0,6.7
2024-02-14,P005,Marina Skin Care,Skin Care,O008,Semarang Health Mart,Jawa Tengah,Semarang,109,64,64,0,6.6
2024-02-14,P001,Tempra,Fever & Pain,O009,Medan Prime Pharmacy,Sumatera,Medan,116,78,78,0,8.8
2024-02-14,P002,Bodrex Flu & Batuk,Cough & Cold,O009,Medan Prime Pharmacy,Sumatera,Medan,72,61,61,0,5.0
2024-02-14,P003,Hemaviton C1000,Vitamin,O009,Medan Prime Pharmacy,Sumatera,Medan,145,103,103,0,10.6
2024-02-14,P004,Vidoran Smart,Multivitamin,O009,Medan Prime Pharmacy,Sumatera,Medan,124,111,111,0,12.3
2024-02-14,P005,Marina Skin Care,Skin Care,O009,Medan Prime Pharmacy,Sumatera,Medan,88,56,56,0,6.2
2024-02-14,P001,Tempra,Fever & Pain,O010,Medan Health Mart,Sumatera,Medan,86,73,73,0,8.7
2024-02-14,P002,Bodrex Flu & Batuk,Cough & Cold,O010,Medan Health Mart,Sumatera,Medan,133,99,99,0,7.1
2024-02-14,P003,Hemaviton C1000,Vitamin,O010,Medan Health Mart,Sumatera,Medan,109,94,94,0,7.1
2024-02-14,P004,Vidoran Smart,Multivitamin,O010,Medan Health Mart,Sumatera,Medan,140,122,122,0,11.8
2024-02-14,P005,Marina Skin Care,Skin Care,O010,Medan Health Mart,Sumatera,Medan,125,91,91,0,6.8
2024-02-14,P001,Tempra,Fever & Pain,O011,Balikpapan Prime Pharmacy,Kalimantan,Balikpapan,123,89,89,0,9.3
2024-02-14,P002,Bodrex Flu & Batuk,Cough & Cold,O011,Balikpapan Prime Pharmacy,Kalimantan,Balikpapan,99,76,76,0,6.9
2024-02-14,P003,Hemaviton C1000,Vitamin,O011,Balikpapan Prime Pharmacy,Kalimantan,Balikpapan,122,91,91,0,6.2
2024-02-14,P004,Vidoran Smart,Multivitamin,O011,Balikpapan Prime Pharmacy,Kalimantan,Balikpapan,141,117,117,0,10.3
2024-02-14,P005,Marina Skin Care,Skin Care,O011,Balikpapan Prime Pharmacy,Kalimantan,Balikpapan,147,116,116,0,12.0
2024-02-14,P001,Tempra,Fever & Pain,O012,Balikpapan Health Mart,Kalimantan,Balikpapan,127,101,101,0,10.6
2024-02-14,P002,Bodrex Flu & Batuk,Cough & Cold,O012,Balikpapan Health Mart,Kalimantan,Balikpapan,60,36,36,0,3.3
2024-02-14,P003,Hemaviton C1000,Vitamin,O012,Balikpapan Health Mart,Kalimantan,Balikpapan,107,94,94,0,7.2
2024-02-14,P004,Vidoran Smart,Multivitamin,O012,Balikpapan Health Mart,Kalimantan,Balikpapan,86,49,49,0,3.4
2024-02-14,P005,Marina Skin Care,Skin Care,O012,Balikpapan Health Mart,Kalimantan,Balikpapan,134,108,108,0,10.2
2024-02-14,P001,Tempra,Fever & Pain,O013,Makassar Prime Pharmacy,Sulawesi,Makassar,102,86,86,0,10.6
2024-02-14,P002,Bodrex Flu & Batuk,Cough & Cold,O013,Makassar Prime Pharmacy,Sulawesi,Makassar,142,109,109,0,11.6
2024-02-14,P003,Hemaviton C1000,Vitamin,O013,Makassar Prime Pharmacy,Sulawesi,Makassar,111,83,83,0,9.8
2024-02-14,P004,Vidoran Smart,Multivitamin,O013,Makassar Prime Pharmacy,Sulawesi,Makassar,65,51,51,0,3.5
2024-02-14,P005,Marina Skin Care,Skin Care,O013,Makassar Prime Pharmacy,Sulawesi,Makassar,98,58,58,0,6.1
2024-02-14,P001,Tempra,Fever & Pain,O014,Makassar Health Mart,Sulawesi,Makassar,138,100,100,0,8.9
2024-02-14,P002,Bodrex Flu & Batuk,Cough & Cold,O014,Makassar Health Mart,Sulawesi,Makassar,172,147,147,0,10.7
2024-02-14,P003,Hemaviton C1000,Vitamin,O014,Makassar Health Mart,Sulawesi,Makassar,108,96,96,0,9.4
2024-02-14,P004,Vidoran Smart,Multivitamin,O014,Makassar Health Mart,Sulawesi,Makassar,142,105,105,0,8.5
2024-02-14,P005,Marina Skin Care,Skin Care,O014,Makassar Health Mart,Sulawesi,Makassar,61,42,42,0,4.0
2024-02-15,P001,Tempra,Fever & Pain,O001,Bandung Prime Pharmacy,Jawa Barat,Bandung,134,104,104,0,10.6
2024-02-15,P002,Bodrex Flu & Batuk,Cough & Cold,O001,Bandung Prime Pharmacy,Jawa Barat,Bandung,114,84,84,0,6.1
2024-02-15,P003,Hemaviton C1000,Vitamin,O001,Bandung Prime Pharmacy,Jawa Barat,Bandung,112,79,79,0,8.5
2024-02-15,P004,Vidoran Smart,Multivitamin,O001,Bandung Prime Pharmacy,Jawa Barat,Bandung,121,103,103,0,12.7
2024-02-15,P005,Marina Skin Care,Skin Care,O001,Bandung Prime Pharmacy,Jawa Barat,Bandung,126,97,97,0,7.9
2024-02-15,P001,Tempra,Fever & Pain,O002,Bandung Health Mart,Jawa Barat,Bandung,140,103,103,0,7.0
2024-02-15,P002,Bodrex Flu & Batuk,Cough & Cold,O002,Bandung Health Mart,Jawa Barat,Bandung,147,105,105,0,7.5
2024-02-15,P003,Hemaviton C1000,Vitamin,O002,Bandung Health Mart,Jawa Barat,Bandung,99,76,76,0,6.1
2024-02-15,P004,Vidoran Smart,Multivitamin,O002,Bandung Health Mart,Jawa Barat,Bandung,117,88,88,0,6.6
2024-02-15,P005,Marina Skin Care,Skin Care,O002,Bandung Health Mart,Jawa Barat,Bandung,156,122,122,0,11.2
2024-02-15,P001,Tempra,Fever & Pain,O003,Bekasi Prime Pharmacy,Jawa Barat,Bekasi,126,92,92,0,8.4
2024-02-15,P002,Bodrex Flu & Batuk,Cough & Cold,O003,Bekasi Prime Pharmacy,Jawa Barat,Bekasi,88,78,78,0,5.3
2024-02-15,P003,Hemaviton C1000,Vitamin,O003,Bekasi Prime Pharmacy,Jawa Barat,Bekasi,134,105,105,0,7.4
2024-02-15,P004,Vidoran Smart,Multivitamin,O003,Bekasi Prime Pharmacy,Jawa Barat,Bekasi,131,92,92,0,6.5
2024-02-15,P005,Marina Skin Care,Skin Care,O003,Bekasi Prime Pharmacy,Jawa Barat,Bekasi,128,95,95,0,11.2
2024-02-15,P001,Tempra,Fever & Pain,O004,Bekasi Health Mart,Jawa Barat,Bekasi,116,82,82,0,7.9
2024-02-15,P002,Bodrex Flu & Batuk,Cough & Cold,O004,Bekasi Health Mart,Jawa Barat,Bekasi,107,91,91,0,10.6
2024-02-15,P003,Hemaviton C1000,Vitamin,O004,Bekasi Health Mart,Jawa Barat,Bekasi,95,58,58,0,4.4
2024-02-15,P004,Vidoran Smart,Multivitamin,O004,Bekasi Health Mart,Jawa Barat,Bekasi,91,55,55,0,4.8
2024-02-15,P005,Marina Skin Care,Skin Care,O004,Bekasi Health Mart,Jawa Barat,Bekasi,134,93,93,0,6.6
2024-02-15,P001,Tempra,Fever & Pain,O005,Surabaya Prime Pharmacy,Jawa Timur,Surabaya,129,101,101,0,12.3
2024-02-15,P002,Bodrex Flu & Batuk,Cough & Cold,O005,Surabaya Prime Pharmacy,Jawa Timur,Surabaya,107,74,74,0,7.8
2024-02-15,P003,Hemaviton C1000,Vitamin,O005,Surabaya Prime Pharmacy,Jawa Timur,Surabaya,95,85,85,0,10.3
2024-02-15,P004,Vidoran Smart,Multivitamin,O005,Surabaya Prime Pharmacy,Jawa Timur,Surabaya,151,110,110,0,8.7
2024-02-15,P005,Marina Skin Care,Skin Care,O005,Surabaya Prime Pharmacy,Jawa Timur,Surabaya,130,107,107,0,10.1
2024-02-15,P001,Tempra,Fever & Pain,O006,Surabaya Health Mart,Jawa Timur,Surabaya,146,107,107,0,7.4
2024-02-15,P002,Bodrex Flu & Batuk,Cough & Cold,O006,Surabaya Health Mart,Jawa Timur,Surabaya,136,105,105,0,9.5
2024-02-15,P003,Hemaviton C1000,Vitamin,O006,Surabaya Health Mart,Jawa Timur,Surabaya,63,18,18,0,1.6
2024-02-15,P004,Vidoran Smart,Multivitamin,O006,Surabaya Health Mart,Jawa Timur,Surabaya,73,41,41,0,5.0
2024-02-15,P005,Marina Skin Care,Skin Care,O006,Surabaya Health Mart,Jawa Timur,Surabaya,152,116,116,0,11.6
2024-02-15,P001,Tempra,Fever & Pain,O007,Semarang Prime Pharmacy,Jawa Tengah,Semarang,81,71,71,0,5.5
2024-02-15,P002,Bodrex Flu & Batuk,Cough & Cold,O007,Semarang Prime Pharmacy,Jawa Tengah,Semarang,105,92,92,0,6.6
2024-02-15,P003,Hemaviton C1000,Vitamin,O007,Semarang Prime Pharmacy,Jawa Tengah,Semarang,106,75,75,0,5.5
2024-02-15,P004,Vidoran Smart,Multivitamin,O007,Semarang Prime Pharmacy,Jawa Tengah,Semarang,122,99,99,0,11.4
2024-02-15,P005,Marina Skin Care,Skin Care,O007,Semarang Prime Pharmacy,Jawa Tengah,Semarang,98,59,59,0,3.9
2024-02-15,P001,Tempra,Fever & Pain,O008,Semarang Health Mart,Jawa Tengah,Semarang,147,128,128,0,11.7
2024-02-15,P002,Bodrex Flu & Batuk,Cough & Cold,O008,Semarang Health Mart,Jawa Tengah,Semarang,137,127,127,0,10.0
2024-02-15,P003,Hemaviton C1000,Vitamin,O008,Semarang Health Mart,Jawa Tengah,Semarang,119,109,109,0,7.6
2024-02-15,P004,Vidoran Smart,Multivitamin,O008,Semarang Health Mart,Jawa Tengah,Semarang,121,105,105,0,7.2
2024-02-15,P005,Marina Skin Care,Skin Care,O008,Semarang Health Mart,Jawa Tengah,Semarang,109,66,66,0,6.0
2024-02-15,P001,Tempra,Fever & Pain,O009,Medan Prime Pharmacy,Sumatera,Medan,156,119,119,0,11.5
2024-02-15,P002,Bodrex Flu & Batuk,Cough & Cold,O009,Medan Prime Pharmacy,Sumatera,Medan,134,93,93,0,7.3
2024-02-15,P003,Hemaviton C1000,Vitamin,O009,Medan Prime Pharmacy,Sumatera,Medan,75,58,58,0,5.4
2024-02-15,P004,Vidoran Smart,Multivitamin,O009,Medan Prime Pharmacy,Sumatera,Medan,145,114,114,0,14.0
2024-02-15,P005,Marina Skin Care,Skin Care,O009,Medan Prime Pharmacy,Sumatera,Medan,107,88,88,0,10.0
2024-02-15,P001,Tempra,Fever & Pain,O010,Medan Health Mart,Sumatera,Medan,139,112,112,0,8.1
2024-02-15,P002,Bodrex Flu & Batuk,Cough & Cold,O010,Medan Health Mart,Sumatera,Medan,95,71,71,0,6.0
2024-02-15,P003,Hemaviton C1000,Vitamin,O010,Medan Health Mart,Sumatera,Medan,111,85,85,0,6.1
2024-02-15,P004,Vidoran Smart,Multivitamin,O010,Medan Health Mart,Sumatera,Medan,170,134,134,0,9.8
2024-02-15,P005,Marina Skin Care,Skin Care,O010,Medan Health Mart,Sumatera,Medan,127,82,82,0,8.4
2024-02-15,P001,Tempra,Fever & Pain,O011,Balikpapan Prime Pharmacy,Kalimantan,Balikpapan,95,74,74,0,6.5
2024-02-15,P002,Bodrex Flu & Batuk,Cough & Cold,O011,Balikpapan Prime Pharmacy,Kalimantan,Balikpapan,162,129,129,0,14.9
2024-02-15,P003,Hemaviton C1000,Vitamin,O011,Balikpapan Prime Pharmacy,Kalimantan,Balikpapan,121,89,89,0,7.9
2024-02-15,P004,Vidoran Smart,Multivitamin,O011,Balikpapan Prime Pharmacy,Kalimantan,Balikpapan,83,62,62,0,4.6
2024-02-15,P005,Marina Skin Care,Skin Care,O011,Balikpapan Prime Pharmacy,Kalimantan,Balikpapan,108,71,71,0,6.0
2024-02-15,P001,Tempra,Fever & Pain,O012,Balikpapan Health Mart,Kalimantan,Balikpapan,130,112,112,0,11.4
2024-02-15,P002,Bodrex Flu & Batuk,Cough & Cold,O012,Balikpapan Health Mart,Kalimantan,Balikpapan,114,78,78,0,5.6
2024-02-15,P003,Hemaviton C1000,Vitamin,O012,Balikpapan Health Mart,Kalimantan,Balikpapan,145,101,101,0,9.1
2024-02-15,P004,Vidoran Smart,Multivitamin,O012,Balikpapan Health Mart,Kalimantan,Balikpapan,108,91,91,0,8.7
2024-02-15,P005,Marina Skin Care,Skin Care,O012,Balikpapan Health Mart,Kalimantan,Balikpapan,132,111,111,0,7.9
2024-02-15,P001,Tempra,Fever & Pain,O013,Makassar Prime Pharmacy,Sulawesi,Makassar,116,91,91,0,6.7
2024-02-15,P002,Bodrex Flu & Batuk,Cough & Cold,O013,Makassar Prime Pharmacy,Sulawesi,Makassar,100,80,80,0,5.7
2024-02-15,P003,Hemaviton C1000,Vitamin,O013,Makassar Prime Pharmacy,Sulawesi,Makassar,132,105,105,0,8.9
2024-02-15,P004,Vidoran Smart,Multivitamin,O013,Makassar Prime Pharmacy,Sulawesi,Makassar,115,102,102,0,8.1
2024-02-15,P005,Marina Skin Care,Skin Care,O013,Makassar Prime Pharmacy,Sulawesi,Makassar,53,23,23,0,1.6
2024-02-15,P001,Tempra,Fever & Pain,O014,Makassar Health Mart,Sulawesi,Makassar,141,102,102,0,11.5
2024-02-15,P002,Bodrex Flu & Batuk,Cough & Cold,O014,Makassar Health Mart,Sulawesi,Makassar,114,94,94,0,7.5
2024-02-15,P003,Hemaviton C1000,Vitamin,O014,Makassar Health Mart,Sulawesi,Makassar,135,94,94,0,8.2
2024-02-15,P004,Vidoran Smart,Multivitamin,O014,Makassar Health Mart,Sulawesi,Makassar,132,90,90,0,7.9
2024-02-15,P005,Marina Skin Care,Skin Care,O014,Makassar Health Mart,Sulawesi,Makassar,82,49,49,0,4.6
2024-02-16,P001,Tempra,Fever & Pain,O001,Bandung Prime Pharmacy,Jawa Barat,Bandung,122,80,80,0,9.1
2024-02-16,P002,Bodrex Flu & Batuk,Cough & Cold,O001,Bandung Prime Pharmacy,Jawa Barat,Bandung,129,102,102,0,7.4
2024-02-16,P003,Hemaviton C1000,Vitamin,O001,Bandung Prime Pharmacy,Jawa Barat,Bandung,125,80,80,0,8.8
2024-02-16,P004,Vidoran Smart,Multivitamin,O001,Bandung Prime Pharmacy,Jawa Barat,Bandung,126,101,101,0,8.3
2024-02-16,P005,Marina Skin Care,Skin Care,O001,Bandung Prime Pharmacy,Jawa Barat,Bandung,113,71,71,0,7.5
2024-02-16,P001,Tempra,Fever & Pain,O002,Bandung Health Mart,Jawa Barat,Bandung,135,103,103,0,11.1
2024-02-16,P002,Bodrex Flu & Batuk,Cough & Cold,O002,Bandung Health Mart,Jawa Barat,Bandung,103,69,69,0,4.7
2024-02-16,P003,Hemaviton C1000,Vitamin,O002,Bandung Health Mart,Jawa Barat,Bandung,99,80,80,0,5.3
2024-02-16,P004,Vidoran Smart,Multivitamin,O002,Bandung Health Mart,Jawa Barat,Bandung,126,86,86,0,10.1
2024-02-16,P005,Marina Skin Care,Skin Care,O002,Bandung Health Mart,Jawa Barat,Bandung,120,79,79,0,7.9
2024-02-16,P001,Tempra,Fever & Pain,O003,Bekasi Prime Pharmacy,Jawa Barat,Bekasi,71,54,54,0,4.4
2024-02-16,P002,Bodrex Flu & Batuk,Cough & Cold,O003,Bekasi Prime Pharmacy,Jawa Barat,Bekasi,117,85,85,0,7.5
2024-02-16,P003,Hemaviton C1000,Vitamin,O003,Bekasi Prime Pharmacy,Jawa Barat,Bekasi,112,101,101,0,8.4
2024-02-16,P004,Vidoran Smart,Multivitamin,O003,Bekasi Prime Pharmacy,Jawa Barat,Bekasi,82,52,52,0,6.2
2024-02-16,P005,Marina Skin Care,Skin Care,O003,Bekasi Prime Pharmacy,Jawa Barat,Bekasi,148,113,113,0,13.0
2024-02-16,P001,Tempra,Fever & Pain,O004,Bekasi Health Mart,Jawa Barat,Bekasi,96,66,66,0,4.5
2024-02-16,P002,Bodrex Flu & Batuk,Cough & Cold,O004,Bekasi Health Mart,Jawa Barat,Bekasi,123,98,98,0,7.0
2024-02-16,P003,Hemaviton C1000,Vitamin,O004,Bekasi Health Mart,Jawa Barat,Bekasi,70,58,58,0,5.0
2024-02-16,P004,Vidoran Smart,Multivitamin,O004,Bekasi Health Mart,Jawa Barat,Bekasi,125,106,106,0,7.5
2024-02-16,P005,Marina Skin Care,Skin Care,O004,Bekasi Health Mart,Jawa Barat,Bekasi,119,86,86,0,6.8
2024-02-16,P001,Tempra,Fever & Pain,O005,Surabaya Prime Pharmacy,Jawa Timur,Surabaya,116,83,83,0,6.4
2024-02-16,P002,Bodrex Flu & Batuk,Cough & Cold,O005,Surabaya Prime Pharmacy,Jawa Timur,Surabaya,86,72,72,0,6.4
2024-02-16,P003,Hemaviton C1000,Vitamin,O005,Surabaya Prime Pharmacy,Jawa Timur,Surabaya,132,97,97,0,10.8
2024-02-16,P004,Vidoran Smart,Multivitamin,O005,Surabaya Prime Pharmacy,Jawa Timur,Surabaya,60,44,44,0,3.7
2024-02-16,P005,Marina Skin Care,Skin Care,O005,Surabaya Prime Pharmacy,Jawa Timur,Surabaya,151,126,126,0,10.7
2024-02-16,P001,Tempra,Fever & Pain,O006,Surabaya Health Mart,Jawa Timur,Surabaya,130,87,87,0,7.7
2024-02-16,P002,Bodrex Flu & Batuk,Cough & Cold,O006,Surabaya Health Mart,Jawa Timur,Surabaya,113,97,97,0,10.8
2024-02-16,P003,Hemaviton C1000,Vitamin,O006,Surabaya Health Mart,Jawa Timur,Surabaya,129,97,97,0,7.9
2024-02-16,P004,Vidoran Smart,Multivitamin,O006,Surabaya Health Mart,Jawa Timur,Surabaya,140,113,113,0,11.8
2024-02-16,P005,Marina Skin Care,Skin Care,O006,Surabaya Health Mart,Jawa Timur,Surabaya,102,85,85,0,10.4
2024-02-16,P001,Tempra,Fever & Pain,O007,Semarang Prime Pharmacy,Jawa Tengah,Semarang,155,119,119,0,8.9
2024-02-16,P002,Bodrex Flu & Batuk,Cough & Cold,O007,Semarang Prime Pharmacy,Jawa Tengah,Semarang,128,102,102,0,9.6
2024-02-16,P003,Hemaviton C1000,Vitamin,O007,Semarang Prime Pharmacy,Jawa Tengah,Semarang,118,73,73,0,6.8
2024-02-16,P004,Vidoran Smart,Multivitamin,O007,Semarang Prime Pharmacy,Jawa Tengah,Semarang,151,107,107,0,12.1
2024-02-16,P005,Marina Skin Care,Skin Care,O007,Semarang Prime Pharmacy,Jawa Tengah,Semarang,93,54,54,0,4.4
2024-02-16,P001,Tempra,Fever & Pain,O008,Semarang Health Mart,Jawa Tengah,Semarang,65,48,48,0,3.3
2024-02-16,P002,Bodrex Flu & Batuk,Cough & Cold,O008,Semarang Health Mart,Jawa Tengah,Semarang,119,74,74,0,7.0
2024-02-16,P003,Hemaviton C1000,Vitamin,O008,Semarang Health Mart,Jawa Tengah,Semarang,122,110,110,0,12.0
2024-02-16,P004,Vidoran Smart,Multivitamin,O008,Semarang Health Mart,Jawa Tengah,Semarang,112,77,77,0,8.9
2024-02-16,P005,Marina Skin Care,Skin Care,O008,Semarang Health Mart,Jawa Tengah,Semarang,85,71,71,0,5.6
2024-02-16,P001,Tempra,Fever & Pain,O009,Medan Prime Pharmacy,Sumatera,Medan,81,57,57,0,4.3
2024-02-16,P002,Bodrex Flu & Batuk,Cough & Cold,O009,Medan Prime Pharmacy,Sumatera,Medan,135,108,108,0,8.6
2024-02-16,P003,Hemaviton C1000,Vitamin,O009,Medan Prime Pharmacy,Sumatera,Medan,113,72,72,0,6.9
2024-02-16,P004,Vidoran Smart,Multivitamin,O009,Medan Prime Pharmacy,Sumatera,Medan,109,83,83,0,8.0
2024-02-16,P005,Marina Skin Care,Skin Care,O009,Medan Prime Pharmacy,Sumatera,Medan,151,117,117,0,12.0
2024-02-16,P001,Tempra,Fever & Pain,O010,Medan Health Mart,Sumatera,Medan,124,108,108,0,10.1
2024-02-16,P002,Bodrex Flu & Batuk,Cough & Cold,O010,Medan Health Mart,Sumatera,Medan,100,90,90,0,7.9
2024-02-16,P003,Hemaviton C1000,Vitamin,O010,Medan Health Mart,Sumatera,Medan,116,94,94,0,8.0
2024-02-16,P004,Vidoran Smart,Multivitamin,O010,Medan Health Mart,Sumatera,Medan,156,112,112,0,11.0
2024-02-16,P005,Marina Skin Care,Skin Care,O010,Medan Health Mart,Sumatera,Medan,110,79,79,0,9.8
2024-02-16,P001,Tempra,Fever & Pain,O011,Balikpapan Prime Pharmacy,Kalimantan,Balikpapan,144,110,110,0,11.4
2024-02-16,P002,Bodrex Flu & Batuk,Cough & Cold,O011,Balikpapan Prime Pharmacy,Kalimantan,Balikpapan,137,125,125,0,12.1
2024-02-16,P003,Hemaviton C1000,Vitamin,O011,Balikpapan Prime Pharmacy,Kalimantan,Balikpapan,124,85,85,0,6.0
2024-02-16,P004,Vidoran Smart,Multivitamin,O011,Balikpapan Prime Pharmacy,Kalimantan,Balikpapan,153,108,108,0,8.7
2024-02-16,P005,Marina Skin Care,Skin Care,O011,Balikpapan Prime Pharmacy,Kalimantan,Balikpapan,141,108,108,0,9.9
2024-02-16,P001,Tempra,Fever & Pain,O012,Balikpapan Health Mart,Kalimantan,Balikpapan,124,103,103,0,11.2
2024-02-16,P002,Bodrex Flu & Batuk,Cough & Cold,O012,Balikpapan Health Mart,Kalimantan,Balikpapan,106,79,79,0,5.6
2024-02-16,P003,Hemaviton C1000,Vitamin,O012,Balikpapan Health Mart,Kalimantan,Balikpapan,162,125,125,0,13.3
2024-02-16,P004,Vidoran Smart,Multivitamin,O012,Balikpapan Health Mart,Kalimantan,Balikpapan,145,122,122,0,9.8
2024-02-16,P005,Marina Skin Care,Skin Care,O012,Balikpapan Health Mart,Kalimantan,Balikpapan,132,89,89,0,6.9
2024-02-16,P001,Tempra,Fever & Pain,O013,Makassar Prime Pharmacy,Sulawesi,Makassar,128,114,114,0,10.9
2024-02-16,P002,Bodrex Flu & Batuk,Cough & Cold,O013,Makassar Prime Pharmacy,Sulawesi,Makassar,104,85,85,0,5.7
2024-02-16,P003,Hemaviton C1000,Vitamin,O013,Makassar Prime Pharmacy,Sulawesi,Makassar,147,124,124,0,10.3
2024-02-16,P004,Vidoran Smart,Multivitamin,O013,Makassar Prime Pharmacy,Sulawesi,Makassar,106,70,70,0,5.1
2024-02-16,P005,Marina Skin Care,Skin Care,O013,Makassar Prime Pharmacy,Sulawesi,Makassar,88,47,47,0,4.0
2024-02-16,P001,Tempra,Fever & Pain,O014,Makassar Health Mart,Sulawesi,Makassar,133,98,98,0,10.5
2024-02-16,P002,Bodrex Flu & Batuk,Cough & Cold,O014,Makassar Health Mart,Sulawesi,Makassar,100,78,78,0,6.0
2024-02-16,P003,Hemaviton C1000,Vitamin,O014,Makassar Health Mart,Sulawesi,Makassar,118,87,87,0,7.9
2024-02-16,P004,Vidoran Smart,Multivitamin,O014,Makassar Health Mart,Sulawesi,Makassar,98,63,63,0,5.3
2024-02-16,P005,Marina Skin Care,Skin Care,O014,Makassar Health Mart,Sulawesi,Makassar,129,95,95,0,10.8
2024-02-17,P001,Tempra,Fever & Pain,O001,Bandung Prime Pharmacy,Jawa Barat,Bandung,161,138,138,0,13.4
2024-02-17,P002,Bodrex Flu & Batuk,Cough & Cold,O001,Bandung Prime Pharmacy,Jawa Barat,Bandung,89,62,62,0,6.5
2024-02-17,P003,Hemaviton C1000,Vitamin,O001,Bandung Prime Pharmacy,Jawa Barat,Bandung,158,130,130,0,9.8
2024-02-17,P004,Vidoran Smart,Multivitamin,O001,Bandung Prime Pharmacy,Jawa Barat,Bandung,123,79,79,0,5.3
2024-02-17,P005,Marina Skin Care,Skin Care,O001,Bandung Prime Pharmacy,Jawa Barat,Bandung,132,100,100,0,7.7
2024-02-17,P001,Tempra,Fever & Pain,O002,Bandung Health Mart,Jawa Barat,Bandung,121,104,104,0,10.2
2024-02-17,P002,Bodrex Flu & Batuk,Cough & Cold,O002,Bandung Health Mart,Jawa Barat,Bandung,154,130,130,0,9.6
2024-02-17,P003,Hemaviton C1000,Vitamin,O002,Bandung Health Mart,Jawa Barat,Bandung,123,88,88,0,10.9
2024-02-17,P004,Vidoran Smart,Multivitamin,O002,Bandung Health Mart,Jawa Barat,Bandung,87,66,66,0,5.9
2024-02-17,P005,Marina Skin Care,Skin Care,O002,Bandung Health Mart,Jawa Barat,Bandung,141,115,115,0,8.1
2024-02-17,P001,Tempra,Fever & Pain,O003,Bekasi Prime Pharmacy,Jawa Barat,Bekasi,161,131,131,0,10.6
2024-02-17,P002,Bodrex Flu & Batuk,Cough & Cold,O003,Bekasi Prime Pharmacy,Jawa Barat,Bekasi,146,121,121,0,10.7
2024-02-17,P003,Hemaviton C1000,Vitamin,O003,Bekasi Prime Pharmacy,Jawa Barat,Bekasi,143,109,109,0,9.1
2024-02-17,P004,Vidoran Smart,Multivitamin,O003,Bekasi Prime Pharmacy,Jawa Barat,Bekasi,123,79,79,0,6.0
2024-02-17,P005,Marina Skin Care,Skin Care,O003,Bekasi Prime Pharmacy,Jawa Barat,Bekasi,146,129,129,0,13.3
2024-02-17,P001,Tempra,Fever & Pain,O004,Bekasi Health Mart,Jawa Barat,Bekasi,111,82,82,0,8.0
2024-02-17,P002,Bodrex Flu & Batuk,Cough & Cold,O004,Bekasi Health Mart,Jawa Barat,Bekasi,96,60,60,0,5.7
2024-02-17,P003,Hemaviton C1000,Vitamin,O004,Bekasi Health Mart,Jawa Barat,Bekasi,98,79,79,0,8.4
2024-02-17,P004,Vidoran Smart,Multivitamin,O004,Bekasi Health Mart,Jawa Barat,Bekasi,95,84,84,0,5.7
2024-02-17,P005,Marina Skin Care,Skin Care,O004,Bekasi Health Mart,Jawa Barat,Bekasi,121,102,102,0,7.8
2024-02-17,P001,Tempra,Fever & Pain,O005,Surabaya Prime Pharmacy,Jawa Timur,Surabaya,103,82,82,0,7.7
2024-02-17,P002,Bodrex Flu & Batuk,Cough & Cold,O005,Surabaya Prime Pharmacy,Jawa Timur,Surabaya,90,74,74,0,5.4
2024-02-17,P003,Hemaviton C1000,Vitamin,O005,Surabaya Prime Pharmacy,Jawa Timur,Surabaya,109,92,92,0,6.2
2024-02-17,P004,Vidoran Smart,Multivitamin,O005,Surabaya Prime Pharmacy,Jawa Timur,Surabaya,102,72,72,0,5.5
2024-02-17,P005,Marina Skin Care,Skin Care,O005,Surabaya Prime Pharmacy,Jawa Timur,Surabaya,109,64,64,0,5.5
2024-02-17,P001,Tempra,Fever & Pain,O006,Surabaya Health Mart,Jawa Timur,Surabaya,118,104,104,0,12.2
2024-02-17,P002,Bodrex Flu & Batuk,Cough & Cold,O006,Surabaya Health Mart,Jawa Timur,Surabaya,143,124,124,0,8.3
2024-02-17,P003,Hemaviton C1000,Vitamin,O006,Surabaya Health Mart,Jawa Timur,Surabaya,141,116,116,0,9.4
2024-02-17,P004,Vidoran Smart,Multivitamin,O006,Surabaya Health Mart,Jawa Timur,Surabaya,116,81,81,0,10.1
2024-02-17,P005,Marina Skin Care,Skin Care,O006,Surabaya Health Mart,Jawa Timur,Surabaya,131,92,92,0,9.3
2024-02-17,P001,Tempra,Fever & Pain,O007,Semarang Prime Pharmacy,Jawa Tengah,Semarang,112,91,91,0,6.5
2024-02-17,P002,Bodrex Flu & Batuk,Cough & Cold,O007,Semarang Prime Pharmacy,Jawa Tengah,Semarang,96,82,82,0,6.4
2024-02-17,P003,Hemaviton C1000,Vitamin,O007,Semarang Prime Pharmacy,Jawa Tengah,Semarang,136,98,98,0,11.3
2024-02-17,P004,Vidoran Smart,Multivitamin,O007,Semarang Prime Pharmacy,Jawa Tengah,Semarang,177,143,143,0,11.8
2024-02-17,P005,Marina Skin Care,Skin Care,O007,Semarang Prime Pharmacy,Jawa Tengah,Semarang,136,95,95,0,11.7
2024-02-17,P001,Tempra,Fever & Pain,O008,Semarang Health Mart,Jawa Tengah,Semarang,124,106,106,0,10.1
2024-02-17,P002,Bodrex Flu & Batuk,Cough & Cold,O008,Semarang Health Mart,Jawa Tengah,Semarang,111,71,71,0,8.1
2024-02-17,P003,Hemaviton C1000,Vitamin,O008,Semarang Health Mart,Jawa Tengah,Semarang,141,110,110,0,8.6
2024-02-17,P004,Vidoran Smart,Multivitamin,O008,Semarang Health Mart,Jawa Tengah,Semarang,151,109,109,0,11.9
2024-02-17,P005,Marina Skin Care,Skin Care,O008,Semarang Health Mart,Jawa Tengah,Semarang,51,32,32,0,2.9
2024-02-17,P001,Tempra,Fever & Pain,O009,Medan Prime Pharmacy,Sumatera,Medan,137,113,113,0,11.1
2024-02-17,P002,Bodrex Flu & Batuk,Cough & Cold,O009,Medan Prime Pharmacy,Sumatera,Medan,194,151,151,0,16.5
2024-02-17,P003,Hemaviton C1000,Vitamin,O009,Medan Prime Pharmacy,Sumatera,Medan,127,83,83,0,6.7
2024-02-17,P004,Vidoran Smart,Multivitamin,O009,Medan Prime Pharmacy,Sumatera,Medan,147,123,123,0,12.6
2024-02-17,P005,Marina Skin Care,Skin Care,O009,Medan Prime Pharmacy,Sumatera,Medan,126,91,91,0,7.7
2024-02-17,P001,Tempra,Fever & Pain,O010,Medan Health Mart,Sumatera,Medan,98,84,84,0,7.3
2024-02-17,P002,Bodrex Flu & Batuk,Cough & Cold,O010,Medan Health Mart,Sumatera,Medan,145,109,109,0,7.8
2024-02-17,P003,Hemaviton C1000,Vitamin,O010,Medan Health Mart,Sumatera,Medan,123,103,103,0,7.3
2024-02-17,P004,Vidoran Smart,Multivitamin,O010,Medan Health Mart,Sumatera,Medan,98,75,75,0,5.4
2024-02-17,P005,Marina Skin Care,Skin Care,O010,Medan Health Mart,Sumatera,Medan,138,118,118,0,8.5
2024-02-17,P001,Tempra,Fever & Pain,O011,Balikpapan Prime Pharmacy,Kalimantan,Balikpapan,156,138,138,0,16.7
2024-02-17,P002,Bodrex Flu & Batuk,Cough & Cold,O011,Balikpapan Prime Pharmacy,Kalimantan,Balikpapan,122,86,86,0,9.3
2024-02-17,P003,Hemaviton C1000,Vitamin,O011,Balikpapan Prime Pharmacy,Kalimantan,Balikpapan,89,76,76,0,5.5
2024-02-17,P004,Vidoran Smart,Multivitamin,O011,Balikpapan Prime Pharmacy,Kalimantan,Balikpapan,134,93,93,0,7.9
2024-02-17,P005,Marina Skin Care,Skin Care,O011,Balikpapan Prime Pharmacy,Kalimantan,Balikpapan,131,95,95,0,9.1
2024-02-17,P001,Tempra,Fever & Pain,O012,Balikpapan Health Mart,Kalimantan,Balikpapan,195,150,150,0,13.1
2024-02-17,P002,Bodrex Flu & Batuk,Cough & Cold,O012,Balikpapan Health Mart,Kalimantan,Balikpapan,141,124,124,0,10.7
2024-02-17,P003,Hemaviton C1000,Vitamin,O012,Balikpapan Health Mart,Kalimantan,Balikpapan,148,108,108,0,7.6
2024-02-17,P004,Vidoran Smart,Multivitamin,O012,Balikpapan Health Mart,Kalimantan,Balikpapan,129,90,90,0,6.2
2024-02-17,P005,Marina Skin Care,Skin Care,O012,Balikpapan Health Mart,Kalimantan,Balikpapan,164,124,124,0,12.0
2024-02-17,P001,Tempra,Fever & Pain,O013,Makassar Prime Pharmacy,Sulawesi,Makassar,150,117,117,0,8.3
2024-02-17,P002,Bodrex Flu & Batuk,Cough & Cold,O013,Makassar Prime Pharmacy,Sulawesi,Makassar,125,81,81,0,5.8
2024-02-17,P003,Hemaviton C1000,Vitamin,O013,Makassar Prime Pharmacy,Sulawesi,Makassar,140,102,102,0,7.0
2024-02-17,P004,Vidoran Smart,Multivitamin,O013,Makassar Prime Pharmacy,Sulawesi,Makassar,141,116,116,0,7.9
2024-02-17,P005,Marina Skin Care,Skin Care,O013,Makassar Prime Pharmacy,Sulawesi,Makassar,150,110,110,0,9.2
2024-02-17,P001,Tempra,Fever & Pain,O014,Makassar Health Mart,Sulawesi,Makassar,168,133,133,0,12.0
2024-02-17,P002,Bodrex Flu & Batuk,Cough & Cold,O014,Makassar Health Mart,Sulawesi,Makassar,180,168,168,0,18.7
2024-02-17,P003,Hemaviton C1000,Vitamin,O014,Makassar Health Mart,Sulawesi,Makassar,156,122,122,0,9.6
2024-02-17,P004,Vidoran Smart,Multivitamin,O014,Makassar Health Mart,Sulawesi,Makassar,141,118,118,0,9.9
2024-02-17,P005,Marina Skin Care,Skin Care,O014,Makassar Health Mart,Sulawesi,Makassar,162,143,143,0,10.0
2024-02-18,P001,Tempra,Fever & Pain,O001,Bandung Prime Pharmacy,Jawa Barat,Bandung,95,72,72,0,5.2
2024-02-18,P002,Bodrex Flu & Batuk,Cough & Cold,O001,Bandung Prime Pharmacy,Jawa Barat,Bandung,142,114,114,0,10.3
2024-02-18,P003,Hemaviton C1000,Vitamin,O001,Bandung Prime Pharmacy,Jawa Barat,Bandung,127,82,82,0,5.6
2024-02-18,P004,Vidoran Smart,Multivitamin,O001,Bandung Prime Pharmacy,Jawa Barat,Bandung,119,92,92,0,9.2
2024-02-18,P005,Marina Skin Care,Skin Care,O001,Bandung Prime Pharmacy,Jawa Barat,Bandung,77,56,56,0,4.9
2024-02-18,P001,Tempra,Fever & Pain,O002,Bandung Health Mart,Jawa Barat,Bandung,120,110,110,0,10.7
2024-02-18,P002,Bodrex Flu & Batuk,Cough & Cold,O002,Bandung Health Mart,Jawa Barat,Bandung,94,77,77,0,7.4
2024-02-18,P003,Hemaviton C1000,Vitamin,O002,Bandung Health Mart,Jawa Barat,Bandung,143,106,106,0,8.4
2024-02-18,P004,Vidoran Smart,Multivitamin,O002,Bandung Health Mart,Jawa Barat,Bandung,120,89,89,0,8.4
2024-02-18,P005,Marina Skin Care,Skin Care,O002,Bandung Health Mart,Jawa Barat,Bandung,143,98,98,0,8.8
2024-02-18,P001,Tempra,Fever & Pain,O003,Bekasi Prime Pharmacy,Jawa Barat,Bekasi,120,101,101,0,11.8
2024-02-18,P002,Bodrex Flu & Batuk,Cough & Cold,O003,Bekasi Prime Pharmacy,Jawa Barat,Bekasi,121,98,98,0,10.8
2024-02-18,P003,Hemaviton C1000,Vitamin,O003,Bekasi Prime Pharmacy,Jawa Barat,Bekasi,124,82,82,0,6.6
2024-02-18,P004,Vidoran Smart,Multivitamin,O003,Bekasi Prime Pharmacy,Jawa Barat,Bekasi,104,82,82,0,7.3
2024-02-18,P005,Marina Skin Care,Skin Care,O003,Bekasi Prime Pharmacy,Jawa Barat,Bekasi,92,70,70,0,4.7
2024-02-18,P001,Tempra,Fever & Pain,O004,Bekasi Health Mart,Jawa Barat,Bekasi,111,82,82,0,7.6
2024-02-18,P002,Bodrex Flu & Batuk,Cough & Cold,O004,Bekasi Health Mart,Jawa Barat,Bekasi,137,122,122,0,13.6
2024-02-18,P003,Hemaviton C1000,Vitamin,O004,Bekasi Health Mart,Jawa Barat,Bekasi,136,102,102,0,8.0
2024-02-18,P004,Vidoran Smart,Multivitamin,O004,Bekasi Health Mart,Jawa Barat,Bekasi,98,70,70,0,5.3
2024-02-18,P005,Marina Skin Care,Skin Care,O004,Bekasi Health Mart,Jawa Barat,Bekasi,129,106,106,0,11.8
2024-02-18,P001,Tempra,Fever & Pain,O005,Surabaya Prime Pharmacy,Jawa Timur,Surabaya,144,117,117,0,8.8
2024-02-18,P002,Bodrex Flu & Batuk,Cough & Cold,O005,Surabaya Prime Pharmacy,Jawa Timur,Surabaya,149,106,106,0,11.3
2024-02-18,P003,Hemaviton C1000,Vitamin,O005,Surabaya Prime Pharmacy,Jawa Timur,Surabaya,134,113,113,0,8.1
2024-02-18,P004,Vidoran Smart,Multivitamin,O005,Surabaya Prime Pharmacy,Jawa Timur,Surabaya,98,62,62,0,4.6
2024-02-18,P005,Marina Skin Care,Skin Care,O005,Surabaya Prime Pharmacy,Jawa Timur,Surabaya,95,72,72,0,5.6
2024-02-18,P001,Tempra,Fever & Pain,O006,Surabaya Health Mart,Jawa Timur,Surabaya,111,90,90,0,7.9
2024-02-18,P002,Bodrex Flu & Batuk,Cough & Cold,O006,Surabaya Health Mart,Jawa Timur,Surabaya,124,95,95,0,7.9
2024-02-18,P003,Hemaviton C1000,Vitamin,O006,Surabaya Health Mart,Jawa Timur,Surabaya,185,160,160,0,15.4
2024-02-18,P004,Vidoran Smart,Multivitamin,O006,Surabaya Health Mart,Jawa Timur,Surabaya,118,105,105,0,10.0
2024-02-18,P005,Marina Skin Care,Skin Care,O006,Surabaya Health Mart,Jawa Timur,Surabaya,101,84,84,0,6.1
2024-02-18,P001,Tempra,Fever & Pain,O007,Semarang Prime Pharmacy,Jawa Tengah,Semarang,148,118,118,0,14.0
2024-02-18,P002,Bodrex Flu & Batuk,Cough & Cold,O007,Semarang Prime Pharmacy,Jawa Tengah,Semarang,114,101,101,0,11.1
2024-02-18,P003,Hemaviton C1000,Vitamin,O007,Semarang Prime Pharmacy,Jawa Tengah,Semarang,176,139,139,0,11.3
2024-02-18,P004,Vidoran Smart,Multivitamin,O007,Semarang Prime Pharmacy,Jawa Tengah,Semarang,82,65,65,0,6.5
2024-02-18,P005,Marina Skin Care,Skin Care,O007,Semarang Prime Pharmacy,Jawa Tengah,Semarang,134,94,94,0,9.7
2024-02-18,P001,Tempra,Fever & Pain,O008,Semarang Health Mart,Jawa Tengah,Semarang,109,90,90,0,6.4
2024-02-18,P002,Bodrex Flu & Batuk,Cough & Cold,O008,Semarang Health Mart,Jawa Tengah,Semarang,123,91,91,0,7.5
2024-02-18,P003,Hemaviton C1000,Vitamin,O008,Semarang Health Mart,Jawa Tengah,Semarang,104,89,89,0,8.9
2024-02-18,P004,Vidoran Smart,Multivitamin,O008,Semarang Health Mart,Jawa Tengah,Semarang,102,71,71,0,6.3
2024-02-18,P005,Marina Skin Care,Skin Care,O008,Semarang Health Mart,Jawa Tengah,Semarang,138,94,94,0,6.5
2024-02-18,P001,Tempra,Fever & Pain,O009,Medan Prime Pharmacy,Sumatera,Medan,134,107,107,0,7.2
2024-02-18,P002,Bodrex Flu & Batuk,Cough & Cold,O009,Medan Prime Pharmacy,Sumatera,Medan,147,115,115,0,11.4
2024-02-18,P003,Hemaviton C1000,Vitamin,O009,Medan Prime Pharmacy,Sumatera,Medan,110,100,100,0,9.1
2024-02-18,P004,Vidoran Smart,Multivitamin,O009,Medan Prime Pharmacy,Sumatera,Medan,74,56,56,0,4.0
2024-02-18,P005,Marina Skin Care,Skin Care,O009,Medan Prime Pharmacy,Sumatera,Medan,143,125,125,0,10.9
2024-02-18,P001,Tempra,Fever & Pain,O010,Medan Health Mart,Sumatera,Medan,120,86,86,0,5.9
2024-02-18,P002,Bodrex Flu & Batuk,Cough & Cold,O010,Medan Health Mart,Sumatera,Medan,114,101,101,0,8.0
2024-02-18,P003,Hemaviton C1000,Vitamin,O010,Medan Health Mart,Sumatera,Medan,101,73,73,0,4.9
2024-02-18,P004,Vidoran Smart,Multivitamin,O010,Medan Health Mart,Sumatera,Medan,118,96,96,0,10.7
2024-02-18,P005,Marina Skin Care,Skin Care,O010,Medan Health Mart,Sumatera,Medan,143,102,102,0,7.2
2024-02-18,P001,Tempra,Fever & Pain,O011,Balikpapan Prime Pharmacy,Kalimantan,Balikpapan,163,139,139,0,14.4
2024-02-18,P002,Bodrex Flu & Batuk,Cough & Cold,O011,Balikpapan Prime Pharmacy,Kalimantan,Balikpapan,119,99,99,0,11.3
2024-02-18,P003,Hemaviton C1000,Vitamin,O011,Balikpapan Prime Pharmacy,Kalimantan,Balikpapan,103,74,74,0,6.7
2024-02-18,P004,Vidoran Smart,Multivitamin,O011,Balikpapan Prime Pharmacy,Kalimantan,Balikpapan,131,115,115,0,11.5
2024-02-18,P005,Marina Skin Care,Skin Care,O011,Balikpapan Prime Pharmacy,Kalimantan,Balikpapan,127,87,87,0,7.4
2024-02-18,P001,Tempra,Fever & Pain,O012,Balikpapan Health Mart,Kalimantan,Balikpapan,143,104,104,0,7.4
2024-02-18,P002,Bodrex Flu & Batuk,Cough & Cold,O012,Balikpapan Health Mart,Kalimantan,Balikpapan,91,61,61,0,5.0
2024-02-18,P003,Hemaviton C1000,Vitamin,O012,Balikpapan Health Mart,Kalimantan,Balikpapan,130,105,105,0,7.8
2024-02-18,P004,Vidoran Smart,Multivitamin,O012,Balikpapan Health Mart,Kalimantan,Balikpapan,156,112,112,0,7.8
2024-02-18,P005,Marina Skin Care,Skin Care,O012,Balikpapan Health Mart,Kalimantan,Balikpapan,142,100,100,0,7.4
2024-02-18,P001,Tempra,Fever & Pain,O013,Makassar Prime Pharmacy,Sulawesi,Makassar,130,95,95,0,7.7
2024-02-18,P002,Bodrex Flu & Batuk,Cough & Cold,O013,Makassar Prime Pharmacy,Sulawesi,Makassar,68,50,50,0,5.4
2024-02-18,P003,Hemaviton C1000,Vitamin,O013,Makassar Prime Pharmacy,Sulawesi,Makassar,127,86,86,0,9.7
2024-02-18,P004,Vidoran Smart,Multivitamin,O013,Makassar Prime Pharmacy,Sulawesi,Makassar,159,133,133,0,15.2
2024-02-18,P005,Marina Skin Care,Skin Care,O013,Makassar Prime Pharmacy,Sulawesi,Makassar,128,95,95,0,6.7
2024-02-18,P001,Tempra,Fever & Pain,O014,Makassar Health Mart,Sulawesi,Makassar,153,141,141,0,12.4
2024-02-18,P002,Bodrex Flu & Batuk,Cough & Cold,O014,Makassar Health Mart,Sulawesi,Makassar,130,115,115,0,10.2
2024-02-18,P003,Hemaviton C1000,Vitamin,O014,Makassar Health Mart,Sulawesi,Makassar,106,83,83,0,5.7
2024-02-18,P004,Vidoran Smart,Multivitamin,O014,Makassar Health Mart,Sulawesi,Makassar,112,77,77,0,7.5
2024-02-18,P005,Marina Skin Care,Skin Care,O014,Makassar Health Mart,Sulawesi,Makassar,116,105,105,0,7.7
2024-02-19,P001,Tempra,Fever & Pain,O001,Bandung Prime Pharmacy,Jawa Barat,Bandung,150,113,113,0,11.4
2024-02-19,P002,Bodrex Flu & Batuk,Cough & Cold,O001,Bandung Prime Pharmacy,Jawa Barat,Bandung,122,88,88,0,6.0
2024-02-19,P003,Hemaviton C1000,Vitamin,O001,Bandung Prime Pharmacy,Jawa Barat,Bandung,138,111,111,0,7.5
2024-02-19,P004,Vidoran Smart,Multivitamin,O001,Bandung Prime Pharmacy,Jawa Barat,Bandung,98,75,75,0,7.8
2024-02-19,P005,Marina Skin Care,Skin Care,O001,Bandung Prime Pharmacy,Jawa Barat,Bandung,143,123,123,0,9.5
2024-02-19,P001,Tempra,Fever & Pain,O002,Bandung Health Mart,Jawa Barat,Bandung,138,118,118,0,11.9
2024-02-19,P002,Bodrex Flu & Batuk,Cough & Cold,O002,Bandung Health Mart,Jawa Barat,Bandung,136,106,106,0,8.9
2024-02-19,P003,Hemaviton C1000,Vitamin,O002,Bandung Health Mart,Jawa Barat,Bandung,92,81,81,0,6.0
2024-02-19,P004,Vidoran Smart,Multivitamin,O002,Bandung Health Mart,Jawa Barat,Bandung,126,108,108,0,10.8
2024-02-19,P005,Marina Skin Care,Skin Care,O002,Bandung Health Mart,Jawa Barat,Bandung,159,121,121,0,8.6
2024-02-19,P001,Tempra,Fever & Pain,O003,Bekasi Prime Pharmacy,Jawa Barat,Bekasi,132,104,104,0,10.0
2024-02-19,P002,Bodrex Flu & Batuk,Cough & Cold,O003,Bekasi Prime Pharmacy,Jawa Barat,Bekasi,137,110,110,0,12.9
2024-02-19,P003,Hemaviton C1000,Vitamin,O003,Bekasi Prime Pharmacy,Jawa Barat,Bekasi,111,78,78,0,8.8
2024-02-19,P004,Vidoran Smart,Multivitamin,O003,Bekasi Prime Pharmacy,Jawa Barat,Bekasi,120,90,90,0,7.1
2024-02-19,P005,Marina Skin Care,Skin Care,O003,Bekasi Prime Pharmacy,Jawa Barat,Bekasi,137,92,92,0,6.4
2024-02-19,P001,Tempra,Fever & Pain,O004,Bekasi Health Mart,Jawa Barat,Bekasi,161,143,143,0,10.9
2024-02-19,P002,Bodrex Flu & Batuk,Cough & Cold,O004,Bekasi Health Mart,Jawa Barat,Bekasi,122,105,105,0,13.1
2024-02-19,P003,Hemaviton C1000,Vitamin,O004,Bekasi Health Mart,Jawa Barat,Bekasi,115,105,105,0,11.4
2024-02-19,P004,Vidoran Smart,Multivitamin,O004,Bekasi Health Mart,Jawa Barat,Bekasi,135,109,109,0,7.5
2024-02-19,P005,Marina Skin Care,Skin Care,O004,Bekasi Health Mart,Jawa Barat,Bekasi,125,84,84,0,9.6
2024-02-19,P001,Tempra,Fever & Pain,O005,Surabaya Prime Pharmacy,Jawa Timur,Surabaya,115,83,83,0,9.7
2024-02-19,P002,Bodrex Flu & Batuk,Cough & Cold,O005,Surabaya Prime Pharmacy,Jawa Timur,Surabaya,107,91,91,0,6.8
2024-02-19,P003,Hemaviton C1000,Vitamin,O005,Surabaya Prime Pharmacy,Jawa Timur,Surabaya,136,106,106,0,8.7
2024-02-19,P004,Vidoran Smart,Multivitamin,O005,Surabaya Prime Pharmacy,Jawa Timur,Surabaya,127,96,96,0,9.4
2024-02-19,P005,Marina Skin Care,Skin Care,O005,Surabaya Prime Pharmacy,Jawa Timur,Surabaya,160,122,122,0,9.6
2024-02-19,P001,Tempra,Fever & Pain,O006,Surabaya Health Mart,Jawa Timur,Surabaya,142,110,110,0,8.9
2024-02-19,P002,Bodrex Flu & Batuk,Cough & Cold,O006,Surabaya Health Mart,Jawa Timur,Surabaya,122,95,95,0,7.5
2024-02-19,P003,Hemaviton C1000,Vitamin,O006,Surabaya Health Mart,Jawa Timur,Surabaya,176,150,150,0,12.3
2024-02-19,P004,Vidoran Smart,Multivitamin,O006,Surabaya Health Mart,Jawa Timur,Surabaya,157,131,131,0,16.0
2024-02-19,P005,Marina Skin Care,Skin Care,O006,Surabaya Health Mart,Jawa Timur,Surabaya,151,117,117,0,11.2
2024-02-19,P001,Tempra,Fever & Pain,O007,Semarang Prime Pharmacy,Jawa Tengah,Semarang,136,119,119,0,11.4
2024-02-19,P002,Bodrex Flu & Batuk,Cough & Cold,O007,Semarang Prime Pharmacy,Jawa Tengah,Semarang,133,105,105,0,8.5
2024-02-19,P003,Hemaviton C1000,Vitamin,O007,Semarang Prime Pharmacy,Jawa Tengah,Semarang,143,103,103,0,8.5
2024-02-19,P004,Vidoran Smart,Multivitamin,O007,Semarang Prime Pharmacy,Jawa Tengah,Semarang,125,88,88,0,8.8
2024-02-19,P005,Marina Skin Care,Skin Care,O007,Semarang Prime Pharmacy,Jawa Tengah,Semarang,115,74,74,0,7.4
2024-02-19,P001,Tempra,Fever & Pain,O008,Semarang Health Mart,Jawa Tengah,Semarang,114,89,89,0,9.1
2024-02-19,P002,Bodrex Flu & Batuk,Cough & Cold,O008,Semarang Health Mart,Jawa Tengah,Semarang,157,132,132,0,14.3
2024-02-19,P003,Hemaviton C1000,Vitamin,O008,Semarang Health Mart,Jawa Tengah,Semarang,136,93,93,0,7.9
2024-02-19,P004,Vidoran Smart,Multivitamin,O008,Semarang Health Mart,Jawa Tengah,Semarang,127,93,93,0,8.2
2024-02-19,P005,Marina Skin Care,Skin Care,O008,Semarang Health Mart,Jawa Tengah,Semarang,136,107,107,0,7.6
2024-02-19,P001,Tempra,Fever & Pain,O009,Medan Prime Pharmacy,Sumatera,Medan,124,113,113,0,8.8
2024-02-19,P002,Bodrex Flu & Batuk,Cough & Cold,O009,Medan Prime Pharmacy,Sumatera,Medan,101,62,62,0,4.5
2024-02-19,P003,Hemaviton C1000,Vitamin,O009,Medan Prime Pharmacy,Sumatera,Medan,110,85,85,0,9.7
2024-02-19,P004,Vidoran Smart,Multivitamin,O009,Medan Prime Pharmacy,Sumatera,Medan,121,83,83,0,7.0
2024-02-19,P005,Marina Skin Care,Skin Care,O009,Medan Prime Pharmacy,Sumatera,Medan,133,109,109,0,10.4
2024-02-19,P001,Tempra,Fever & Pain,O010,Medan Health Mart,Sumatera,Medan,167,145,145,0,14.0
2024-02-19,P002,Bodrex Flu & Batuk,Cough & Cold,O010,Medan Health Mart,Sumatera,Medan,75,62,62,0,6.8
2024-02-19,P003,Hemaviton C1000,Vitamin,O010,Medan Health Mart,Sumatera,Medan,86,53,53,0,5.6
2024-02-19,P004,Vidoran Smart,Multivitamin,O010,Medan Health Mart,Sumatera,Medan,123,98,98,0,10.1
2024-02-19,P005,Marina Skin Care,Skin Care,O010,Medan Health Mart,Sumatera,Medan,99,76,76,0,5.8
2024-02-19,P001,Tempra,Fever & Pain,O011,Balikpapan Prime Pharmacy,Kalimantan,Balikpapan,162,131,131,0,11.5
2024-02-19,P002,Bodrex Flu & Batuk,Cough & Cold,O011,Balikpapan Prime Pharmacy,Kalimantan,Balikpapan,82,68,68,0,6.0
2024-02-19,P003,Hemaviton C1000,Vitamin,O011,Balikpapan Prime Pharmacy,Kalimantan,Balikpapan,97,81,81,0,9.3
2024-02-19,P004,Vidoran Smart,Multivitamin,O011,Balikpapan Prime Pharmacy,Kalimantan,Balikpapan,136,115,115,0,12.2
2024-02-19,P005,Marina Skin Care,Skin Care,O011,Balikpapan Prime Pharmacy,Kalimantan,Balikpapan,122,90,90,0,6.2
2024-02-19,P001,Tempra,Fever & Pain,O012,Balikpapan Health Mart,Kalimantan,Balikpapan,71,48,48,0,3.7
2024-02-19,P002,Bodrex Flu & Batuk,Cough & Cold,O012,Balikpapan Health Mart,Kalimantan,Balikpapan,107,95,95,0,7.7
2024-02-19,P003,Hemaviton C1000,Vitamin,O012,Balikpapan Health Mart,Kalimantan,Balikpapan,136,101,101,0,7.8
2024-02-19,P004,Vidoran Smart,Multivitamin,O012,Balikpapan Health Mart,Kalimantan,Balikpapan,106,83,83,0,9.0
2024-02-19,P005,Marina Skin Care,Skin Care,O012,Balikpapan Health Mart,Kalimantan,Balikpapan,118,86,86,0,5.8
2024-02-19,P001,Tempra,Fever & Pain,O013,Makassar Prime Pharmacy,Sulawesi,Makassar,156,142,142,0,13.1
2024-02-19,P002,Bodrex Flu & Batuk,Cough & Cold,O013,Makassar Prime Pharmacy,Sulawesi,Makassar,113,86,86,0,7.7
2024-02-19,P003,Hemaviton C1000,Vitamin,O013,Makassar Prime Pharmacy,Sulawesi,Makassar,129,111,111,0,9.0
2024-02-19,P004,Vidoran Smart,Multivitamin,O013,Makassar Prime Pharmacy,Sulawesi,Makassar,145,110,110,0,12.5
2024-02-19,P005,Marina Skin Care,Skin Care,O013,Makassar Prime Pharmacy,Sulawesi,Makassar,159,123,123,0,9.1
2024-02-19,P001,Tempra,Fever & Pain,O014,Makassar Health Mart,Sulawesi,Makassar,162,149,149,0,11.5
2024-02-19,P002,Bodrex Flu & Batuk,Cough & Cold,O014,Makassar Health Mart,Sulawesi,Makassar,130,107,107,0,7.5
2024-02-19,P003,Hemaviton C1000,Vitamin,O014,Makassar Health Mart,Sulawesi,Makassar,105,69,69,0,7.7
2024-02-19,P004,Vidoran Smart,Multivitamin,O014,Makassar Health Mart,Sulawesi,Makassar,115,98,98,0,6.7
2024-02-19,P005,Marina Skin Care,Skin Care,O014,Makassar Health Mart,Sulawesi,Makassar,157,123,123,0,9.3
2024-02-20,P001,Tempra,Fever & Pain,O001,Bandung Prime Pharmacy,Jawa Barat,Bandung,106,91,91,0,10.2
2024-02-20,P002,Bodrex Flu & Batuk,Cough & Cold,O001,Bandung Prime Pharmacy,Jawa Barat,Bandung,125,105,105,0,8.1
2024-02-20,P003,Hemaviton C1000,Vitamin,O001,Bandung Prime Pharmacy,Jawa Barat,Bandung,138,102,102,0,9.2
2024-02-20,P004,Vidoran Smart,Multivitamin,O001,Bandung Prime Pharmacy,Jawa Barat,Bandung,139,107,107,0,8.8
2024-02-20,P005,Marina Skin Care,Skin Care,O001,Bandung Prime Pharmacy,Jawa Barat,Bandung,136,96,96,0,7.7
2024-02-20,P001,Tempra,Fever & Pain,O002,Bandung Health Mart,Jawa Barat,Bandung,144,103,103,0,11.1
2024-02-20,P002,Bodrex Flu & Batuk,Cough & Cold,O002,Bandung Health Mart,Jawa Barat,Bandung,123,104,104,0,9.7
2024-02-20,P003,Hemaviton C1000,Vitamin,O002,Bandung Health Mart,Jawa Barat,Bandung,98,76,76,0,5.2
2024-02-20,P004,Vidoran Smart,Multivitamin,O002,Bandung Health Mart,Jawa Barat,Bandung,93,72,72,0,6.1
2024-02-20,P005,Marina Skin Care,Skin Care,O002,Bandung Health Mart,Jawa Barat,Bandung,153,129,129,0,10.3
2024-02-20,P001,Tempra,Fever & Pain,O003,Bekasi Prime Pharmacy,Jawa Barat,Bekasi,121,83,83,0,6.9
2024-02-20,P002,Bodrex Flu & Batuk,Cough & Cold,O003,Bekasi Prime Pharmacy,Jawa Barat,Bekasi,167,135,135,0,9.6
2024-02-20,P003,Hemaviton C1000,Vitamin,O003,Bekasi Prime Pharmacy,Jawa Barat,Bekasi,160,119,119,0,8.7
2024-02-20,P004,Vidoran Smart,Multivitamin,O003,Bekasi Prime Pharmacy,Jawa Barat,Bekasi,93,79,79,0,7.3
2024-02-20,P005,Marina Skin Care,Skin Care,O003,Bekasi Prime Pharmacy,Jawa Barat,Bekasi,134,104,104,0,8.3
2024-02-20,P001,Tempra,Fever & Pain,O004,Bekasi Health Mart,Jawa Barat,Bekasi,139,101,101,0,10.1
2024-02-20,P002,Bodrex Flu & Batuk,Cough & Cold,O004,Bekasi Health Mart,Jawa Barat,Bekasi,169,136,136,0,11.2
2024-02-20,P003,Hemaviton C1000,Vitamin,O004,Bekasi Health Mart,Jawa Barat,Bekasi,104,83,83,0,8.1
2024-02-20,P004,Vidoran Smart,Multivitamin,O004,Bekasi Health Mart,Jawa Barat,Bekasi,141,129,129,0,9.5
2024-02-20,P005,Marina Skin Care,Skin Care,O004,Bekasi Health Mart,Jawa Barat,Bekasi,157,115,115,0,13.7
2024-02-20,P001,Tempra,Fever & Pain,O005,Surabaya Prime Pharmacy,Jawa Timur,Surabaya,91,53,53,0,5.4
2024-02-20,P002,Bodrex Flu & Batuk,Cough & Cold,O005,Surabaya Prime Pharmacy,Jawa Timur,Surabaya,118,90,90,0,8.3
2024-02-20,P003,Hemaviton C1000,Vitamin,O005,Surabaya Prime Pharmacy,Jawa Timur,Surabaya,97,55,55,0,3.9
2024-02-20,P004,Vidoran Smart,Multivitamin,O005,Surabaya Prime Pharmacy,Jawa Timur,Surabaya,53,42,42,0,3.3
2024-02-20,P005,Marina Skin Care,Skin Care,O005,Surabaya Prime Pharmacy,Jawa Timur,Surabaya,127,82,82,0,5.5
2024-02-20,P001,Tempra,Fever & Pain,O006,Surabaya Health Mart,Jawa Timur,Surabaya,103,62,62,0,5.0
2024-02-20,P002,Bodrex Flu & Batuk,Cough & Cold,O006,Surabaya Health Mart,Jawa Timur,Surabaya,128,88,88,0,7.5
2024-02-20,P003,Hemaviton C1000,Vitamin,O006,Surabaya Health Mart,Jawa Timur,Surabaya,126,81,81,0,9.3
2024-02-20,P004,Vidoran Smart,Multivitamin,O006,Surabaya Health Mart,Jawa Timur,Surabaya,135,100,100,0,7.2
2024-02-20,P005,Marina Skin Care,Skin Care,O006,Surabaya Health Mart,Jawa Timur,Surabaya,124,102,102,0,11.5
2024-02-20,P001,Tempra,Fever & Pain,O007,Semarang Prime Pharmacy,Jawa Tengah,Semarang,168,143,143,0,11.4
2024-02-20,P002,Bodrex Flu & Batuk,Cough & Cold,O007,Semarang Prime Pharmacy,Jawa Tengah,Semarang,87,74,74,0,5.2
2024-02-20,P003,Hemaviton C1000,Vitamin,O007,Semarang Prime Pharmacy,Jawa Tengah,Semarang,164,122,122,0,8.7
2024-02-20,P004,Vidoran Smart,Multivitamin,O007,Semarang Prime Pharmacy,Jawa Tengah,Semarang,145,100,100,0,10.3
2024-02-20,P005,Marina Skin Care,Skin Care,O007,Semarang Prime Pharmacy,Jawa Tengah,Semarang,129,90,90,0,6.5
2024-02-20,P001,Tempra,Fever & Pain,O008,Semarang Health Mart,Jawa Tengah,Semarang,69,56,56,0,5.4
2024-02-20,P002,Bodrex Flu & Batuk,Cough & Cold,O008,Semarang Health Mart,Jawa Tengah,Semarang,102,75,75,0,6.4
2024-02-20,P003,Hemaviton C1000,Vitamin,O008,Semarang Health Mart,Jawa Tengah,Semarang,95,80,80,0,7.1
2024-02-20,P004,Vidoran Smart,Multivitamin,O008,Semarang Health Mart,Jawa Tengah,Semarang,90,61,61,0,6.2
2024-02-20,P005,Marina Skin Care,Skin Care,O008,Semarang Health Mart,Jawa Tengah,Semarang,126,113,113,0,11.7
2024-02-20,P001,Tempra,Fever & Pain,O009,Medan Prime Pharmacy,Sumatera,Medan,60,30,30,0,2.3
2024-02-20,P002,Bodrex Flu & Batuk,Cough & Cold,O009,Medan Prime Pharmacy,Sumatera,Medan,128,103,103,0,9.3
2024-02-20,P003,Hemaviton C1000,Vitamin,O009,Medan Prime Pharmacy,Sumatera,Medan,107,74,74,0,6.2
2024-02-20,P004,Vidoran Smart,Multivitamin,O009,Medan Prime Pharmacy,Sumatera,Medan,120,76,76,0,7.1
2024-02-20,P005,Marina Skin Care,Skin Care,O009,Medan Prime Pharmacy,Sumatera,Medan,114,88,88,0,7.4
2024-02-20,P001,Tempra,Fever & Pain,O010,Medan Health Mart,Sumatera,Medan,112,100,100,0,11.4
2024-02-20,P002,Bodrex Flu & Batuk,Cough & Cold,O010,Medan Health Mart,Sumatera,Medan,91,80,80,0,9.0
2024-02-20,P003,Hemaviton C1000,Vitamin,O010,Medan Health Mart,Sumatera,Medan,158,139,139,0,14.3
2024-02-20,P004,Vidoran Smart,Multivitamin,O010,Medan Health Mart,Sumatera,Medan,110,68,68,0,5.3
2024-02-20,P005,Marina Skin Care,Skin Care,O010,Medan Health Mart,Sumatera,Medan,124,100,100,0,10.2
2024-02-20,P001,Tempra,Fever & Pain,O011,Balikpapan Prime Pharmacy,Kalimantan,Balikpapan,90,79,79,0,7.7
2024-02-20,P002,Bodrex Flu & Batuk,Cough & Cold,O011,Balikpapan Prime Pharmacy,Kalimantan,Balikpapan,139,96,96,0,6.9
2024-02-20,P003,Hemaviton C1000,Vitamin,O011,Balikpapan Prime Pharmacy,Kalimantan,Balikpapan,124,105,105,0,11.5
2024-02-20,P004,Vidoran Smart,Multivitamin,O011,Balikpapan Prime Pharmacy,Kalimantan,Balikpapan,147,126,126,0,12.6
2024-02-20,P005,Marina Skin Care,Skin Care,O011,Balikpapan Prime Pharmacy,Kalimantan,Balikpapan,130,96,96,0,10.9
2024-02-20,P001,Tempra,Fever & Pain,O012,Balikpapan Health Mart,Kalimantan,Balikpapan,107,96,96,0,8.1
2024-02-20,P002,Bodrex Flu & Batuk,Cough & Cold,O012,Balikpapan Health Mart,Kalimantan,Balikpapan,121,88,88,0,8.0
2024-02-20,P003,Hemaviton C1000,Vitamin,O012,Balikpapan Health Mart,Kalimantan,Balikpapan,93,65,65,0,6.5
2024-02-20,P004,Vidoran Smart,Multivitamin,O012,Balikpapan Health Mart,Kalimantan,Balikpapan,121,107,107,0,9.1
2024-02-20,P005,Marina Skin Care,Skin Care,O012,Balikpapan Health Mart,Kalimantan,Balikpapan,143,123,123,0,10.1
2024-02-20,P001,Tempra,Fever & Pain,O013,Makassar Prime Pharmacy,Sulawesi,Makassar,107,73,73,0,6.4
2024-02-20,P002,Bodrex Flu & Batuk,Cough & Cold,O013,Makassar Prime Pharmacy,Sulawesi,Makassar,105,63,63,0,6.1
2024-02-20,P003,Hemaviton C1000,Vitamin,O013,Makassar Prime Pharmacy,Sulawesi,Makassar,141,120,120,0,10.1
2024-02-20,P004,Vidoran Smart,Multivitamin,O013,Makassar Prime Pharmacy,Sulawesi,Makassar,127,102,102,0,7.2
2024-02-20,P005,Marina Skin Care,Skin Care,O013,Makassar Prime Pharmacy,Sulawesi,Makassar,113,83,83,0,7.0
2024-02-20,P001,Tempra,Fever & Pain,O014,Makassar Health Mart,Sulawesi,Makassar,93,71,71,0,6.0
2024-02-20,P002,Bodrex Flu & Batuk,Cough & Cold,O014,Makassar Health Mart,Sulawesi,Makassar,140,106,106,0,10.7
2024-02-20,P003,Hemaviton C1000,Vitamin,O014,Makassar Health Mart,Sulawesi,Makassar,122,92,92,0,7.0
2024-02-20,P004,Vidoran Smart,Multivitamin,O014,Makassar Health Mart,Sulawesi,Makassar,161,146,146,0,11.5
2024-02-20,P005,Marina Skin Care,Skin Care,O014,Makassar Health Mart,Sulawesi,Makassar,113,87,87,0,9.1
2024-02-21,P001,Tempra,Fever & Pain,O001,Bandung Prime Pharmacy,Jawa Barat,Bandung,129,103,103,0,9.3
2024-02-21,P002,Bodrex Flu & Batuk,Cough & Cold,O001,Bandung Prime Pharmacy,Jawa Barat,Bandung,130,90,90,0,6.0
2024-02-21,P003,Hemaviton C1000,Vitamin,O001,Bandung Prime Pharmacy,Jawa Barat,Bandung,93,71,71,0,5.2
2024-02-21,P004,Vidoran Smart,Multivitamin,O001,Bandung Prime Pharmacy,Jawa Barat,Bandung,96,65,65,0,4.9
2024-02-21,P005,Marina Skin Care,Skin Care,O001,Bandung Prime Pharmacy,Jawa Barat,Bandung,134,104,104,0,9.5
2024-02-21,P001,Tempra,Fever & Pain,O002,Bandung Health Mart,Jawa Barat,Bandung,126,93,93,0,10.5
2024-02-21,P002,Bodrex Flu & Batuk,Cough & Cold,O002,Bandung Health Mart,Jawa Barat,Bandung,148,119,119,0,10.0
2024-02-21,P003,Hemaviton C1000,Vitamin,O002,Bandung Health Mart,Jawa Barat,Bandung,110,91,91,0,8.7
2024-02-21,P004,Vidoran Smart,Multivitamin,O002,Bandung Health Mart,Jawa Barat,Bandung,83,68,68,0,8.2
2024-02-21,P005,Marina Skin Care,Skin Care,O002,Bandung Health Mart,Jawa Barat,Bandung,137,95,95,0,6.9
2024-02-21,P001,Tempra,Fever & Pain,O003,Bekasi Prime Pharmacy,Jawa Barat,Bekasi,110,90,90,0,8.6
2024-02-21,P002,Bodrex Flu & Batuk,Cough & Cold,O003,Bekasi Prime Pharmacy,Jawa Barat,Bekasi,93,54,54,0,3.8
2024-02-21,P003,Hemaviton C1000,Vitamin,O003,Bekasi Prime Pharmacy,Jawa Barat,Bekasi,147,119,119,0,11.7
2024-02-21,P004,Vidoran Smart,Multivitamin,O003,Bekasi Prime Pharmacy,Jawa Barat,Bekasi,125,102,102,0,10.7
2024-02-21,P005,Marina Skin Care,Skin Care,O003,Bekasi Prime Pharmacy,Jawa Barat,Bekasi,131,104,104,0,8.7
2024-02-21,P001,Tempra,Fever & Pain,O004,Bekasi Health Mart,Jawa Barat,Bekasi,136,101,101,0,12.3
2024-02-21,P002,Bodrex Flu & Batuk,Cough & Cold,O004,Bekasi Health Mart,Jawa Barat,Bekasi,75,60,60,0,6.1
2024-02-21,P003,Hemaviton C1000,Vitamin,O004,Bekasi Health Mart,Jawa Barat,Bekasi,110,69,69,0,8.2
2024-02-21,P004,Vidoran Smart,Multivitamin,O004,Bekasi Health Mart,Jawa Barat,Bekasi,143,103,103,0,12.9
2024-02-21,P005,Marina Skin Care,Skin Care,O004,Bekasi Health Mart,Jawa Barat,Bekasi,164,123,123,0,10.0
2024-02-21,P001,Tempra,Fever & Pain,O005,Surabaya Prime Pharmacy,Jawa Timur,Surabaya,117,104,104,0,7.1
2024-02-21,P002,Bodrex Flu & Batuk,Cough & Cold,O005,Surabaya Prime Pharmacy,Jawa Timur,Surabaya,142,106,106,0,8.0
2024-02-21,P003,Hemaviton C1000,Vitamin,O005,Surabaya Prime Pharmacy,Jawa Timur,Surabaya,137,106,106,0,12.4
2024-02-21,P004,Vidoran Smart,Multivitamin,O005,Surabaya Prime Pharmacy,Jawa Timur,Surabaya,143,123,123,0,11.7
2024-02-21,P005,Marina Skin Care,Skin Care,O005,Surabaya Prime Pharmacy,Jawa Timur,Surabaya,141,102,102,0,10.6
2024-02-21,P001,Tempra,Fever & Pain,O006,Surabaya Health Mart,Jawa Timur,Surabaya,136,123,123,0,9.1
2024-02-21,P002,Bodrex Flu & Batuk,Cough & Cold,O006,Surabaya Health Mart,Jawa Timur,Surabaya,114,91,91,0,11.0
2024-02-21,P003,Hemaviton C1000,Vitamin,O006,Surabaya Health Mart,Jawa Timur,Surabaya,153,113,113,0,8.0
2024-02-21,P004,Vidoran Smart,Multivitamin,O006,Surabaya Health Mart,Jawa Timur,Surabaya,106,78,78,0,7.7
2024-02-21,P005,Marina Skin Care,Skin Care,O006,Surabaya Health Mart,Jawa Timur,Surabaya,72,51,51,0,5.9
2024-02-21,P001,Tempra,Fever & Pain,O007,Semarang Prime Pharmacy,Jawa Tengah,Semarang,123,84,84,0,5.9
2024-02-21,P002,Bodrex Flu & Batuk,Cough & Cold,O007,Semarang Prime Pharmacy,Jawa Tengah,Semarang,93,61,61,0,6.5
2024-02-21,P003,Hemaviton C1000,Vitamin,O007,Semarang Prime Pharmacy,Jawa Tengah,Semarang,85,53,53,0,5.2
2024-02-21,P004,Vidoran Smart,Multivitamin,O007,Semarang Prime Pharmacy,Jawa Tengah,Semarang,148,107,107,0,8.1
2024-02-21,P005,Marina Skin Care,Skin Care,O007,Semarang Prime Pharmacy,Jawa Tengah,Semarang,89,72,72,0,5.8
2024-02-21,P001,Tempra,Fever & Pain,O008,Semarang Health Mart,Jawa Tengah,Semarang,126,109,109,0,9.1
2024-02-21,P002,Bodrex Flu & Batuk,Cough & Cold,O008,Semarang Health Mart,Jawa Tengah,Semarang,152,131,131,0,9.2
2024-02-21,P003,Hemaviton C1000,Vitamin,O008,Semarang Health Mart,Jawa Tengah,Semarang,109,69,69,0,6.3
2024-02-21,P004,Vidoran Smart,Multivitamin,O008,Semarang Health Mart,Jawa Tengah,Semarang,111,93,93,0,7.3
2024-02-21,P005,Marina Skin Care,Skin Care,O008,Semarang Health Mart,Jawa Tengah,Semarang,106,94,94,0,6.9
2024-02-21,P001,Tempra,Fever & Pain,O009,Medan Prime Pharmacy,Sumatera,Medan,158,131,131,0,9.4
2024-02-21,P002,Bodrex Flu & Batuk,Cough & Cold,O009,Medan Prime Pharmacy,Sumatera,Medan,104,81,81,0,7.8
2024-02-21,P003,Hemaviton C1000,Vitamin,O009,Medan Prime Pharmacy,Sumatera,Medan,92,76,76,0,7.9
2024-02-21,P004,Vidoran Smart,Multivitamin,O009,Medan Prime Pharmacy,Sumatera,Medan,113,95,95,0,7.7
2024-02-21,P005,Marina Skin Care,Skin Care,O009,Medan Prime Pharmacy,Sumatera,Medan,136,98,98,0,7.3
2024-02-21,P001,Tempra,Fever & Pain,O010,Medan Health Mart,Sumatera,Medan,114,98,98,0,8.3
2024-02-21,P002,Bodrex Flu & Batuk,Cough & Cold,O010,Medan Health Mart,Sumatera,Medan,122,87,87,0,7.9
2024-02-21,P003,Hemaviton C1000,Vitamin,O010,Medan Health Mart,Sumatera,Medan,106,63,63,0,6.4
2024-02-21,P004,Vidoran Smart,Multivitamin,O010,Medan Health Mart,Sumatera,Medan,161,119,119,0,8.6
2024-02-21,P005,Marina Skin Care,Skin Care,O010,Medan Health Mart,Sumatera,Medan,118,92,92,0,7.3
2024-02-21,P001,Tempra,Fever & Pain,O011,Balikpapan Prime Pharmacy,Kalimantan,Balikpapan,102,87,87,0,6.2
2024-02-21,P002,Bodrex Flu & Batuk,Cough & Cold,O011,Balikpapan Prime Pharmacy,Kalimantan,Balikpapan,131,107,107,0,8.4
2024-02-21,P003,Hemaviton C1000,Vitamin,O011,Balikpapan Prime Pharmacy,Kalimantan,Balikpapan,129,102,102,0,8.2
2024-02-21,P004,Vidoran Smart,Multivitamin,O011,Balikpapan Prime Pharmacy,Kalimantan,Balikpapan,146,117,117,0,11.6
2024-02-21,P005,Marina Skin Care,Skin Care,O011,Balikpapan Prime Pharmacy,Kalimantan,Balikpapan,77,61,61,0,5.7
2024-02-21,P001,Tempra,Fever & Pain,O012,Balikpapan Health Mart,Kalimantan,Balikpapan,124,85,85,0,7.6
2024-02-21,P002,Bodrex Flu & Batuk,Cough & Cold,O012,Balikpapan Health Mart,Kalimantan,Balikpapan,107,86,86,0,5.9
2024-02-21,P003,Hemaviton C1000,Vitamin,O012,Balikpapan Health Mart,Kalimantan,Balikpapan,137,101,101,0,11.0
2024-02-21,P004,Vidoran Smart,Multivitamin,O012,Balikpapan Health Mart,Kalimantan,Balikpapan,134,122,122,0,11.7
2024-02-21,P005,Marina Skin Care,Skin Care,O012,Balikpapan Health Mart,Kalimantan,Balikpapan,121,92,92,0,8.6
2024-02-21,P001,Tempra,Fever & Pain,O013,Makassar Prime Pharmacy,Sulawesi,Makassar,109,78,78,0,6.3
2024-02-21,P002,Bodrex Flu & Batuk,Cough & Cold,O013,Makassar Prime Pharmacy,Sulawesi,Makassar,135,97,97,0,8.3
2024-02-21,P003,Hemaviton C1000,Vitamin,O013,Makassar Prime Pharmacy,Sulawesi,Makassar,84,69,69,0,6.0
2024-02-21,P004,Vidoran Smart,Multivitamin,O013,Makassar Prime Pharmacy,Sulawesi,Makassar,144,115,115,0,8.8
2024-02-21,P005,Marina Skin Care,Skin Care,O013,Makassar Prime Pharmacy,Sulawesi,Makassar,71,51,51,0,4.4
2024-02-21,P001,Tempra,Fever & Pain,O014,Makassar Health Mart,Sulawesi,Makassar,164,149,149,0,12.5
2024-02-21,P002,Bodrex Flu & Batuk,Cough & Cold,O014,Makassar Health Mart,Sulawesi,Makassar,118,79,79,0,5.5
2024-02-21,P003,Hemaviton C1000,Vitamin,O014,Makassar Health Mart,Sulawesi,Makassar,99,67,67,0,4.9
2024-02-21,P004,Vidoran Smart,Multivitamin,O014,Makassar Health Mart,Sulawesi,Makassar,130,89,89,0,8.2
2024-02-21,P005,Marina Skin Care,Skin Care,O014,Makassar Health Mart,Sulawesi,Makassar,136,124,124,0,11.9
2024-02-22,P001,Tempra,Fever & Pain,O001,Bandung Prime Pharmacy,Jawa Barat,Bandung,178,134,134,0,11.8
2024-02-22,P002,Bodrex Flu & Batuk,Cough & Cold,O001,Bandung Prime Pharmacy,Jawa Barat,Bandung,74,37,37,0,3.8
2024-02-22,P003,Hemaviton C1000,Vitamin,O001,Bandung Prime Pharmacy,Jawa Barat,Bandung,102,66,66,0,5.9
2024-02-22,P004,Vidoran Smart,Multivitamin,O001,Bandung Prime Pharmacy,Jawa Barat,Bandung,163,140,140,0,15.8
2024-02-22,P005,Marina Skin Care,Skin Care,O001,Bandung Prime Pharmacy,Jawa Barat,Bandung,174,152,152,0,10.8
2024-02-22,P001,Tempra,Fever & Pain,O002,Bandung Health Mart,Jawa Barat,Bandung,101,84,84,0,6.5
2024-02-22,P002,Bodrex Flu & Batuk,Cough & Cold,O002,Bandung Health Mart,Jawa Barat,Bandung,154,135,135,0,9.9
2024-02-22,P003,Hemaviton C1000,Vitamin,O002,Bandung Health Mart,Jawa Barat,Bandung,140,129,129,0,12.8
2024-02-22,P004,Vidoran Smart,Multivitamin,O002,Bandung Health Mart,Jawa Barat,Bandung,133,93,93,0,7.2
2024-02-22,P005,Marina Skin Care,Skin Care,O002,Bandung Health Mart,Jawa Barat,Bandung,95,55,55,0,3.9
2024-02-22,P001,Tempra,Fever & Pain,O003,Bekasi Prime Pharmacy,Jawa Barat,Bekasi,163,127,127,0,10.5
2024-02-22,P002,Bodrex Flu & Batuk,Cough & Cold,O003,Bekasi Prime Pharmacy,Jawa Barat,Bekasi,156,131,131,0,9.1
2024-02-22,P003,Hemaviton C1000,Vitamin,O003,Bekasi Prime Pharmacy,Jawa Barat,Bekasi,144,114,114,0,9.7
2024-02-22,P004,Vidoran Smart,Multivitamin,O003,Bekasi Prime Pharmacy,Jawa Barat,Bekasi,119,78,78,0,5.9
2024-02-22,P005,Marina Skin Care,Skin Care,O003,Bekasi Prime Pharmacy,Jawa Barat,Bekasi,95,85,85,0,7.5
2024-02-22,P001,Tempra,Fever & Pain,O004,Bekasi Health Mart,Jawa Barat,Bekasi,122,93,93,0,9.4
2024-02-22,P002,Bodrex Flu & Batuk,Cough & Cold,O004,Bekasi Health Mart,Jawa Barat,Bekasi,126,85,85,0,10.2
2024-02-22,P003,Hemaviton C1000,Vitamin,O004,Bekasi Health Mart,Jawa Barat,Bekasi,149,111,111,0,8.3
2024-02-22,P004,Vidoran Smart,Multivitamin,O004,Bekasi Health Mart,Jawa Barat,Bekasi,120,86,86,0,6.4
2024-02-22,P005,Marina Skin Care,Skin Care,O004,Bekasi Health Mart,Jawa Barat,Bekasi,139,102,102,0,8.2
2024-02-22,P001,Tempra,Fever & Pain,O005,Surabaya Prime Pharmacy,Jawa Timur,Surabaya,89,75,75,0,9.0
2024-02-22,P002,Bodrex Flu & Batuk,Cough & Cold,O005,Surabaya Prime Pharmacy,Jawa Timur,Surabaya,65,48,48,0,4.7
2024-02-22,P003,Hemaviton C1000,Vitamin,O005,Surabaya Prime Pharmacy,Jawa Timur,Surabaya,91,60,60,0,4.8
2024-02-22,P004,Vidoran Smart,Multivitamin,O005,Surabaya Prime Pharmacy,Jawa Timur,Surabaya,124,93,93,0,6.4
2024-02-22,P005,Marina Skin Care,Skin Care,O005,Surabaya Prime Pharmacy,Jawa Timur,Surabaya,160,120,120,0,14.8
2024-02-22,P001,Tempra,Fever & Pain,O006,Surabaya Health Mart,Jawa Timur,Surabaya,145,105,105,0,7.4
2024-02-22,P002,Bodrex Flu & Batuk,Cough & Cold,O006,Surabaya Health Mart,Jawa Timur,Surabaya,119,102,102,0,7.8
2024-02-22,P003,Hemaviton C1000,Vitamin,O006,Surabaya Health Mart,Jawa Timur,Surabaya,102,75,75,0,5.5
2024-02-22,P004,Vidoran Smart,Multivitamin,O006,Surabaya Health Mart,Jawa Timur,Surabaya,122,103,103,0,9.8
2024-02-22,P005,Marina Skin Care,Skin Care,O006,Surabaya Health Mart,Jawa Timur,Surabaya,109,86,86,0,10.2
2024-02-22,P001,Tempra,Fever & Pain,O007,Semarang Prime Pharmacy,Jawa Tengah,Semarang,128,117,117,0,11.0
2024-02-22,P002,Bodrex Flu & Batuk,Cough & Cold,O007,Semarang Prime Pharmacy,Jawa Tengah,Semarang,155,120,120,0,11.7
2024-02-22,P003,Hemaviton C1000,Vitamin,O007,Semarang Prime Pharmacy,Jawa Tengah,Semarang,133,95,95,0,6.9
2024-02-22,P004,Vidoran Smart,Multivitamin,O007,Semarang Prime Pharmacy,Jawa Tengah,Semarang,136,99,99,0,10.5
2024-02-22,P005,Marina Skin Care,Skin Care,O007,Semarang Prime Pharmacy,Jawa Tengah,Semarang,105,84,84,0,5.8
2024-02-22,P001,Tempra,Fever & Pain,O008,Semarang Health Mart,Jawa Tengah,Semarang,103,91,91,0,7.3
2024-02-22,P002,Bodrex Flu & Batuk,Cough & Cold,O008,Semarang Health Mart,Jawa Tengah,Semarang,159,114,114,0,7.8
2024-02-22,P003,Hemaviton C1000,Vitamin,O008,Semarang Health Mart,Jawa Tengah,Semarang,110,83,83,0,5.9
2024-02-22,P004,Vidoran Smart,Multivitamin,O008,Semarang Health Mart,Jawa Tengah,Semarang,121,88,88,0,6.7
2024-02-22,P005,Marina Skin Care,Skin Care,O008,Semarang Health Mart,Jawa Tengah,Semarang,144,102,102,0,7.4
2024-02-22,P001,Tempra,Fever & Pain,O009,Medan Prime Pharmacy,Sumatera,Medan,134,124,124,0,13.0
2024-02-22,P002,Bodrex Flu & Batuk,Cough & Cold,O009,Medan Prime Pharmacy,Sumatera,Medan,126,98,98,0,10.2
2024-02-22,P003,Hemaviton C1000,Vitamin,O009,Medan Prime Pharmacy,Sumatera,Medan,109,74,74,0,8.6
2024-02-22,P004,Vidoran Smart,Multivitamin,O009,Medan Prime Pharmacy,Sumatera,Medan,95,71,71,0,6.8
2024-02-22,P005,Marina Skin Care,Skin Care,O009,Medan Prime Pharmacy,Sumatera,Medan,128,109,109,0,8.2
2024-02-22,P001,Tempra,Fever & Pain,O010,Medan Health Mart,Sumatera,Medan,165,120,120,0,8.3
2024-02-22,P002,Bodrex Flu & Batuk,Cough & Cold,O010,Medan Health Mart,Sumatera,Medan,118,97,97,0,8.6
2024-02-22,P003,Hemaviton C1000,Vitamin,O010,Medan Health Mart,Sumatera,Medan,137,123,123,0,9.4
2024-02-22,P004,Vidoran Smart,Multivitamin,O010,Medan Health Mart,Sumatera,Medan,110,80,80,0,7.8
2024-02-22,P005,Marina Skin Care,Skin Care,O010,Medan Health Mart,Sumatera,Medan,110,97,97,0,7.3
2024-02-22,P001,Tempra,Fever & Pain,O011,Balikpapan Prime Pharmacy,Kalimantan,Balikpapan,135,93,93,0,7.0
2024-02-22,P002,Bodrex Flu & Batuk,Cough & Cold,O011,Balikpapan Prime Pharmacy,Kalimantan,Balikpapan,164,127,127,0,9.0
2024-02-22,P003,Hemaviton C1000,Vitamin,O011,Balikpapan Prime Pharmacy,Kalimantan,Balikpapan,73,60,60,0,4.9
2024-02-22,P004,Vidoran Smart,Multivitamin,O011,Balikpapan Prime Pharmacy,Kalimantan,Balikpapan,136,95,95,0,9.5
2024-02-22,P005,Marina Skin Care,Skin Care,O011,Balikpapan Prime Pharmacy,Kalimantan,Balikpapan,86,76,76,0,6.2
2024-02-22,P001,Tempra,Fever & Pain,O012,Balikpapan Health Mart,Kalimantan,Balikpapan,131,100,100,0,7.1
2024-02-22,P002,Bodrex Flu & Batuk,Cough & Cold,O012,Balikpapan Health Mart,Kalimantan,Balikpapan,143,130,130,0,15.1
2024-02-22,P003,Hemaviton C1000,Vitamin,O012,Balikpapan Health Mart,Kalimantan,Balikpapan,92,78,78,0,7.7
2024-02-22,P004,Vidoran Smart,Multivitamin,O012,Balikpapan Health Mart,Kalimantan,Balikpapan,89,70,70,0,5.2
2024-02-22,P005,Marina Skin Care,Skin Care,O012,Balikpapan Health Mart,Kalimantan,Balikpapan,150,105,105,0,8.7
2024-02-22,P001,Tempra,Fever & Pain,O013,Makassar Prime Pharmacy,Sulawesi,Makassar,120,77,77,0,6.8
2024-02-22,P002,Bodrex Flu & Batuk,Cough & Cold,O013,Makassar Prime Pharmacy,Sulawesi,Makassar,120,110,110,0,13.3
2024-02-22,P003,Hemaviton C1000,Vitamin,O013,Makassar Prime Pharmacy,Sulawesi,Makassar,136,124,124,0,10.5
2024-02-22,P004,Vidoran Smart,Multivitamin,O013,Makassar Prime Pharmacy,Sulawesi,Makassar,91,57,57,0,5.9
2024-02-22,P005,Marina Skin Care,Skin Care,O013,Makassar Prime Pharmacy,Sulawesi,Makassar,117,101,101,0,11.9
2024-02-22,P001,Tempra,Fever & Pain,O014,Makassar Health Mart,Sulawesi,Makassar,108,64,64,0,5.0
2024-02-22,P002,Bodrex Flu & Batuk,Cough & Cold,O014,Makassar Health Mart,Sulawesi,Makassar,136,107,107,0,10.6
2024-02-22,P003,Hemaviton C1000,Vitamin,O014,Makassar Health Mart,Sulawesi,Makassar,99,86,86,0,8.5
2024-02-22,P004,Vidoran Smart,Multivitamin,O014,Makassar Health Mart,Sulawesi,Makassar,137,102,102,0,7.6
2024-02-22,P005,Marina Skin Care,Skin Care,O014,Makassar Health Mart,Sulawesi,Makassar,127,88,88,0,10.8
2024-02-23,P001,Tempra,Fever & Pain,O001,Bandung Prime Pharmacy,Jawa Barat,Bandung,119,79,79,0,9.0
2024-02-23,P002,Bodrex Flu & Batuk,Cough & Cold,O001,Bandung Prime Pharmacy,Jawa Barat,Bandung,124,84,84,0,7.8
2024-02-23,P003,Hemaviton C1000,Vitamin,O001,Bandung Prime Pharmacy,Jawa Barat,Bandung,126,97,97,0,11.1
2024-02-23,P004,Vidoran Smart,Multivitamin,O001,Bandung Prime Pharmacy,Jawa Barat,Bandung,126,100,100,0,11.4
2024-02-23,P005,Marina Skin Care,Skin Care,O001,Bandung Prime Pharmacy,Jawa Barat,Bandung,138,127,127,0,9.2
2024-02-23,P001,Tempra,Fever & Pain,O002,Bandung Health Mart,Jawa Barat,Bandung,76,48,48,0,3.7
2024-02-23,P002,Bodrex Flu & Batuk,Cough & Cold,O002,Bandung Health Mart,Jawa Barat,Bandung,172,127,127,0,14.4
2024-02-23,P003,Hemaviton C1000,Vitamin,O002,Bandung Health Mart,Jawa Barat,Bandung,112,99,99,0,7.0
2024-02-23,P004,Vidoran Smart,Multivitamin,O002,Bandung Health Mart,Jawa Barat,Bandung,107,63,63,0,4.8
2024-02-23,P005,Marina Skin Care,Skin Care,O002,Bandung Health Mart,Jawa Barat,Bandung,186,147,147,0,11.2
2024-02-23,P001,Tempra,Fever & Pain,O003,Bekasi Prime Pharmacy,Jawa Barat,Bekasi,119,90,90,0,7.2
2024-02-23,P002,Bodrex Flu & Batuk,Cough & Cold,O003,Bekasi Prime Pharmacy,Jawa Barat,Bekasi,94,60,60,0,6.5
2024-02-23,P003,Hemaviton C1000,Vitamin,O003,Bekasi Prime Pharmacy,Jawa Barat,Bekasi,89,48,48,0,5.0
2024-02-23,P004,Vidoran Smart,Multivitamin,O003,Bekasi Prime Pharmacy,Jawa Barat,Bekasi,123,104,104,0,10.6
2024-02-23,P005,Marina Skin Care,Skin Care,O003,Bekasi Prime Pharmacy,Jawa Barat,Bekasi,107,88,88,0,7.7
2024-02-23,P001,Tempra,Fever & Pain,O004,Bekasi Health Mart,Jawa Barat,Bekasi,157,141,141,0,10.3
2024-02-23,P002,Bodrex Flu & Batuk,Cough & Cold,O004,Bekasi Health Mart,Jawa Barat,Bekasi,129,99,99,0,7.3
2024-02-23,P003,Hemaviton C1000,Vitamin,O004,Bekasi Health Mart,Jawa Barat,Bekasi,123,90,90,0,6.5
2024-02-23,P004,Vidoran Smart,Multivitamin,O004,Bekasi Health Mart,Jawa Barat,Bekasi,98,70,70,0,6.0
2024-02-23,P005,Marina Skin Care,Skin Care,O004,Bekasi Health Mart,Jawa Barat,Bekasi,129,99,99,0,7.3
2024-02-23,P001,Tempra,Fever & Pain,O005,Surabaya Prime Pharmacy,Jawa Timur,Surabaya,87,64,64,0,6.5
2024-02-23,P002,Bodrex Flu & Batuk,Cough & Cold,O005,Surabaya Prime Pharmacy,Jawa Timur,Surabaya,94,68,68,0,6.1
2024-02-23,P003,Hemaviton C1000,Vitamin,O005,Surabaya Prime Pharmacy,Jawa Timur,Surabaya,145,133,133,0,12.4
2024-02-23,P004,Vidoran Smart,Multivitamin,O005,Surabaya Prime Pharmacy,Jawa Timur,Surabaya,90,80,80,0,7.4
2024-02-23,P005,Marina Skin Care,Skin Care,O005,Surabaya Prime Pharmacy,Jawa Timur,Surabaya,136,95,95,0,8.4
2024-02-23,P001,Tempra,Fever & Pain,O006,Surabaya Health Mart,Jawa Timur,Surabaya,127,95,95,0,10.6
2024-02-23,P002,Bodrex Flu & Batuk,Cough & Cold,O006,Surabaya Health Mart,Jawa Timur,Surabaya,138,95,95,0,7.1
2024-02-23,P003,Hemaviton C1000,Vitamin,O006,Surabaya Health Mart,Jawa Timur,Surabaya,162,132,132,0,13.1
2024-02-23,P004,Vidoran Smart,Multivitamin,O006,Surabaya Health Mart,Jawa Timur,Surabaya,146,106,106,0,9.3
2024-02-23,P005,Marina Skin Care,Skin Care,O006,Surabaya Health Mart,Jawa Timur,Surabaya,116,95,95,0,11.3
2024-02-23,P001,Tempra,Fever & Pain,O007,Semarang Prime Pharmacy,Jawa Tengah,Semarang,92,63,63,0,6.7
2024-02-23,P002,Bodrex Flu & Batuk,Cough & Cold,O007,Semarang Prime Pharmacy,Jawa Tengah,Semarang,89,57,57,0,5.3
2024-02-23,P003,Hemaviton C1000,Vitamin,O007,Semarang Prime Pharmacy,Jawa Tengah,Semarang,113,103,103,0,8.0
2024-02-23,P004,Vidoran Smart,Multivitamin,O007,Semarang Prime Pharmacy,Jawa Tengah,Semarang,99,81,81,0,8.2
2024-02-23,P005,Marina Skin Care,Skin Care,O007,Semarang Prime Pharmacy,Jawa Tengah,Semarang,129,93,93,0,6.7
2024-02-23,P001,Tempra,Fever & Pain,O008,Semarang Health Mart,Jawa Tengah,Semarang,130,110,110,0,9.0
2024-02-23,P002,Bodrex Flu & Batuk,Cough & Cold,O008,Semarang Health Mart,Jawa Tengah,Semarang,143,110,110,0,13.4
2024-02-23,P003,Hemaviton C1000,Vitamin,O008,Semarang Health Mart,Jawa Tengah,Semarang,159,116,116,0,9.1
2024-02-23,P004,Vidoran Smart,Multivitamin,O008,Semarang Health Mart,Jawa Tengah,Semarang,120,101,101,0,7.9
2024-02-23,P005,Marina Skin Care,Skin Care,O008,Semarang Health Mart,Jawa Tengah,Semarang,138,104,104,0,7.0
2024-02-23,P001,Tempra,Fever & Pain,O009,Medan Prime Pharmacy,Sumatera,Medan,140,100,100,0,7.0
2024-02-23,P002,Bodrex Flu & Batuk,Cough & Cold,O009,Medan Prime Pharmacy,Sumatera,Medan,83,67,67,0,7.5
2024-02-23,P003,Hemaviton C1000,Vitamin,O009,Medan Prime Pharmacy,Sumatera,Medan,137,108,108,0,8.4
2024-02-23,P004,Vidoran Smart,Multivitamin,O009,Medan Prime Pharmacy,Sumatera,Medan,100,70,70,0,5.2
2024-02-23,P005,Marina Skin Care,Skin Care,O009,Medan Prime Pharmacy,Sumatera,Medan,140,96,96,0,7.3
2024-02-23,P001,Tempra,Fever & Pain,O010,Medan Health Mart,Sumatera,Medan,62,52,52,0,5.9
2024-02-23,P002,Bodrex Flu & Batuk,Cough & Cold,O010,Medan Health Mart,Sumatera,Medan,178,134,134,0,11.0
2024-02-23,P003,Hemaviton C1000,Vitamin,O010,Medan Health Mart,Sumatera,Medan,150,114,114,0,12.0
2024-02-23,P004,Vidoran Smart,Multivitamin,O010,Medan Health Mart,Sumatera,Medan,127,91,91,0,11.3
2024-02-23,P005,Marina Skin Care,Skin Care,O010,Medan Health Mart,Sumatera,Medan,93,60,60,0,4.4
2024-02-23,P001,Tempra,Fever & Pain,O011,Balikpapan Prime Pharmacy,Kalimantan,Balikpapan,157,122,122,0,8.5
2024-02-23,P002,Bodrex Flu & Batuk,Cough & Cold,O011,Balikpapan Prime Pharmacy,Kalimantan,Balikpapan,135,113,113,0,7.7
2024-02-23,P003,Hemaviton C1000,Vitamin,O011,Balikpapan Prime Pharmacy,Kalimantan,Balikpapan,121,93,93,0,7.4
2024-02-23,P004,Vidoran Smart,Multivitamin,O011,Balikpapan Prime Pharmacy,Kalimantan,Balikpapan,116,102,102,0,7.2
2024-02-23,P005,Marina Skin Care,Skin Care,O011,Balikpapan Prime Pharmacy,Kalimantan,Balikpapan,161,127,127,0,9.1
2024-02-23,P001,Tempra,Fever & Pain,O012,Balikpapan Health Mart,Kalimantan,Balikpapan,185,144,144,0,15.3
2024-02-23,P002,Bodrex Flu & Batuk,Cough & Cold,O012,Balikpapan Health Mart,Kalimantan,Balikpapan,115,71,71,0,6.0
2024-02-23,P003,Hemaviton C1000,Vitamin,O012,Balikpapan Health Mart,Kalimantan,Balikpapan,146,114,114,0,7.6
2024-02-23,P004,Vidoran Smart,Multivitamin,O012,Balikpapan Health Mart,Kalimantan,Balikpapan,110,73,73,0,8.5
2024-02-23,P005,Marina Skin Care,Skin Care,O012,Balikpapan Health Mart,Kalimantan,Balikpapan,131,90,90,0,9.5
2024-02-23,P001,Tempra,Fever & Pain,O013,Makassar Prime Pharmacy,Sulawesi,Makassar,139,115,115,0,11.7
2024-02-23,P002,Bodrex Flu & Batuk,Cough & Cold,O013,Makassar Prime Pharmacy,Sulawesi,Makassar,114,86,86,0,6.3
2024-02-23,P003,Hemaviton C1000,Vitamin,O013,Makassar Prime Pharmacy,Sulawesi,Makassar,143,101,101,0,7.8
2024-02-23,P004,Vidoran Smart,Multivitamin,O013,Makassar Prime Pharmacy,Sulawesi,Makassar,95,53,53,0,3.6
2024-02-23,P005,Marina Skin Care,Skin Care,O013,Makassar Prime Pharmacy,Sulawesi,Makassar,95,85,85,0,10.0
2024-02-23,P001,Tempra,Fever & Pain,O014,Makassar Health Mart,Sulawesi,Makassar,68,52,52,0,5.0
2024-02-23,P002,Bodrex Flu & Batuk,Cough & Cold,O014,Makassar Health Mart,Sulawesi,Makassar,73,52,52,0,5.7
2024-02-23,P003,Hemaviton C1000,Vitamin,O014,Makassar Health Mart,Sulawesi,Makassar,103,85,85,0,6.8
2024-02-23,P004,Vidoran Smart,Multivitamin,O014,Makassar Health Mart,Sulawesi,Makassar,176,139,139,0,12.7
2024-02-23,P005,Marina Skin Care,Skin Care,O014,Makassar Health Mart,Sulawesi,Makassar,121,102,102,0,10.6
2024-02-24,P001,Tempra,Fever & Pain,O001,Bandung Prime Pharmacy,Jawa Barat,Bandung,83,67,67,0,4.8
2024-02-24,P002,Bodrex Flu & Batuk,Cough & Cold,O001,Bandung Prime Pharmacy,Jawa Barat,Bandung,140,129,129,0,10.0
2024-02-24,P003,Hemaviton C1000,Vitamin,O001,Bandung Prime Pharmacy,Jawa Barat,Bandung,95,76,76,0,7.7
2024-02-24,P004,Vidoran Smart,Multivitamin,O001,Bandung Prime Pharmacy,Jawa Barat,Bandung,93,59,59,0,6.8
2024-02-24,P005,Marina Skin Care,Skin Care,O001,Bandung Prime Pharmacy,Jawa Barat,Bandung,111,89,89,0,10.0
2024-02-24,P001,Tempra,Fever & Pain,O002,Bandung Health Mart,Jawa Barat,Bandung,123,99,99,0,7.1
2024-02-24,P002,Bodrex Flu & Batuk,Cough & Cold,O002,Bandung Health Mart,Jawa Barat,Bandung,119,107,107,0,12.4
2024-02-24,P003,Hemaviton C1000,Vitamin,O002,Bandung Health Mart,Jawa Barat,Bandung,111,95,95,0,10.4
2024-02-24,P004,Vidoran Smart,Multivitamin,O002,Bandung Health Mart,Jawa Barat,Bandung,117,91,91,0,7.5
2024-02-24,P005,Marina Skin Care,Skin Care,O002,Bandung Health Mart,Jawa Barat,Bandung,94,81,81,0,5.7
2024-02-24,P001,Tempra,Fever & Pain,O003,Bekasi Prime Pharmacy,Jawa Barat,Bekasi,120,103,103,0,7.9
2024-02-24,P002,Bodrex Flu & Batuk,Cough & Cold,O003,Bekasi Prime Pharmacy,Jawa Barat,Bekasi,180,137,137,0,12.0
2024-02-24,P003,Hemaviton C1000,Vitamin,O003,Bekasi Prime Pharmacy,Jawa Barat,Bekasi,127,94,94,0,7.8
2024-02-24,P004,Vidoran Smart,Multivitamin,O003,Bekasi Prime Pharmacy,Jawa Barat,Bekasi,113,69,69,0,5.2
2024-02-24,P005,Marina Skin Care,Skin Care,O003,Bekasi Prime Pharmacy,Jawa Barat,Bekasi,111,71,71,0,7.7
2024-02-24,P001,Tempra,Fever & Pain,O004,Bekasi Health Mart,Jawa Barat,Bekasi,111,96,96,0,9.5
2024-02-24,P002,Bodrex Flu & Batuk,Cough & Cold,O004,Bekasi Health Mart,Jawa Barat,Bekasi,93,80,80,0,7.0
2024-02-24,P003,Hemaviton C1000,Vitamin,O004,Bekasi Health Mart,Jawa Barat,Bekasi,112,93,93,0,6.7
2024-02-24,P004,Vidoran Smart,Multivitamin,O004,Bekasi Health Mart,Jawa Barat,Bekasi,161,122,122,0,10.4
2024-02-24,P005,Marina Skin Care,Skin Care,O004,Bekasi Health Mart,Jawa Barat,Bekasi,93,67,67,0,6.9
2024-02-24,P001,Tempra,Fever & Pain,O005,Surabaya Prime Pharmacy,Jawa Timur,Surabaya,103,72,72,0,5.0
2024-02-24,P002,Bodrex Flu & Batuk,Cough & Cold,O005,Surabaya Prime Pharmacy,Jawa Timur,Surabaya,131,94,94,0,9.4
2024-02-24,P003,Hemaviton C1000,Vitamin,O005,Surabaya Prime Pharmacy,Jawa Timur,Surabaya,94,57,57,0,4.8
2024-02-24,P004,Vidoran Smart,Multivitamin,O005,Surabaya Prime Pharmacy,Jawa Timur,Surabaya,123,83,83,0,8.5
2024-02-24,P005,Marina Skin Care,Skin Care,O005,Surabaya Prime Pharmacy,Jawa Timur,Surabaya,77,66,66,0,5.8
2024-02-24,P001,Tempra,Fever & Pain,O006,Surabaya Health Mart,Jawa Timur,Surabaya,79,69,69,0,7.8
2024-02-24,P002,Bodrex Flu & Batuk,Cough & Cold,O006,Surabaya Health Mart,Jawa Timur,Surabaya,83,55,55,0,4.0
2024-02-24,P003,Hemaviton C1000,Vitamin,O006,Surabaya Health Mart,Jawa Timur,Surabaya,163,130,130,0,9.0
2024-02-24,P004,Vidoran Smart,Multivitamin,O006,Surabaya Health Mart,Jawa Timur,Surabaya,128,87,87,0,7.3
2024-02-24,P005,Marina Skin Care,Skin Care,O006,Surabaya Health Mart,Jawa Timur,Surabaya,131,104,104,0,11.6
2024-02-24,P001,Tempra,Fever & Pain,O007,Semarang Prime Pharmacy,Jawa Tengah,Semarang,137,100,100,0,6.9
2024-02-24,P002,Bodrex Flu & Batuk,Cough & Cold,O007,Semarang Prime Pharmacy,Jawa Tengah,Semarang,148,113,113,0,9.4
2024-02-24,P003,Hemaviton C1000,Vitamin,O007,Semarang Prime Pharmacy,Jawa Tengah,Semarang,145,113,113,0,7.7
2024-02-24,P004,Vidoran Smart,Multivitamin,O007,Semarang Prime Pharmacy,Jawa Tengah,Semarang,151,126,126,0,8.6
2024-02-24,P005,Marina Skin Care,Skin Care,O007,Semarang Prime Pharmacy,Jawa Tengah,Semarang,148,119,119,0,14.3
2024-02-24,P001,Tempra,Fever & Pain,O008,Semarang Health Mart,Jawa Tengah,Semarang,122,79,79,0,7.8
2024-02-24,P002,Bodrex Flu & Batuk,Cough & Cold,O008,Semarang Health Mart,Jawa Tengah,Semarang,111,93,93,0,6.2
2024-02-24,P003,Hemaviton C1000,Vitamin,O008,Semarang Health Mart,Jawa Tengah,Semarang,127,84,84,0,9.8
2024-02-24,P004,Vidoran Smart,Multivitamin,O008,Semarang Health Mart,Jawa Tengah,Semarang,160,118,118,0,10.1
2024-02-24,P005,Marina Skin Care,Skin Care,O008,Semarang Health Mart,Jawa Tengah,Semarang,112,89,89,0,9.1
2024-02-24,P001,Tempra,Fever & Pain,O009,Medan Prime Pharmacy,Sumatera,Medan,146,128,128,0,10.3
2024-02-24,P002,Bodrex Flu & Batuk,Cough & Cold,O009,Medan Prime Pharmacy,Sumatera,Medan,63,35,35,0,4.0
2024-02-24,P003,Hemaviton C1000,Vitamin,O009,Medan Prime Pharmacy,Sumatera,Medan,115,82,82,0,5.6
2024-02-24,P004,Vidoran Smart,Multivitamin,O009,Medan Prime Pharmacy,Sumatera,Medan,137,108,108,0,8.0
2024-02-24,P005,Marina Skin Care,Skin Care,O009,Medan Prime Pharmacy,Sumatera,Medan,146,117,117,0,13.9
2024-02-24,P001,Tempra,Fever & Pain,O010,Medan Health Mart,Sumatera,Medan,109,70,70,0,4.8
2024-02-24,P002,Bodrex Flu & Batuk,Cough & Cold,O010,Medan Health Mart,Sumatera,Medan,119,79,79,0,7.2
2024-02-24,P003,Hemaviton C1000,Vitamin,O010,Medan Health Mart,Sumatera,Medan,96,78,78,0,7.7
2024-02-24,P004,Vidoran Smart,Multivitamin,O010,Medan Health Mart,Sumatera,Medan,119,89,89,0,7.8
2024-02-24,P005,Marina Skin Care,Skin Care,O010,Medan Health Mart,Sumatera,Medan,89,69,69,0,6.7
2024-02-24,P001,Tempra,Fever & Pain,O011,Balikpapan Prime Pharmacy,Kalimantan,Balikpapan,69,44,44,0,5.5
2024-02-24,P002,Bodrex Flu & Batuk,Cough & Cold,O011,Balikpapan Prime Pharmacy,Kalimantan,Balikpapan,110,97,97,0,8.1
2024-02-24,P003,Hemaviton C1000,Vitamin,O011,Balikpapan Prime Pharmacy,Kalimantan,Balikpapan,129,101,101,0,9.8
2024-02-24,P004,Vidoran Smart,Multivitamin,O011,Balikpapan Prime Pharmacy,Kalimantan,Balikpapan,157,115,115,0,8.1
2024-02-24,P005,Marina Skin Care,Skin Care,O011,Balikpapan Prime Pharmacy,Kalimantan,Balikpapan,105,92,92,0,10.4
2024-02-24,P001,Tempra,Fever & Pain,O012,Balikpapan Health Mart,Kalimantan,Balikpapan,154,122,122,0,12.1
2024-02-24,P002,Bodrex Flu & Batuk,Cough & Cold,O012,Balikpapan Health Mart,Kalimantan,Balikpapan,152,130,130,0,12.8
2024-02-24,P003,Hemaviton C1000,Vitamin,O012,Balikpapan Health Mart,Kalimantan,Balikpapan,76,55,55,0,4.0
2024-02-24,P004,Vidoran Smart,Multivitamin,O012,Balikpapan Health Mart,Kalimantan,Balikpapan,124,79,79,0,9.7
2024-02-24,P005,Marina Skin Care,Skin Care,O012,Balikpapan Health Mart,Kalimantan,Balikpapan,132,96,96,0,6.8
2024-02-24,P001,Tempra,Fever & Pain,O013,Makassar Prime Pharmacy,Sulawesi,Makassar,64,52,52,0,5.9
2024-02-24,P002,Bodrex Flu & Batuk,Cough & Cold,O013,Makassar Prime Pharmacy,Sulawesi,Makassar,127,97,97,0,7.1
2024-02-24,P003,Hemaviton C1000,Vitamin,O013,Makassar Prime Pharmacy,Sulawesi,Makassar,133,109,109,0,13.2
2024-02-24,P004,Vidoran Smart,Multivitamin,O013,Makassar Prime Pharmacy,Sulawesi,Makassar,130,98,98,0,11.7
2024-02-24,P005,Marina Skin Care,Skin Care,O013,Makassar Prime Pharmacy,Sulawesi,Makassar,109,99,99,0,7.2
2024-02-24,P001,Tempra,Fever & Pain,O014,Makassar Health Mart,Sulawesi,Makassar,162,122,122,0,12.4
2024-02-24,P002,Bodrex Flu & Batuk,Cough & Cold,O014,Makassar Health Mart,Sulawesi,Makassar,131,99,99,0,9.1
2024-02-24,P003,Hemaviton C1000,Vitamin,O014,Makassar Health Mart,Sulawesi,Makassar,80,69,69,0,7.5
2024-02-24,P004,Vidoran Smart,Multivitamin,O014,Makassar Health Mart,Sulawesi,Makassar,97,68,68,0,7.7
2024-02-24,P005,Marina Skin Care,Skin Care,O014,Makassar Health Mart,Sulawesi,Makassar,125,99,99,0,11.8
2024-02-25,P001,Tempra,Fever & Pain,O001,Bandung Prime Pharmacy,Jawa Barat,Bandung,139,97,97,0,7.8
2024-02-25,P002,Bodrex Flu & Batuk,Cough & Cold,O001,Bandung Prime Pharmacy,Jawa Barat,Bandung,91,59,59,0,7.4
2024-02-25,P003,Hemaviton C1000,Vitamin,O001,Bandung Prime Pharmacy,Jawa Barat,Bandung,97,56,56,0,6.7
2024-02-25,P004,Vidoran Smart,Multivitamin,O001,Bandung Prime Pharmacy,Jawa Barat,Bandung,114,83,83,0,6.9
2024-02-25,P005,Marina Skin Care,Skin Care,O001,Bandung Prime Pharmacy,Jawa Barat,Bandung,108,86,86,0,7.8
2024-02-25,P001,Tempra,Fever & Pain,O002,Bandung Health Mart,Jawa Barat,Bandung,112,92,92,0,10.0
2024-02-25,P002,Bodrex Flu & Batuk,Cough & Cold,O002,Bandung Health Mart,Jawa Barat,Bandung,138,98,98,0,11.7
2024-02-25,P003,Hemaviton C1000,Vitamin,O002,Bandung Health Mart,Jawa Barat,Bandung,125,108,108,0,7.2
2024-02-25,P004,Vidoran Smart,Multivitamin,O002,Bandung Health Mart,Jawa Barat,Bandung,109,73,73,0,6.8
2024-02-25,P005,Marina Skin Care,Skin Care,O002,Bandung Health Mart,Jawa Barat,Bandung,134,117,117,0,10.3
2024-02-25,P001,Tempra,Fever & Pain,O003,Bekasi Prime Pharmacy,Jawa Barat,Bekasi,90,60,60,0,7.0
2024-02-25,P002,Bodrex Flu & Batuk,Cough & Cold,O003,Bekasi Prime Pharmacy,Jawa Barat,Bekasi,107,80,80,0,6.0
2024-02-25,P003,Hemaviton C1000,Vitamin,O003,Bekasi Prime Pharmacy,Jawa Barat,Bekasi,116,92,92,0,10.6
2024-02-25,P004,Vidoran Smart,Multivitamin,O003,Bekasi Prime Pharmacy,Jawa Barat,Bekasi,99,58,58,0,6.8
2024-02-25,P005,Marina Skin Care,Skin Care,O003,Bekasi Prime Pharmacy,Jawa Barat,Bekasi,202,169,169,0,18.7
2024-02-25,P001,Tempra,Fever & Pain,O004,Bekasi Health Mart,Jawa Barat,Bekasi,123,78,78,0,7.5
2024-02-25,P002,Bodrex Flu & Batuk,Cough & Cold,O004,Bekasi Health Mart,Jawa Barat,Bekasi,143,108,108,0,7.7
2024-02-25,P003,Hemaviton C1000,Vitamin,O004,Bekasi Health Mart,Jawa Barat,Bekasi,141,107,107,0,9.0
2024-02-25,P004,Vidoran Smart,Multivitamin,O004,Bekasi Health Mart,Jawa Barat,Bekasi,89,75,75,0,6.1
2024-02-25,P005,Marina Skin Care,Skin Care,O004,Bekasi Health Mart,Jawa Barat,Bekasi,117,89,89,0,6.8
2024-02-25,P001,Tempra,Fever & Pain,O005,Surabaya Prime Pharmacy,Jawa Timur,Surabaya,53,21,21,0,2.2
2024-02-25,P002,Bodrex Flu & Batuk,Cough & Cold,O005,Surabaya Prime Pharmacy,Jawa Timur,Surabaya,94,61,61,0,4.1
2024-02-25,P003,Hemaviton C1000,Vitamin,O005,Surabaya Prime Pharmacy,Jawa Timur,Surabaya,184,141,141,0,15.0
2024-02-25,P004,Vidoran Smart,Multivitamin,O005,Surabaya Prime Pharmacy,Jawa Timur,Surabaya,98,60,60,0,4.6
2024-02-25,P005,Marina Skin Care,Skin Care,O005,Surabaya Prime Pharmacy,Jawa Timur,Surabaya,146,103,103,0,7.1
2024-02-25,P001,Tempra,Fever & Pain,O006,Surabaya Health Mart,Jawa Timur,Surabaya,126,106,106,0,7.4
2024-02-25,P002,Bodrex Flu & Batuk,Cough & Cold,O006,Surabaya Health Mart,Jawa Timur,Surabaya,96,84,84,0,10.2
2024-02-25,P003,Hemaviton C1000,Vitamin,O006,Surabaya Health Mart,Jawa Timur,Surabaya,92,79,79,0,8.2
2024-02-25,P004,Vidoran Smart,Multivitamin,O006,Surabaya Health Mart,Jawa Timur,Surabaya,139,98,98,0,7.9
2024-02-25,P005,Marina Skin Care,Skin Care,O006,Surabaya Health Mart,Jawa Timur,Surabaya,120,82,82,0,8.4
2024-02-25,P001,Tempra,Fever & Pain,O007,Semarang Prime Pharmacy,Jawa Tengah,Semarang,156,115,115,0,11.4
2024-02-25,P002,Bodrex Flu & Batuk,Cough & Cold,O007,Semarang Prime Pharmacy,Jawa Tengah,Semarang,100,63,63,0,5.0
2024-02-25,P003,Hemaviton C1000,Vitamin,O007,Semarang Prime Pharmacy,Jawa Tengah,Semarang,137,117,117,0,10.8
2024-02-25,P004,Vidoran Smart,Multivitamin,O007,Semarang Prime Pharmacy,Jawa Tengah,Semarang,108,85,85,0,9.2
2024-02-25,P005,Marina Skin Care,Skin Care,O007,Semarang Prime Pharmacy,Jawa Tengah,Semarang,93,54,54,0,3.8
2024-02-25,P001,Tempra,Fever & Pain,O008,Semarang Health Mart,Jawa Tengah,Semarang,125,97,97,0,7.4
2024-02-25,P002,Bodrex Flu & Batuk,Cough & Cold,O008,Semarang Health Mart,Jawa Tengah,Semarang,95,71,71,0,4.8
2024-02-25,P003,Hemaviton C1000,Vitamin,O008,Semarang Health Mart,Jawa Tengah,Semarang,86,60,60,0,6.7
2024-02-25,P004,Vidoran Smart,Multivitamin,O008,Semarang Health Mart,Jawa Tengah,Semarang,142,100,100,0,7.0
2024-02-25,P005,Marina Skin Care,Skin Care,O008,Semarang Health Mart,Jawa Tengah,Semarang,136,96,96,0,11.2
2024-02-25,P001,Tempra,Fever & Pain,O009,Medan Prime Pharmacy,Sumatera,Medan,84,45,45,0,4.3
2024-02-25,P002,Bodrex Flu & Batuk,Cough & Cold,O009,Medan Prime Pharmacy,Sumatera,Medan,132,105,105,0,7.3
2024-02-25,P003,Hemaviton C1000,Vitamin,O009,Medan Prime Pharmacy,Sumatera,Medan,124,108,108,0,13.3
2024-02-25,P004,Vidoran Smart,Multivitamin,O009,Medan Prime Pharmacy,Sumatera,Medan,145,110,110,0,9.1
2024-02-25,P005,Marina Skin Care,Skin Care,O009,Medan Prime Pharmacy,Sumatera,Medan,161,120,120,0,11.4
2024-02-25,P001,Tempra,Fever & Pain,O010,Medan Health Mart,Sumatera,Medan,140,111,111,0,12.0
2024-02-25,P002,Bodrex Flu & Batuk,Cough & Cold,O010,Medan Health Mart,Sumatera,Medan,111,78,78,0,6.5
2024-02-25,P003,Hemaviton C1000,Vitamin,O010,Medan Health Mart,Sumatera,Medan,131,121,121,0,12.8
2024-02-25,P004,Vidoran Smart,Multivitamin,O010,Medan Health Mart,Sumatera,Medan,141,110,110,0,12.9
2024-02-25,P005,Marina Skin Care,Skin Care,O010,Medan Health Mart,Sumatera,Medan,103,63,63,0,7.8
2024-02-25,P001,Tempra,Fever & Pain,O011,Balikpapan Prime Pharmacy,Kalimantan,Balikpapan,118,104,104,0,7.0
2024-02-25,P002,Bodrex Flu & Batuk,Cough & Cold,O011,Balikpapan Prime Pharmacy,Kalimantan,Balikpapan,117,102,102,0,9.9
2024-02-25,P003,Hemaviton C1000,Vitamin,O011,Balikpapan Prime Pharmacy,Kalimantan,Balikpapan,116,78,78,0,7.4
2024-02-25,P004,Vidoran Smart,Multivitamin,O011,Balikpapan Prime Pharmacy,Kalimantan,Balikpapan,110,83,83,0,9.8
2024-02-25,P005,Marina Skin Care,Skin Care,O011,Balikpapan Prime Pharmacy,Kalimantan,Balikpapan,127,93,93,0,10.8
2024-02-25,P001,Tempra,Fever & Pain,O012,Balikpapan Health Mart,Kalimantan,Balikpapan,68,42,42,0,2.9
2024-02-25,P002,Bodrex Flu & Batuk,Cough & Cold,O012,Balikpapan Health Mart,Kalimantan,Balikpapan,121,82,82,0,7.9
2024-02-25,P003,Hemaviton C1000,Vitamin,O012,Balikpapan Health Mart,Kalimantan,Balikpapan,142,104,104,0,7.0
2024-02-25,P004,Vidoran Smart,Multivitamin,O012,Balikpapan Health Mart,Kalimantan,Balikpapan,138,110,110,0,10.9
2024-02-25,P005,Marina Skin Care,Skin Care,O012,Balikpapan Health Mart,Kalimantan,Balikpapan,144,126,126,0,13.1
2024-02-25,P001,Tempra,Fever & Pain,O013,Makassar Prime Pharmacy,Sulawesi,Makassar,154,110,110,0,8.5
2024-02-25,P002,Bodrex Flu & Batuk,Cough & Cold,O013,Makassar Prime Pharmacy,Sulawesi,Makassar,124,114,114,0,8.1
2024-02-25,P003,Hemaviton C1000,Vitamin,O013,Makassar Prime Pharmacy,Sulawesi,Makassar,137,101,101,0,10.0
2024-02-25,P004,Vidoran Smart,Multivitamin,O013,Makassar Prime Pharmacy,Sulawesi,Makassar,98,81,81,0,5.9
2024-02-25,P005,Marina Skin Care,Skin Care,O013,Makassar Prime Pharmacy,Sulawesi,Makassar,116,95,95,0,6.4
2024-02-25,P001,Tempra,Fever & Pain,O014,Makassar Health Mart,Sulawesi,Makassar,131,93,93,0,6.3
2024-02-25,P002,Bodrex Flu & Batuk,Cough & Cold,O014,Makassar Health Mart,Sulawesi,Makassar,158,129,129,0,9.7
2024-02-25,P003,Hemaviton C1000,Vitamin,O014,Makassar Health Mart,Sulawesi,Makassar,68,29,29,0,3.5
2024-02-25,P004,Vidoran Smart,Multivitamin,O014,Makassar Health Mart,Sulawesi,Makassar,126,109,109,0,8.1
2024-02-25,P005,Marina Skin Care,Skin Care,O014,Makassar Health Mart,Sulawesi,Makassar,103,77,77,0,7.3
2024-02-26,P001,Tempra,Fever & Pain,O001,Bandung Prime Pharmacy,Jawa Barat,Bandung,93,73,73,0,5.2
2024-02-26,P002,Bodrex Flu & Batuk,Cough & Cold,O001,Bandung Prime Pharmacy,Jawa Barat,Bandung,158,146,146,0,14.2
2024-02-26,P003,Hemaviton C1000,Vitamin,O001,Bandung Prime Pharmacy,Jawa Barat,Bandung,122,97,97,0,8.7
2024-02-26,P004,Vidoran Smart,Multivitamin,O001,Bandung Prime Pharmacy,Jawa Barat,Bandung,166,129,129,0,13.8
2024-02-26,P005,Marina Skin Care,Skin Care,O001,Bandung Prime Pharmacy,Jawa Barat,Bandung,141,100,100,0,12.0
2024-02-26,P001,Tempra,Fever & Pain,O002,Bandung Health Mart,Jawa Barat,Bandung,155,113,113,0,11.5
2024-02-26,P002,Bodrex Flu & Batuk,Cough & Cold,O002,Bandung Health Mart,Jawa Barat,Bandung,141,105,105,0,12.5
2024-02-26,P003,Hemaviton C1000,Vitamin,O002,Bandung Health Mart,Jawa Barat,Bandung,137,110,110,0,8.7
2024-02-26,P004,Vidoran Smart,Multivitamin,O002,Bandung Health Mart,Jawa Barat,Bandung,111,90,90,0,7.1
2024-02-26,P005,Marina Skin Care,Skin Care,O002,Bandung Health Mart,Jawa Barat,Bandung,108,87,87,0,10.4
2024-02-26,P001,Tempra,Fever & Pain,O003,Bekasi Prime Pharmacy,Jawa Barat,Bekasi,110,78,78,0,5.7
2024-02-26,P002,Bodrex Flu & Batuk,Cough & Cold,O003,Bekasi Prime Pharmacy,Jawa Barat,Bekasi,77,54,54,0,4.7
2024-02-26,P003,Hemaviton C1000,Vitamin,O003,Bekasi Prime Pharmacy,Jawa Barat,Bekasi,104,89,89,0,7.6
2024-02-26,P004,Vidoran Smart,Multivitamin,O003,Bekasi Prime Pharmacy,Jawa Barat,Bekasi,138,116,116,0,11.3
2024-02-26,P005,Marina Skin Care,Skin Care,O003,Bekasi Prime Pharmacy,Jawa Barat,Bekasi,102,86,86,0,9.6
2024-02-26,P001,Tempra,Fever & Pain,O004,Bekasi Health Mart,Jawa Barat,Bekasi,160,124,124,0,9.2
2024-02-26,P002,Bodrex Flu & Batuk,Cough & Cold,O004,Bekasi Health Mart,Jawa Barat,Bekasi,130,97,97,0,8.5
2024-02-26,P003,Hemaviton C1000,Vitamin,O004,Bekasi Health Mart,Jawa Barat,Bekasi,127,104,104,0,12.9
2024-02-26,P004,Vidoran Smart,Multivitamin,O004,Bekasi Health Mart,Jawa Barat,Bekasi,132,103,103,0,8.2
2024-02-26,P005,Marina Skin Care,Skin Care,O004,Bekasi Health Mart,Jawa Barat,Bekasi,100,86,86,0,10.5
2024-02-26,P001,Tempra,Fever & Pain,O005,Surabaya Prime Pharmacy,Jawa Timur,Surabaya,108,82,82,0,8.4
2024-02-26,P002,Bodrex Flu & Batuk,Cough & Cold,O005,Surabaya Prime Pharmacy,Jawa Timur,Surabaya,94,79,79,0,9.8
2024-02-26,P003,Hemaviton C1000,Vitamin,O005,Surabaya Prime Pharmacy,Jawa Timur,Surabaya,84,74,74,0,9.2
2024-02-26,P004,Vidoran Smart,Multivitamin,O005,Surabaya Prime Pharmacy,Jawa Timur,Surabaya,84,51,51,0,5.0
2024-02-26,P005,Marina Skin Care,Skin Care,O005,Surabaya Prime Pharmacy,Jawa Timur,Surabaya,117,103,103,0,8.5
2024-02-26,P001,Tempra,Fever & Pain,O006,Surabaya Health Mart,Jawa Timur,Surabaya,150,120,120,0,8.6
2024-02-26,P002,Bodrex Flu & Batuk,Cough & Cold,O006,Surabaya Health Mart,Jawa Timur,Surabaya,70,52,52,0,5.4
2024-02-26,P003,Hemaviton C1000,Vitamin,O006,Surabaya Health Mart,Jawa Timur,Surabaya,126,114,114,0,11.1
2024-02-26,P004,Vidoran Smart,Multivitamin,O006,Surabaya Health Mart,Jawa Timur,Surabaya,99,63,63,0,5.6
2024-02-26,P005,Marina Skin Care,Skin Care,O006,Surabaya Health Mart,Jawa Timur,Surabaya,157,116,116,0,8.4
2024-02-26,P001,Tempra,Fever & Pain,O007,Semarang Prime Pharmacy,Jawa Tengah,Semarang,75,54,54,0,4.8
2024-02-26,P002,Bodrex Flu & Batuk,Cough & Cold,O007,Semarang Prime Pharmacy,Jawa Tengah,Semarang,124,89,89,0,5.9
2024-02-26,P003,Hemaviton C1000,Vitamin,O007,Semarang Prime Pharmacy,Jawa Tengah,Semarang,128,112,112,0,9.9
2024-02-26,P004,Vidoran Smart,Multivitamin,O007,Semarang Prime Pharmacy,Jawa Tengah,Semarang,113,85,85,0,5.7
2024-02-26,P005,Marina Skin Care,Skin Care,O007,Semarang Prime Pharmacy,Jawa Tengah,Semarang,117,79,79,0,8.0
2024-02-26,P001,Tempra,Fever & Pain,O008,Semarang Health Mart,Jawa Tengah,Semarang,95,85,85,0,6.4
2024-02-26,P002,Bodrex Flu & Batuk,Cough & Cold,O008,Semarang Health Mart,Jawa Tengah,Semarang,162,124,124,0,8.8
2024-02-26,P003,Hemaviton C1000,Vitamin,O008,Semarang Health Mart,Jawa Tengah,Semarang,100,87,87,0,10.1
2024-02-26,P004,Vidoran Smart,Multivitamin,O008,Semarang Health Mart,Jawa Tengah,Semarang,61,42,42,0,3.8
2024-02-26,P005,Marina Skin Care,Skin Care,O008,Semarang Health Mart,Jawa Tengah,Semarang,104,64,64,0,7.1
2024-02-26,P001,Tempra,Fever & Pain,O009,Medan Prime Pharmacy,Sumatera,Medan,94,79,79,0,8.2
2024-02-26,P002,Bodrex Flu & Batuk,Cough & Cold,O009,Medan Prime Pharmacy,Sumatera,Medan,130,105,105,0,13.0
2024-02-26,P003,Hemaviton C1000,Vitamin,O009,Medan Prime Pharmacy,Sumatera,Medan,87,73,73,0,6.1
2024-02-26,P004,Vidoran Smart,Multivitamin,O009,Medan Prime Pharmacy,Sumatera,Medan,71,42,42,0,4.0
2024-02-26,P005,Marina Skin Care,Skin Care,O009,Medan Prime Pharmacy,Sumatera,Medan,120,86,86,0,6.1
2024-02-26,P001,Tempra,Fever & Pain,O010,Medan Health Mart,Sumatera,Medan,157,134,134,0,11.3
2024-02-26,P002,Bodrex Flu & Batuk,Cough & Cold,O010,Medan Health Mart,Sumatera,Medan,65,32,32,0,2.9
2024-02-26,P003,Hemaviton C1000,Vitamin,O010,Medan Health Mart,Sumatera,Medan,134,107,107,0,8.1
2024-02-26,P004,Vidoran Smart,Multivitamin,O010,Medan Health Mart,Sumatera,Medan,125,92,92,0,9.0
2024-02-26,P005,Marina Skin Care,Skin Care,O010,Medan Health Mart,Sumatera,Medan,112,82,82,0,7.0
2024-02-26,P001,Tempra,Fever & Pain,O011,Balikpapan Prime Pharmacy,Kalimantan,Balikpapan,109,86,86,0,6.7
2024-02-26,P002,Bodrex Flu & Batuk,Cough & Cold,O011,Balikpapan Prime Pharmacy,Kalimantan,Balikpapan,82,68,68,0,5.0
2024-02-26,P003,Hemaviton C1000,Vitamin,O011,Balikpapan Prime Pharmacy,Kalimantan,Balikpapan,136,121,121,0,9.7
2024-02-26,P004,Vidoran Smart,Multivitamin,O011,Balikpapan Prime Pharmacy,Kalimantan,Balikpapan,148,106,106,0,8.5
2024-02-26,P005,Marina Skin Care,Skin Care,O011,Balikpapan Prime Pharmacy,Kalimantan,Balikpapan,117,73,73,0,6.3
2024-02-26,P001,Tempra,Fever & Pain,O012,Balikpapan Health Mart,Kalimantan,Balikpapan,108,86,86,0,6.8
2024-02-26,P002,Bodrex Flu & Batuk,Cough & Cold,O012,Balikpapan Health Mart,Kalimantan,Balikpapan,89,56,56,0,5.7
2024-02-26,P003,Hemaviton C1000,Vitamin,O012,Balikpapan Health Mart,Kalimantan,Balikpapan,109,74,74,0,7.9
2024-02-26,P004,Vidoran Smart,Multivitamin,O012,Balikpapan Health Mart,Kalimantan,Balikpapan,108,77,77,0,5.2
2024-02-26,P005,Marina Skin Care,Skin Care,O012,Balikpapan Health Mart,Kalimantan,Balikpapan,104,90,90,0,6.2
2024-02-26,P001,Tempra,Fever & Pain,O013,Makassar Prime Pharmacy,Sulawesi,Makassar,112,80,80,0,7.1
2024-02-26,P002,Bodrex Flu & Batuk,Cough & Cold,O013,Makassar Prime Pharmacy,Sulawesi,Makassar,86,54,54,0,4.6
2024-02-26,P003,Hemaviton C1000,Vitamin,O013,Makassar Prime Pharmacy,Sulawesi,Makassar,137,102,102,0,7.8
2024-02-26,P004,Vidoran Smart,Multivitamin,O013,Makassar Prime Pharmacy,Sulawesi,Makassar,88,76,76,0,5.3
2024-02-26,P005,Marina Skin Care,Skin Care,O013,Makassar Prime Pharmacy,Sulawesi,Makassar,123,101,101,0,10.0
2024-02-26,P001,Tempra,Fever & Pain,O014,Makassar Health Mart,Sulawesi,Makassar,102,78,78,0,5.9
2024-02-26,P002,Bodrex Flu & Batuk,Cough & Cold,O014,Makassar Health Mart,Sulawesi,Makassar,113,96,96,0,7.0
2024-02-26,P003,Hemaviton C1000,Vitamin,O014,Makassar Health Mart,Sulawesi,Makassar,102,71,71,0,6.3
2024-02-26,P004,Vidoran Smart,Multivitamin,O014,Makassar Health Mart,Sulawesi,Makassar,132,103,103,0,12.4
2024-02-26,P005,Marina Skin Care,Skin Care,O014,Makassar Health Mart,Sulawesi,Makassar,141,109,109,0,7.4
2024-02-27,P001,Tempra,Fever & Pain,O001,Bandung Prime Pharmacy,Jawa Barat,Bandung,106,73,73,0,6.6
2024-02-27,P002,Bodrex Flu & Batuk,Cough & Cold,O001,Bandung Prime Pharmacy,Jawa Barat,Bandung,118,80,80,0,8.6
2024-02-27,P003,Hemaviton C1000,Vitamin,O001,Bandung Prime Pharmacy,Jawa Barat,Bandung,121,105,105,0,10.2
2024-02-27,P004,Vidoran Smart,Multivitamin,O001,Bandung Prime Pharmacy,Jawa Barat,Bandung,134,103,103,0,7.1
2024-02-27,P005,Marina Skin Care,Skin Care,O001,Bandung Prime Pharmacy,Jawa Barat,Bandung,82,56,56,0,4.3
2024-02-27,P001,Tempra,Fever & Pain,O002,Bandung Health Mart,Jawa Barat,Bandung,117,107,107,0,12.6
2024-02-27,P002,Bodrex Flu & Batuk,Cough & Cold,O002,Bandung Health Mart,Jawa Barat,Bandung,132,91,91,0,7.5
2024-02-27,P003,Hemaviton C1000,Vitamin,O002,Bandung Health Mart,Jawa Barat,Bandung,115,90,90,0,7.7
2024-02-27,P004,Vidoran Smart,Multivitamin,O002,Bandung Health Mart,Jawa Barat,Bandung,121,93,93,0,6.6
2024-02-27,P005,Marina Skin Care,Skin Care,O002,Bandung Health Mart,Jawa Barat,Bandung,162,119,119,0,8.6
2024-02-27,P001,Tempra,Fever & Pain,O003,Bekasi Prime Pharmacy,Jawa Barat,Bekasi,117,93,93,0,7.4
2024-02-27,P002,Bodrex Flu & Batuk,Cough & Cold,O003,Bekasi Prime Pharmacy,Jawa Barat,Bekasi,98,77,77,0,6.1
2024-02-27,P003,Hemaviton C1000,Vitamin,O003,Bekasi Prime Pharmacy,Jawa Barat,Bekasi,96,80,80,0,8.7
2024-02-27,P004,Vidoran Smart,Multivitamin,O003,Bekasi Prime Pharmacy,Jawa Barat,Bekasi,92,80,80,0,8.3
2024-02-27,P005,Marina Skin Care,Skin Care,O003,Bekasi Prime Pharmacy,Jawa Barat,Bekasi,103,79,79,0,6.6
2024-02-27,P001,Tempra,Fever & Pain,O004,Bekasi Health Mart,Jawa Barat,Bekasi,210,181,181,0,18.3
2024-02-27,P002,Bodrex Flu & Batuk,Cough & Cold,O004,Bekasi Health Mart,Jawa Barat,Bekasi,169,135,135,0,13.6
2024-02-27,P003,Hemaviton C1000,Vitamin,O004,Bekasi Health Mart,Jawa Barat,Bekasi,106,95,95,0,10.7
2024-02-27,P004,Vidoran Smart,Multivitamin,O004,Bekasi Health Mart,Jawa Barat,Bekasi,131,110,110,0,9.6
2024-02-27,P005,Marina Skin Care,Skin Care,O004,Bekasi Health Mart,Jawa Barat,Bekasi,106,82,82,0,6.4
2024-02-27,P001,Tempra,Fever & Pain,O005,Surabaya Prime Pharmacy,Jawa Timur,Surabaya,134,117,117,0,9.0
2024-02-27,P002,Bodrex Flu & Batuk,Cough & Cold,O005,Surabaya Prime Pharmacy,Jawa Timur,Surabaya,85,69,69,0,7.9
2024-02-27,P003,Hemaviton C1000,Vitamin,O005,Surabaya Prime Pharmacy,Jawa Timur,Surabaya,181,138,138,0,15.4
2024-02-27,P004,Vidoran Smart,Multivitamin,O005,Surabaya Prime Pharmacy,Jawa Timur,Surabaya,107,88,88,0,7.0
2024-02-27,P005,Marina Skin Care,Skin Care,O005,Surabaya Prime Pharmacy,Jawa Timur,Surabaya,124,87,87,0,7.8
2024-02-27,P001,Tempra,Fever & Pain,O006,Surabaya Health Mart,Jawa Timur,Surabaya,117,87,87,0,6.4
2024-02-27,P002,Bodrex Flu & Batuk,Cough & Cold,O006,Surabaya Health Mart,Jawa Timur,Surabaya,140,119,119,0,8.2
2024-02-27,P003,Hemaviton C1000,Vitamin,O006,Surabaya Health Mart,Jawa Timur,Surabaya,99,56,56,0,4.4
2024-02-27,P004,Vidoran Smart,Multivitamin,O006,Surabaya Health Mart,Jawa Timur,Surabaya,157,113,113,0,12.1
2024-02-27,P005,Marina Skin Care,Skin Care,O006,Surabaya Health Mart,Jawa Timur,Surabaya,94,59,59,0,4.9
2024-02-27,P001,Tempra,Fever & Pain,O007,Semarang Prime Pharmacy,Jawa Tengah,Semarang,98,85,85,0,5.7
2024-02-27,P002,Bodrex Flu & Batuk,Cough & Cold,O007,Semarang Prime Pharmacy,Jawa Tengah,Semarang,125,81,81,0,5.9
2024-02-27,P003,Hemaviton C1000,Vitamin,O007,Semarang Prime Pharmacy,Jawa Tengah,Semarang,125,96,96,0,6.8
2024-02-27,P004,Vidoran Smart,Multivitamin,O007,Semarang Prime Pharmacy,Jawa Tengah,Semarang,28,14,14,0,1.0
2024-02-27,P005,Marina Skin Care,Skin Care,O007,Semarang Prime Pharmacy,Jawa Tengah,Semarang,97,69,69,0,7.6
2024-02-27,P001,Tempra,Fever & Pain,O008,Semarang Health Mart,Jawa Tengah,Semarang,80,51,51,0,3.4
2024-02-27,P002,Bodrex Flu & Batuk,Cough & Cold,O008,Semarang Health Mart,Jawa Tengah,Semarang,147,115,115,0,13.2
2024-02-27,P003,Hemaviton C1000,Vitamin,O008,Semarang Health Mart,Jawa Tengah,Semarang,93,60,60,0,5.6
2024-02-27,P004,Vidoran Smart,Multivitamin,O008,Semarang Health Mart,Jawa Tengah,Semarang,120,87,87,0,6.3
2024-02-27,P005,Marina Skin Care,Skin Care,O008,Semarang Health Mart,Jawa Tengah,Semarang,142,120,120,0,9.2
2024-02-27,P001,Tempra,Fever & Pain,O009,Medan Prime Pharmacy,Sumatera,Medan,118,79,79,0,7.3
2024-02-27,P002,Bodrex Flu & Batuk,Cough & Cold,O009,Medan Prime Pharmacy,Sumatera,Medan,79,58,58,0,5.8
2024-02-27,P003,Hemaviton C1000,Vitamin,O009,Medan Prime Pharmacy,Sumatera,Medan,91,53,53,0,4.8
2024-02-27,P004,Vidoran Smart,Multivitamin,O009,Medan Prime Pharmacy,Sumatera,Medan,107,95,95,0,9.0
2024-02-27,P005,Marina Skin Care,Skin Care,O009,Medan Prime Pharmacy,Sumatera,Medan,102,89,89,0,7.2
2024-02-27,P001,Tempra,Fever & Pain,O010,Medan Health Mart,Sumatera,Medan,76,65,65,0,6.9
2024-02-27,P002,Bodrex Flu & Batuk,Cough & Cold,O010,Medan Health Mart,Sumatera,Medan,129,98,98,0,6.6
2024-02-27,P003,Hemaviton C1000,Vitamin,O010,Medan Health Mart,Sumatera,Medan,140,118,118,0,10.8
2024-02-27,P004,Vidoran Smart,Multivitamin,O010,Medan Health Mart,Sumatera,Medan,119,101,101,0,7.4
2024-02-27,P005,Marina Skin Care,Skin Care,O010,Medan Health Mart,Sumatera,Medan,125,104,104,0,9.5
2024-02-27,P001,Tempra,Fever & Pain,O011,Balikpapan Prime Pharmacy,Kalimantan,Balikpapan,196,172,172,0,13.8
2024-02-27,P002,Bodrex Flu & Batuk,Cough & Cold,O011,Balikpapan Prime Pharmacy,Kalimantan,Balikpapan,125,103,103,0,8.7
2024-02-27,P003,Hemaviton C1000,Vitamin,O011,Balikpapan Prime Pharmacy,Kalimantan,Balikpapan,82,44,44,0,3.1
2024-02-27,P004,Vidoran Smart,Multivitamin,O011,Balikpapan Prime Pharmacy,Kalimantan,Balikpapan,97,81,81,0,8.6
2024-02-27,P005,Marina Skin Care,Skin Care,O011,Balikpapan Prime Pharmacy,Kalimantan,Balikpapan,71,41,41,0,2.9
2024-02-27,P001,Tempra,Fever & Pain,O012,Balikpapan Health Mart,Kalimantan,Balikpapan,114,89,89,0,7.7
2024-02-27,P002,Bodrex Flu & Batuk,Cough & Cold,O012,Balikpapan Health Mart,Kalimantan,Balikpapan,67,56,56,0,5.4
2024-02-27,P003,Hemaviton C1000,Vitamin,O012,Balikpapan Health Mart,Kalimantan,Balikpapan,127,84,84,0,9.1
2024-02-27,P004,Vidoran Smart,Multivitamin,O012,Balikpapan Health Mart,Kalimantan,Balikpapan,166,141,141,0,15.0
2024-02-27,P005,Marina Skin Care,Skin Care,O012,Balikpapan Health Mart,Kalimantan,Balikpapan,67,50,50,0,4.9
2024-02-27,P001,Tempra,Fever & Pain,O013,Makassar Prime Pharmacy,Sulawesi,Makassar,114,99,99,0,7.4
2024-02-27,P002,Bodrex Flu & Batuk,Cough & Cold,O013,Makassar Prime Pharmacy,Sulawesi,Makassar,197,155,155,0,13.9
2024-02-27,P003,Hemaviton C1000,Vitamin,O013,Makassar Prime Pharmacy,Sulawesi,Makassar,169,135,135,0,16.3
2024-02-27,P004,Vidoran Smart,Multivitamin,O013,Makassar Prime Pharmacy,Sulawesi,Makassar,119,102,102,0,7.0
2024-02-27,P005,Marina Skin Care,Skin Care,O013,Makassar Prime Pharmacy,Sulawesi,Makassar,133,109,109,0,7.7
2024-02-27,P001,Tempra,Fever & Pain,O014,Makassar Health Mart,Sulawesi,Makassar,119,101,101,0,12.2
2024-02-27,P002,Bodrex Flu & Batuk,Cough & Cold,O014,Makassar Health Mart,Sulawesi,Makassar,88,64,64,0,5.3
2024-02-27,P003,Hemaviton C1000,Vitamin,O014,Makassar Health Mart,Sulawesi,Makassar,130,90,90,0,8.2
2024-02-27,P004,Vidoran Smart,Multivitamin,O014,Makassar Health Mart,Sulawesi,Makassar,148,106,106,0,8.4
2024-02-27,P005,Marina Skin Care,Skin Care,O014,Makassar Health Mart,Sulawesi,Makassar,123,79,79,0,5.4
2024-02-28,P001,Tempra,Fever & Pain,O001,Bandung Prime Pharmacy,Jawa Barat,Bandung,76,66,66,0,4.7
2024-02-28,P002,Bodrex Flu & Batuk,Cough & Cold,O001,Bandung Prime Pharmacy,Jawa Barat,Bandung,138,93,93,0,6.6
2024-02-28,P003,Hemaviton C1000,Vitamin,O001,Bandung Prime Pharmacy,Jawa Barat,Bandung,138,95,95,0,6.7
2024-02-28,P004,Vidoran Smart,Multivitamin,O001,Bandung Prime Pharmacy,Jawa Barat,Bandung,111,73,73,0,5.4
2024-02-28,P005,Marina Skin Care,Skin Care,O001,Bandung Prime Pharmacy,Jawa Barat,Bandung,106,80,80,0,7.7
2024-02-28,P001,Tempra,Fever & Pain,O002,Bandung Health Mart,Jawa Barat,Bandung,76,60,60,0,4.5
2024-02-28,P002,Bodrex Flu & Batuk,Cough & Cold,O002,Bandung Health Mart,Jawa Barat,Bandung,117,76,76,0,5.3
2024-02-28,P003,Hemaviton C1000,Vitamin,O002,Bandung Health Mart,Jawa Barat,Bandung,107,95,95,0,10.3
2024-02-28,P004,Vidoran Smart,Multivitamin,O002,Bandung Health Mart,Jawa Barat,Bandung,81,57,57,0,3.9
2024-02-28,P005,Marina Skin Care,Skin Care,O002,Bandung Health Mart,Jawa Barat,Bandung,139,113,113,0,8.8
2024-02-28,P001,Tempra,Fever & Pain,O003,Bekasi Prime Pharmacy,Jawa Barat,Bekasi,99,75,75,0,6.6
2024-02-28,P002,Bodrex Flu & Batuk,Cough & Cold,O003,Bekasi Prime Pharmacy,Jawa Barat,Bekasi,91,73,73,0,7.4
2024-02-28,P003,Hemaviton C1000,Vitamin,O003,Bekasi Prime Pharmacy,Jawa Barat,Bekasi,194,152,152,0,14.4
2024-02-28,P004,Vidoran Smart,Multivitamin,O003,Bekasi Prime Pharmacy,Jawa Barat,Bekasi,130,91,91,0,7.9
2024-02-28,P005,Marina Skin Care,Skin Care,O003,Bekasi Prime Pharmacy,Jawa Barat,Bekasi,130,118,118,0,9.3
2024-02-28,P001,Tempra,Fever & Pain,O004,Bekasi Health Mart,Jawa Barat,Bekasi,162,120,120,0,8.9
2024-02-28,P002,Bodrex Flu & Batuk,Cough & Cold,O004,Bekasi Health Mart,Jawa Barat,Bekasi,121,78,78,0,7.2
2024-02-28,P003,Hemaviton C1000,Vitamin,O004,Bekasi Health Mart,Jawa Barat,Bekasi,122,100,100,0,8.8
2024-02-28,P004,Vidoran Smart,Multivitamin,O004,Bekasi Health Mart,Jawa Barat,Bekasi,120,81,81,0,8.4
2024-02-28,P005,Marina Skin Care,Skin Care,O004,Bekasi Health Mart,Jawa Barat,Bekasi,130,93,93,0,10.9
2024-02-28,P001,Tempra,Fever & Pain,O005,Surabaya Prime Pharmacy,Jawa Timur,Surabaya,120,102,102,0,7.2
2024-02-28,P002,Bodrex Flu & Batuk,Cough & Cold,O005,Surabaya Prime Pharmacy,Jawa Timur,Surabaya,125,89,89,0,6.3
2024-02-28,P003,Hemaviton C1000,Vitamin,O005,Surabaya Prime Pharmacy,Jawa Timur,Surabaya,122,90,90,0,9.3
2024-02-28,P004,Vidoran Smart,Multivitamin,O005,Surabaya Prime Pharmacy,Jawa Timur,Surabaya,117,72,72,0,6.9
2024-02-28,P005,Marina Skin Care,Skin Care,O005,Surabaya Prime Pharmacy,Jawa Timur,Surabaya,137,120,120,0,10.3
2024-02-28,P001,Tempra,Fever & Pain,O006,Surabaya Health Mart,Jawa Timur,Surabaya,131,110,110,0,8.3
2024-02-28,P002,Bodrex Flu & Batuk,Cough & Cold,O006,Surabaya Health Mart,Jawa Timur,Surabaya,80,58,58,0,4.1
2024-02-28,P003,Hemaviton C1000,Vitamin,O006,Surabaya Health Mart,Jawa Timur,Surabaya,99,71,71,0,7.7
2024-02-28,P004,Vidoran Smart,Multivitamin,O006,Surabaya Health Mart,Jawa Timur,Surabaya,115,79,79,0,5.5
2024-02-28,P005,Marina Skin Care,Skin Care,O006,Surabaya Health Mart,Jawa Timur,Surabaya,74,58,58,0,5.9
2024-02-28,P001,Tempra,Fever & Pain,O007,Semarang Prime Pharmacy,Jawa Tengah,Semarang,106,73,73,0,6.0
2024-02-28,P002,Bodrex Flu & Batuk,Cough & Cold,O007,Semarang Prime Pharmacy,Jawa Tengah,Semarang,123,92,92,0,7.2
2024-02-28,P003,Hemaviton C1000,Vitamin,O007,Semarang Prime Pharmacy,Jawa Tengah,Semarang,106,67,67,0,6.5
2024-02-28,P004,Vidoran Smart,Multivitamin,O007,Semarang Prime Pharmacy,Jawa Tengah,Semarang,97,69,69,0,4.6
2024-02-28,P005,Marina Skin Care,Skin Care,O007,Semarang Prime Pharmacy,Jawa Tengah,Semarang,117,77,77,0,5.6
2024-02-28,P001,Tempra,Fever & Pain,O008,Semarang Health Mart,Jawa Tengah,Semarang,78,50,50,0,5.6
2024-02-28,P002,Bodrex Flu & Batuk,Cough & Cold,O008,Semarang Health Mart,Jawa Tengah,Semarang,56,36,36,0,2.5
2024-02-28,P003,Hemaviton C1000,Vitamin,O008,Semarang Health Mart,Jawa Tengah,Semarang,135,103,103,0,7.9
2024-02-28,P004,Vidoran Smart,Multivitamin,O008,Semarang Health Mart,Jawa Tengah,Semarang,146,120,120,0,14.6
2024-02-28,P005,Marina Skin Care,Skin Care,O008,Semarang Health Mart,Jawa Tengah,Semarang,108,98,98,0,9.5
2024-02-28,P001,Tempra,Fever & Pain,O009,Medan Prime Pharmacy,Sumatera,Medan,110,79,79,0,6.5
2024-02-28,P002,Bodrex Flu & Batuk,Cough & Cold,O009,Medan Prime Pharmacy,Sumatera,Medan,72,56,56,0,4.9
2024-02-28,P003,Hemaviton C1000,Vitamin,O009,Medan Prime Pharmacy,Sumatera,Medan,97,74,74,0,8.7
2024-02-28,P004,Vidoran Smart,Multivitamin,O009,Medan Prime Pharmacy,Sumatera,Medan,109,84,84,0,7.9
2024-02-28,P005,Marina Skin Care,Skin Care,O009,Medan Prime Pharmacy,Sumatera,Medan,154,122,122,0,10.7
2024-02-28,P001,Tempra,Fever & Pain,O010,Medan Health Mart,Sumatera,Medan,129,93,93,0,6.7
2024-02-28,P002,Bodrex Flu & Batuk,Cough & Cold,O010,Medan Health Mart,Sumatera,Medan,142,105,105,0,9.2
2024-02-28,P003,Hemaviton C1000,Vitamin,O010,Medan Health Mart,Sumatera,Medan,152,117,117,0,12.4
2024-02-28,P004,Vidoran Smart,Multivitamin,O010,Medan Health Mart,Sumatera,Medan,145,115,115,0,9.2
2024-02-28,P005,Marina Skin Care,Skin Care,O010,Medan Health Mart,Sumatera,Medan,139,128,128,0,12.5
2024-02-28,P001,Tempra,Fever & Pain,O011,Balikpapan Prime Pharmacy,Kalimantan,Balikpapan,95,50,50,0,4.0
2024-02-28,P002,Bodrex Flu & Batuk,Cough & Cold,O011,Balikpapan Prime Pharmacy,Kalimantan,Balikpapan,100,87,87,0,10.2
2024-02-28,P003,Hemaviton C1000,Vitamin,O011,Balikpapan Prime Pharmacy,Kalimantan,Balikpapan,125,92,92,0,7.4
2024-02-28,P004,Vidoran Smart,Multivitamin,O011,Balikpapan Prime Pharmacy,Kalimantan,Balikpapan,117,100,100,0,6.7
2024-02-28,P005,Marina Skin Care,Skin Care,O011,Balikpapan Prime Pharmacy,Kalimantan,Balikpapan,112,87,87,0,7.6
2024-02-28,P001,Tempra,Fever & Pain,O012,Balikpapan Health Mart,Kalimantan,Balikpapan,101,87,87,0,10.5
2024-02-28,P002,Bodrex Flu & Batuk,Cough & Cold,O012,Balikpapan Health Mart,Kalimantan,Balikpapan,132,119,119,0,11.4
2024-02-28,P003,Hemaviton C1000,Vitamin,O012,Balikpapan Health Mart,Kalimantan,Balikpapan,118,82,82,0,8.8
2024-02-28,P004,Vidoran Smart,Multivitamin,O012,Balikpapan Health Mart,Kalimantan,Balikpapan,79,68,68,0,6.1
2024-02-28,P005,Marina Skin Care,Skin Care,O012,Balikpapan Health Mart,Kalimantan,Balikpapan,111,99,99,0,10.2
2024-02-28,P001,Tempra,Fever & Pain,O013,Makassar Prime Pharmacy,Sulawesi,Makassar,171,126,126,0,11.8
2024-02-28,P002,Bodrex Flu & Batuk,Cough & Cold,O013,Makassar Prime Pharmacy,Sulawesi,Makassar,109,80,80,0,5.5
2024-02-28,P003,Hemaviton C1000,Vitamin,O013,Makassar Prime Pharmacy,Sulawesi,Makassar,115,91,91,0,9.8
2024-02-28,P004,Vidoran Smart,Multivitamin,O013,Makassar Prime Pharmacy,Sulawesi,Makassar,117,78,78,0,9.0
2024-02-28,P005,Marina Skin Care,Skin Care,O013,Makassar Prime Pharmacy,Sulawesi,Makassar,120,82,82,0,9.7
2024-02-28,P001,Tempra,Fever & Pain,O014,Makassar Health Mart,Sulawesi,Makassar,110,70,70,0,7.8
2024-02-28,P002,Bodrex Flu & Batuk,Cough & Cold,O014,Makassar Health Mart,Sulawesi,Makassar,103,93,93,0,8.5
2024-02-28,P003,Hemaviton C1000,Vitamin,O014,Makassar Health Mart,Sulawesi,Makassar,104,93,93,0,8.4
2024-02-28,P004,Vidoran Smart,Multivitamin,O014,Makassar Health Mart,Sulawesi,Makassar,95,71,71,0,8.6
2024-02-28,P005,Marina Skin Care,Skin Care,O014,Makassar Health Mart,Sulawesi,Makassar,109,83,83,0,7.1
2024-02-29,P001,Tempra,Fever & Pain,O001,Bandung Prime Pharmacy,Jawa Barat,Bandung,129,89,89,0,10.2
2024-02-29,P002,Bodrex Flu & Batuk,Cough & Cold,O001,Bandung Prime Pharmacy,Jawa Barat,Bandung,116,100,100,0,7.0
2024-02-29,P003,Hemaviton C1000,Vitamin,O001,Bandung Prime Pharmacy,Jawa Barat,Bandung,129,91,91,0,10.1
2024-02-29,P004,Vidoran Smart,Multivitamin,O001,Bandung Prime Pharmacy,Jawa Barat,Bandung,89,66,66,0,7.5
2024-02-29,P005,Marina Skin Care,Skin Care,O001,Bandung Prime Pharmacy,Jawa Barat,Bandung,117,81,81,0,7.4
2024-02-29,P001,Tempra,Fever & Pain,O002,Bandung Health Mart,Jawa Barat,Bandung,124,86,86,0,10.1
2024-02-29,P002,Bodrex Flu & Batuk,Cough & Cold,O002,Bandung Health Mart,Jawa Barat,Bandung,139,94,94,0,6.4
2024-02-29,P003,Hemaviton C1000,Vitamin,O002,Bandung Health Mart,Jawa Barat,Bandung,141,103,103,0,11.8
2024-02-29,P004,Vidoran Smart,Multivitamin,O002,Bandung Health Mart,Jawa Barat,Bandung,179,156,156,0,13.1
2024-02-29,P005,Marina Skin Care,Skin Care,O002,Bandung Health Mart,Jawa Barat,Bandung,136,98,98,0,9.0
2024-02-29,P001,Tempra,Fever & Pain,O003,Bekasi Prime Pharmacy,Jawa Barat,Bekasi,110,93,93,0,6.5
2024-02-29,P002,Bodrex Flu & Batuk,Cough & Cold,O003,Bekasi Prime Pharmacy,Jawa Barat,Bekasi,147,110,110,0,10.5
2024-02-29,P003,Hemaviton C1000,Vitamin,O003,Bekasi Prime Pharmacy,Jawa Barat,Bekasi,101,87,87,0,9.5
2024-02-29,P004,Vidoran Smart,Multivitamin,O003,Bekasi Prime Pharmacy,Jawa Barat,Bekasi,135,118,118,0,9.3
2024-02-29,P005,Marina Skin Care,Skin Care,O003,Bekasi Prime Pharmacy,Jawa Barat,Bekasi,100,63,63,0,5.5
2024-02-29,P001,Tempra,Fever & Pain,O004,Bekasi Health Mart,Jawa Barat,Bekasi,122,94,94,0,6.8
2024-02-29,P002,Bodrex Flu & Batuk,Cough & Cold,O004,Bekasi Health Mart,Jawa Barat,Bekasi,153,116,116,0,9.8
2024-02-29,P003,Hemaviton C1000,Vitamin,O004,Bekasi Health Mart,Jawa Barat,Bekasi,116,88,88,0,8.9
2024-02-29,P004,Vidoran Smart,Multivitamin,O004,Bekasi Health Mart,Jawa Barat,Bekasi,94,67,67,0,4.5
2024-02-29,P005,Marina Skin Care,Skin Care,O004,Bekasi Health Mart,Jawa Barat,Bekasi,192,152,152,0,12.2
2024-02-29,P001,Tempra,Fever & Pain,O005,Surabaya Prime Pharmacy,Jawa Timur,Surabaya,91,74,74,0,6.1
2024-02-29,P002,Bodrex Flu & Batuk,Cough & Cold,O005,Surabaya Prime Pharmacy,Jawa Timur,Surabaya,129,94,94,0,8.4
2024-02-29,P003,Hemaviton C1000,Vitamin,O005,Surabaya Prime Pharmacy,Jawa Timur,Surabaya,134,89,89,0,8.4
2024-02-29,P004,Vidoran Smart,Multivitamin,O005,Surabaya Prime Pharmacy,Jawa Timur,Surabaya,113,81,81,0,5.5
2024-02-29,P005,Marina Skin Care,Skin Care,O005,Surabaya Prime Pharmacy,Jawa Timur,Surabaya,132,99,99,0,10.2
2024-02-29,P001,Tempra,Fever & Pain,O006,Surabaya Health Mart,Jawa Timur,Surabaya,108,93,93,0,7.4
2024-02-29,P002,Bodrex Flu & Batuk,Cough & Cold,O006,Surabaya Health Mart,Jawa Timur,Surabaya,111,99,99,0,6.7
2024-02-29,P003,Hemaviton C1000,Vitamin,O006,Surabaya Health Mart,Jawa Timur,Surabaya,162,122,122,0,13.5
2024-02-29,P004,Vidoran Smart,Multivitamin,O006,Surabaya Health Mart,Jawa Timur,Surabaya,106,74,74,0,6.3
2024-02-29,P005,Marina Skin Care,Skin Care,O006,Surabaya Health Mart,Jawa Timur,Surabaya,133,114,114,0,11.4
2024-02-29,P001,Tempra,Fever & Pain,O007,Semarang Prime Pharmacy,Jawa Tengah,Semarang,143,119,119,0,9.8
2024-02-29,P002,Bodrex Flu & Batuk,Cough & Cold,O007,Semarang Prime Pharmacy,Jawa Tengah,Semarang,154,127,127,0,9.5
2024-02-29,P003,Hemaviton C1000,Vitamin,O007,Semarang Prime Pharmacy,Jawa Tengah,Semarang,136,113,113,0,12.0
2024-02-29,P004,Vidoran Smart,Multivitamin,O007,Semarang Prime Pharmacy,Jawa Tengah,Semarang,126,92,92,0,8.9
2024-02-29,P005,Marina Skin Care,Skin Care,O007,Semarang Prime Pharmacy,Jawa Tengah,Semarang,87,72,72,0,5.7
2024-02-29,P001,Tempra,Fever & Pain,O008,Semarang Health Mart,Jawa Tengah,Semarang,111,98,98,0,7.6
2024-02-29,P002,Bodrex Flu & Batuk,Cough & Cold,O008,Semarang Health Mart,Jawa Tengah,Semarang,121,100,100,0,7.2
2024-02-29,P003,Hemaviton C1000,Vitamin,O008,Semarang Health Mart,Jawa Tengah,Semarang,149,138,138,0,11.2
2024-02-29,P004,Vidoran Smart,Multivitamin,O008,Semarang Health Mart,Jawa Tengah,Semarang,141,110,110,0,9.2
2024-02-29,P005,Marina Skin Care,Skin Care,O008,Semarang Health Mart,Jawa Tengah,Semarang,155,122,122,0,13.1
2024-02-29,P001,Tempra,Fever & Pain,O009,Medan Prime Pharmacy,Sumatera,Medan,143,121,121,0,12.9
2024-02-29,P002,Bodrex Flu & Batuk,Cough & Cold,O009,Medan Prime Pharmacy,Sumatera,Medan,72,57,57,0,3.8
2024-02-29,P003,Hemaviton C1000,Vitamin,O009,Medan Prime Pharmacy,Sumatera,Medan,82,71,71,0,8.5
2024-02-29,P004,Vidoran Smart,Multivitamin,O009,Medan Prime Pharmacy,Sumatera,Medan,100,85,85,0,9.0
2024-02-29,P005,Marina Skin Care,Skin Care,O009,Medan Prime Pharmacy,Sumatera,Medan,116,89,89,0,9.7
2024-02-29,P001,Tempra,Fever & Pain,O010,Medan Health Mart,Sumatera,Medan,98,75,75,0,5.8
2024-02-29,P002,Bodrex Flu & Batuk,Cough & Cold,O010,Medan Health Mart,Sumatera,Medan,75,64,64,0,6.4
2024-02-29,P003,Hemaviton C1000,Vitamin,O010,Medan Health Mart,Sumatera,Medan,121,92,92,0,8.9
2024-02-29,P004,Vidoran Smart,Multivitamin,O010,Medan Health Mart,Sumatera,Medan,90,58,58,0,7.2
2024-02-29,P005,Marina Skin Care,Skin Care,O010,Medan Health Mart,Sumatera,Medan,141,99,99,0,10.4
2024-02-29,P001,Tempra,Fever & Pain,O011,Balikpapan Prime Pharmacy,Kalimantan,Balikpapan,71,37,37,0,3.9
2024-02-29,P002,Bodrex Flu & Batuk,Cough & Cold,O011,Balikpapan Prime Pharmacy,Kalimantan,Balikpapan,106,90,90,0,6.5
2024-02-29,P003,Hemaviton C1000,Vitamin,O011,Balikpapan Prime Pharmacy,Kalimantan,Balikpapan,154,123,123,0,10.5
2024-02-29,P004,Vidoran Smart,Multivitamin,O011,Balikpapan Prime Pharmacy,Kalimantan,Balikpapan,76,57,57,0,6.1
2024-02-29,P005,Marina Skin Care,Skin Care,O011,Balikpapan Prime Pharmacy,Kalimantan,Balikpapan,107,96,96,0,8.1
2024-02-29,P001,Tempra,Fever & Pain,O012,Balikpapan Health Mart,Kalimantan,Balikpapan,152,109,109,0,13.5
2024-02-29,P002,Bodrex Flu & Batuk,Cough & Cold,O012,Balikpapan Health Mart,Kalimantan,Balikpapan,149,132,132,0,14.6
2024-02-29,P003,Hemaviton C1000,Vitamin,O012,Balikpapan Health Mart,Kalimantan,Balikpapan,126,93,93,0,7.6
2024-02-29,P004,Vidoran Smart,Multivitamin,O012,Balikpapan Health Mart,Kalimantan,Balikpapan,124,85,85,0,8.0
2024-02-29,P005,Marina Skin Care,Skin Care,O012,Balikpapan Health Mart,Kalimantan,Balikpapan,95,52,52,0,6.1
2024-02-29,P001,Tempra,Fever & Pain,O013,Makassar Prime Pharmacy,Sulawesi,Makassar,110,70,70,0,7.8
2024-02-29,P002,Bodrex Flu & Batuk,Cough & Cold,O013,Makassar Prime Pharmacy,Sulawesi,Makassar,173,134,134,0,11.2
2024-02-29,P003,Hemaviton C1000,Vitamin,O013,Makassar Prime Pharmacy,Sulawesi,Makassar,158,138,138,0,12.1
2024-02-29,P004,Vidoran Smart,Multivitamin,O013,Makassar Prime Pharmacy,Sulawesi,Makassar,115,97,97,0,7.8
2024-02-29,P005,Marina Skin Care,Skin Care,O013,Makassar Prime Pharmacy,Sulawesi,Makassar,136,109,109,0,11.9
2024-02-29,P001,Tempra,Fever & Pain,O014,Makassar Health Mart,Sulawesi,Makassar,98,71,71,0,4.9
2024-02-29,P002,Bodrex Flu & Batuk,Cough & Cold,O014,Makassar Health Mart,Sulawesi,Makassar,108,85,85,0,7.7
2024-02-29,P003,Hemaviton C1000,Vitamin,O014,Makassar Health Mart,Sulawesi,Makassar,126,82,82,0,9.9
2024-02-29,P004,Vidoran Smart,Multivitamin,O014,Makassar Health Mart,Sulawesi,Makassar,119,92,92,0,7.7
2024-02-29,P005,Marina Skin Care,Skin Care,O014,Makassar Health Mart,Sulawesi,Makassar,99,63,63,0,5.0
2024-03-01,P001,Tempra,Fever & Pain,O001,Bandung Prime Pharmacy,Jawa Barat,Bandung,135,101,101,0,12.4
2024-03-01,P002,Bodrex Flu & Batuk,Cough & Cold,O001,Bandung Prime Pharmacy,Jawa Barat,Bandung,127,93,93,0,9.9
2024-03-01,P003,Hemaviton C1000,Vitamin,O001,Bandung Prime Pharmacy,Jawa Barat,Bandung,94,78,78,0,5.8
2024-03-01,P004,Vidoran Smart,Multivitamin,O001,Bandung Prime Pharmacy,Jawa Barat,Bandung,111,85,85,0,7.1
2024-03-01,P005,Marina Skin Care,Skin Care,O001,Bandung Prime Pharmacy,Jawa Barat,Bandung,133,113,113,0,7.7
2024-03-01,P001,Tempra,Fever & Pain,O002,Bandung Health Mart,Jawa Barat,Bandung,133,122,122,0,13.1
2024-03-01,P002,Bodrex Flu & Batuk,Cough & Cold,O002,Bandung Health Mart,Jawa Barat,Bandung,128,114,114,0,12.7
2024-03-01,P003,Hemaviton C1000,Vitamin,O002,Bandung Health Mart,Jawa Barat,Bandung,121,105,105,0,7.8
2024-03-01,P004,Vidoran Smart,Multivitamin,O002,Bandung Health Mart,Jawa Barat,Bandung,106,62,62,0,7.6
2024-03-01,P005,Marina Skin Care,Skin Care,O002,Bandung Health Mart,Jawa Barat,Bandung,104,89,89,0,8.0
2024-03-01,P001,Tempra,Fever & Pain,O003,Bekasi Prime Pharmacy,Jawa Barat,Bekasi,89,69,69,0,6.5
2024-03-01,P002,Bodrex Flu & Batuk,Cough & Cold,O003,Bekasi Prime Pharmacy,Jawa Barat,Bekasi,84,66,66,0,7.5
2024-03-01,P003,Hemaviton C1000,Vitamin,O003,Bekasi Prime Pharmacy,Jawa Barat,Bekasi,160,122,122,0,9.8
2024-03-01,P004,Vidoran Smart,Multivitamin,O003,Bekasi Prime Pharmacy,Jawa Barat,Bekasi,103,92,92,0,8.6
2024-03-01,P005,Marina Skin Care,Skin Care,O003,Bekasi Prime Pharmacy,Jawa Barat,Bekasi,123,79,79,0,7.0
2024-03-01,P001,Tempra,Fever & Pain,O004,Bekasi Health Mart,Jawa Barat,Bekasi,78,68,68,0,5.6
2024-03-01,P002,Bodrex Flu & Batuk,Cough & Cold,O004,Bekasi Health Mart,Jawa Barat,Bekasi,127,93,93,0,10.1
2024-03-01,P003,Hemaviton C1000,Vitamin,O004,Bekasi Health Mart,Jawa Barat,Bekasi,116,104,104,0,9.3
2024-03-01,P004,Vidoran Smart,Multivitamin,O004,Bekasi Health Mart,Jawa Barat,Bekasi,162,149,149,0,11.0
2024-03-01,P005,Marina Skin Care,Skin Care,O004,Bekasi Health Mart,Jawa Barat,Bekasi,101,86,86,0,6.7
2024-03-01,P001,Tempra,Fever & Pain,O005,Surabaya Prime Pharmacy,Jawa Timur,Surabaya,89,78,78,0,5.5
2024-03-01,P002,Bodrex Flu & Batuk,Cough & Cold,O005,Surabaya Prime Pharmacy,Jawa Timur,Surabaya,131,87,87,0,8.2
2024-03-01,P003,Hemaviton C1000,Vitamin,O005,Surabaya Prime Pharmacy,Jawa Timur,Surabaya,133,116,116,0,9.5
2024-03-01,P004,Vidoran Smart,Multivitamin,O005,Surabaya Prime Pharmacy,Jawa Timur,Surabaya,102,78,78,0,6.2
2024-03-01,P005,Marina Skin Care,Skin Care,O005,Surabaya Prime Pharmacy,Jawa Timur,Surabaya,107,91,91,0,9.9
2024-03-01,P001,Tempra,Fever & Pain,O006,Surabaya Health Mart,Jawa Timur,Surabaya,127,88,88,0,7.8
2024-03-01,P002,Bodrex Flu & Batuk,Cough & Cold,O006,Surabaya Health Mart,Jawa Timur,Surabaya,103,74,74,0,7.2
2024-03-01,P003,Hemaviton C1000,Vitamin,O006,Surabaya Health Mart,Jawa Timur,Surabaya,150,115,115,0,12.3
2024-03-01,P004,Vidoran Smart,Multivitamin,O006,Surabaya Health Mart,Jawa Timur,Surabaya,91,47,47,0,4.9
2024-03-01,P005,Marina Skin Care,Skin Care,O006,Surabaya Health Mart,Jawa Timur,Surabaya,121,108,108,0,7.6
2024-03-01,P001,Tempra,Fever & Pain,O007,Semarang Prime Pharmacy,Jawa Tengah,Semarang,211,179,179,0,20.1
2024-03-01,P002,Bodrex Flu & Batuk,Cough & Cold,O007,Semarang Prime Pharmacy,Jawa Tengah,Semarang,166,130,130,0,11.1
2024-03-01,P003,Hemaviton C1000,Vitamin,O007,Semarang Prime Pharmacy,Jawa Tengah,Semarang,106,88,88,0,9.4
2024-03-01,P004,Vidoran Smart,Multivitamin,O007,Semarang Prime Pharmacy,Jawa Tengah,Semarang,150,138,138,0,15.8
2024-03-01,P005,Marina Skin Care,Skin Care,O007,Semarang Prime Pharmacy,Jawa Tengah,Semarang,119,103,103,0,8.6
2024-03-01,P001,Tempra,Fever & Pain,O008,Semarang Health Mart,Jawa Tengah,Semarang,106,78,78,0,6.3
2024-03-01,P002,Bodrex Flu & Batuk,Cough & Cold,O008,Semarang Health Mart,Jawa Tengah,Semarang,79,69,69,0,5.4
2024-03-01,P003,Hemaviton C1000,Vitamin,O008,Semarang Health Mart,Jawa Tengah,Semarang,129,116,116,0,10.7
2024-03-01,P004,Vidoran Smart,Multivitamin,O008,Semarang Health Mart,Jawa Tengah,Semarang,107,92,92,0,10.7
2024-03-01,P005,Marina Skin Care,Skin Care,O008,Semarang Health Mart,Jawa Tengah,Semarang,123,79,79,0,9.0
2024-03-01,P001,Tempra,Fever & Pain,O009,Medan Prime Pharmacy,Sumatera,Medan,168,134,134,0,10.5
2024-03-01,P002,Bodrex Flu & Batuk,Cough & Cold,O009,Medan Prime Pharmacy,Sumatera,Medan,60,44,44,0,3.3
2024-03-01,P003,Hemaviton C1000,Vitamin,O009,Medan Prime Pharmacy,Sumatera,Medan,96,57,57,0,4.6
2024-03-01,P004,Vidoran Smart,Multivitamin,O009,Medan Prime Pharmacy,Sumatera,Medan,118,96,96,0,9.0
2024-03-01,P005,Marina Skin Care,Skin Care,O009,Medan Prime Pharmacy,Sumatera,Medan,56,22,22,0,2.5
2024-03-01,P001,Tempra,Fever & Pain,O010,Medan Health Mart,Sumatera,Medan,147,106,106,0,12.2
2024-03-01,P002,Bodrex Flu & Batuk,Cough & Cold,O010,Medan Health Mart,Sumatera,Medan,119,101,101,0,11.7
2024-03-01,P003,Hemaviton C1000,Vitamin,O010,Medan Health Mart,Sumatera,Medan,121,102,102,0,8.6
2024-03-01,P004,Vidoran Smart,Multivitamin,O010,Medan Health Mart,Sumatera,Medan,118,84,84,0,7.2
2024-03-01,P005,Marina Skin Care,Skin Care,O010,Medan Health Mart,Sumatera,Medan,119,101,101,0,7.6
2024-03-01,P001,Tempra,Fever & Pain,O011,Balikpapan Prime Pharmacy,Kalimantan,Balikpapan,144,121,121,0,11.1
2024-03-01,P002,Bodrex Flu & Batuk,Cough & Cold,O011,Balikpapan Prime Pharmacy,Kalimantan,Balikpapan,90,71,71,0,6.3
2024-03-01,P003,Hemaviton C1000,Vitamin,O011,Balikpapan Prime Pharmacy,Kalimantan,Balikpapan,116,96,96,0,8.7
2024-03-01,P004,Vidoran Smart,Multivitamin,O011,Balikpapan Prime Pharmacy,Kalimantan,Balikpapan,89,50,50,0,5.9
2024-03-01,P005,Marina Skin Care,Skin Care,O011,Balikpapan Prime Pharmacy,Kalimantan,Balikpapan,121,106,106,0,8.2
2024-03-01,P001,Tempra,Fever & Pain,O012,Balikpapan Health Mart,Kalimantan,Balikpapan,107,94,94,0,11.0
2024-03-01,P002,Bodrex Flu & Batuk,Cough & Cold,O012,Balikpapan Health Mart,Kalimantan,Balikpapan,140,103,103,0,11.2
2024-03-01,P003,Hemaviton C1000,Vitamin,O012,Balikpapan Health Mart,Kalimantan,Balikpapan,156,135,135,0,13.5
2024-03-01,P004,Vidoran Smart,Multivitamin,O012,Balikpapan Health Mart,Kalimantan,Balikpapan,109,95,95,0,11.4
2024-03-01,P005,Marina Skin Care,Skin Care,O012,Balikpapan Health Mart,Kalimantan,Balikpapan,108,67,67,0,5.2
2024-03-01,P001,Tempra,Fever & Pain,O013,Makassar Prime Pharmacy,Sulawesi,Makassar,131,115,115,0,11.4
2024-03-01,P002,Bodrex Flu & Batuk,Cough & Cold,O013,Makassar Prime Pharmacy,Sulawesi,Makassar,108,71,71,0,8.5
2024-03-01,P003,Hemaviton C1000,Vitamin,O013,Makassar Prime Pharmacy,Sulawesi,Makassar,104,88,88,0,6.2
2024-03-01,P004,Vidoran Smart,Multivitamin,O013,Makassar Prime Pharmacy,Sulawesi,Makassar,161,132,132,0,12.2
2024-03-01,P005,Marina Skin Care,Skin Care,O013,Makassar Prime Pharmacy,Sulawesi,Makassar,166,126,126,0,11.5
2024-03-01,P001,Tempra,Fever & Pain,O014,Makassar Health Mart,Sulawesi,Makassar,110,74,74,0,8.2
2024-03-01,P002,Bodrex Flu & Batuk,Cough & Cold,O014,Makassar Health Mart,Sulawesi,Makassar,129,110,110,0,10.6
2024-03-01,P003,Hemaviton C1000,Vitamin,O014,Makassar Health Mart,Sulawesi,Makassar,166,129,129,0,10.8
2024-03-01,P004,Vidoran Smart,Multivitamin,O014,Makassar Health Mart,Sulawesi,Makassar,98,87,87,0,10.1
2024-03-01,P005,Marina Skin Care,Skin Care,O014,Makassar Health Mart,Sulawesi,Makassar,88,61,61,0,7.2
2024-03-02,P001,Tempra,Fever & Pain,O001,Bandung Prime Pharmacy,Jawa Barat,Bandung,124,94,94,0,10.3
2024-03-02,P002,Bodrex Flu & Batuk,Cough & Cold,O001,Bandung Prime Pharmacy,Jawa Barat,Bandung,173,128,128,0,14.6
2024-03-02,P003,Hemaviton C1000,Vitamin,O001,Bandung Prime Pharmacy,Jawa Barat,Bandung,163,125,125,0,12.1
2024-03-02,P004,Vidoran Smart,Multivitamin,O001,Bandung Prime Pharmacy,Jawa Barat,Bandung,112,93,93,0,7.5
2024-03-02,P005,Marina Skin Care,Skin Care,O001,Bandung Prime Pharmacy,Jawa Barat,Bandung,135,120,120,0,12.8
2024-03-02,P001,Tempra,Fever & Pain,O002,Bandung Health Mart,Jawa Barat,Bandung,114,72,72,0,5.4
2024-03-02,P002,Bodrex Flu & Batuk,Cough & Cold,O002,Bandung Health Mart,Jawa Barat,Bandung,125,89,89,0,6.4
2024-03-02,P003,Hemaviton C1000,Vitamin,O002,Bandung Health Mart,Jawa Barat,Bandung,164,119,119,0,8.2
2024-03-02,P004,Vidoran Smart,Multivitamin,O002,Bandung Health Mart,Jawa Barat,Bandung,94,81,81,0,8.4
2024-03-02,P005,Marina Skin Care,Skin Care,O002,Bandung Health Mart,Jawa Barat,Bandung,103,58,58,0,4.6
2024-03-02,P001,Tempra,Fever & Pain,O003,Bekasi Prime Pharmacy,Jawa Barat,Bekasi,95,75,75,0,8.1
2024-03-02,P002,Bodrex Flu & Batuk,Cough & Cold,O003,Bekasi Prime Pharmacy,Jawa Barat,Bekasi,91,78,78,0,9.3
2024-03-02,P003,Hemaviton C1000,Vitamin,O003,Bekasi Prime Pharmacy,Jawa Barat,Bekasi,136,95,95,0,8.9
2024-03-02,P004,Vidoran Smart,Multivitamin,O003,Bekasi Prime Pharmacy,Jawa Barat,Bekasi,146,122,122,0,12.5
2024-03-02,P005,Marina Skin Care,Skin Care,O003,Bekasi Prime Pharmacy,Jawa Barat,Bekasi,125,97,97,0,11.5
2024-03-02,P001,Tempra,Fever & Pain,O004,Bekasi Health Mart,Jawa Barat,Bekasi,115,90,90,0,10.9
2024-03-02,P002,Bodrex Flu & Batuk,Cough & Cold,O004,Bekasi Health Mart,Jawa Barat,Bekasi,103,83,83,0,6.1
2024-03-02,P003,Hemaviton C1000,Vitamin,O004,Bekasi Health Mart,Jawa Barat,Bekasi,93,53,53,0,5.7
2024-03-02,P004,Vidoran Smart,Multivitamin,O004,Bekasi Health Mart,Jawa Barat,Bekasi,101,91,91,0,7.2
2024-03-02,P005,Marina Skin Care,Skin Care,O004,Bekasi Health Mart,Jawa Barat,Bekasi,140,107,107,0,12.6
2024-03-02,P001,Tempra,Fever & Pain,O005,Surabaya Prime Pharmacy,Jawa Timur,Surabaya,135,119,119,0,11.4
2024-03-02,P002,Bodrex Flu & Batuk,Cough & Cold,O005,Surabaya Prime Pharmacy,Jawa Timur,Surabaya,151,123,123,0,9.7
2024-03-02,P003,Hemaviton C1000,Vitamin,O005,Surabaya Prime Pharmacy,Jawa Timur,Surabaya,128,91,91,0,8.2
2024-03-02,P004,Vidoran Smart,Multivitamin,O005,Surabaya Prime Pharmacy,Jawa Timur,Surabaya,56,42,42,0,3.7
2024-03-02,P005,Marina Skin Care,Skin Care,O005,Surabaya Prime Pharmacy,Jawa Timur,Surabaya,103,88,88,0,5.9
2024-03-02,P001,Tempra,Fever & Pain,O006,Surabaya Health Mart,Jawa Timur,Surabaya,90,78,78,0,5.5
2024-03-02,P002,Bodrex Flu & Batuk,Cough & Cold,O006,Surabaya Health Mart,Jawa Timur,Surabaya,96,75,75,0,8.2
2024-03-02,P003,Hemaviton C1000,Vitamin,O006,Surabaya Health Mart,Jawa Timur,Surabaya,122,98,98,0,8.5
2024-03-02,P004,Vidoran Smart,Multivitamin,O006,Surabaya Health Mart,Jawa Timur,Surabaya,68,41,41,0,3.1
2024-03-02,P005,Marina Skin Care,Skin Care,O006,Surabaya Health Mart,Jawa Timur,Surabaya,153,109,109,0,7.9
2024-03-02,P001,Tempra,Fever & Pain,O007,Semarang Prime Pharmacy,Jawa Tengah,Semarang,127,88,88,0,9.3
2024-03-02,P002,Bodrex Flu & Batuk,Cough & Cold,O007,Semarang Prime Pharmacy,Jawa Tengah,Semarang,119,103,103,0,12.9
2024-03-02,P003,Hemaviton C1000,Vitamin,O007,Semarang Prime Pharmacy,Jawa Tengah,Semarang,150,105,105,0,7.4
2024-03-02,P004,Vidoran Smart,Multivitamin,O007,Semarang Prime Pharmacy,Jawa Tengah,Semarang,72,47,47,0,3.2
2024-03-02,P005,Marina Skin Care,Skin Care,O007,Semarang Prime Pharmacy,Jawa Tengah,Semarang,118,85,85,0,10.2
2024-03-02,P001,Tempra,Fever & Pain,O008,Semarang Health Mart,Jawa Tengah,Semarang,147,124,124,0,8.6
2024-03-02,P002,Bodrex Flu & Batuk,Cough & Cold,O008,Semarang Health Mart,Jawa Tengah,Semarang,132,89,89,0,7.7
2024-03-02,P003,Hemaviton C1000,Vitamin,O008,Semarang Health Mart,Jawa Tengah,Semarang,144,121,121,0,12.2
2024-03-02,P004,Vidoran Smart,Multivitamin,O008,Semarang Health Mart,Jawa Tengah,Semarang,137,118,118,0,9.9
2024-03-02,P005,Marina Skin Care,Skin Care,O008,Semarang Health Mart,Jawa Tengah,Semarang,83,43,43,0,3.7
2024-03-02,P001,Tempra,Fever & Pain,O009,Medan Prime Pharmacy,Sumatera,Medan,113,84,84,0,9.9
2024-03-02,P002,Bodrex Flu & Batuk,Cough & Cold,O009,Medan Prime Pharmacy,Sumatera,Medan,116,73,73,0,5.1
2024-03-02,P003,Hemaviton C1000,Vitamin,O009,Medan Prime Pharmacy,Sumatera,Medan,154,123,123,0,8.9
2024-03-02,P004,Vidoran Smart,Multivitamin,O009,Medan Prime Pharmacy,Sumatera,Medan,79,40,40,0,2.8
2024-03-02,P005,Marina Skin Care,Skin Care,O009,Medan Prime Pharmacy,Sumatera,Medan,89,66,66,0,5.3
2024-03-02,P001,Tempra,Fever & Pain,O010,Medan Health Mart,Sumatera,Medan,183,140,140,0,12.0
2024-03-02,P002,Bodrex Flu & Batuk,Cough & Cold,O010,Medan Health Mart,Sumatera,Medan,81,37,37,0,2.7
2024-03-02,P003,Hemaviton C1000,Vitamin,O010,Medan Health Mart,Sumatera,Medan,129,107,107,0,8.0
2024-03-02,P004,Vidoran Smart,Multivitamin,O010,Medan Health Mart,Sumatera,Medan,134,95,95,0,6.8
2024-03-02,P005,Marina Skin Care,Skin Care,O010,Medan Health Mart,Sumatera,Medan,92,80,80,0,8.0
2024-03-02,P001,Tempra,Fever & Pain,O011,Balikpapan Prime Pharmacy,Kalimantan,Balikpapan,75,63,63,0,6.5
2024-03-02,P002,Bodrex Flu & Batuk,Cough & Cold,O011,Balikpapan Prime Pharmacy,Kalimantan,Balikpapan,124,95,95,0,9.2
2024-03-02,P003,Hemaviton C1000,Vitamin,O011,Balikpapan Prime Pharmacy,Kalimantan,Balikpapan,102,83,83,0,7.6
2024-03-02,P004,Vidoran Smart,Multivitamin,O011,Balikpapan Prime Pharmacy,Kalimantan,Balikpapan,123,88,88,0,10.1
2024-03-02,P005,Marina Skin Care,Skin Care,O011,Balikpapan Prime Pharmacy,Kalimantan,Balikpapan,119,98,98,0,7.7
2024-03-02,P001,Tempra,Fever & Pain,O012,Balikpapan Health Mart,Kalimantan,Balikpapan,116,88,88,0,10.5
2024-03-02,P002,Bodrex Flu & Batuk,Cough & Cold,O012,Balikpapan Health Mart,Kalimantan,Balikpapan,126,103,103,0,8.1
2024-03-02,P003,Hemaviton C1000,Vitamin,O012,Balikpapan Health Mart,Kalimantan,Balikpapan,116,105,105,0,9.3
2024-03-02,P004,Vidoran Smart,Multivitamin,O012,Balikpapan Health Mart,Kalimantan,Balikpapan,106,94,94,0,7.1
2024-03-02,P005,Marina Skin Care,Skin Care,O012,Balikpapan Health Mart,Kalimantan,Balikpapan,133,104,104,0,7.6
2024-03-02,P001,Tempra,Fever & Pain,O013,Makassar Prime Pharmacy,Sulawesi,Makassar,127,93,93,0,6.3
2024-03-02,P002,Bodrex Flu & Batuk,Cough & Cold,O013,Makassar Prime Pharmacy,Sulawesi,Makassar,119,77,77,0,6.6
2024-03-02,P003,Hemaviton C1000,Vitamin,O013,Makassar Prime Pharmacy,Sulawesi,Makassar,141,106,106,0,12.3
2024-03-02,P004,Vidoran Smart,Multivitamin,O013,Makassar Prime Pharmacy,Sulawesi,Makassar,143,133,133,0,12.1
2024-03-02,P005,Marina Skin Care,Skin Care,O013,Makassar Prime Pharmacy,Sulawesi,Makassar,121,97,97,0,7.4
2024-03-02,P001,Tempra,Fever & Pain,O014,Makassar Health Mart,Sulawesi,Makassar,113,83,83,0,8.0
2024-03-02,P002,Bodrex Flu & Batuk,Cough & Cold,O014,Makassar Health Mart,Sulawesi,Makassar,72,62,62,0,5.1
2024-03-02,P003,Hemaviton C1000,Vitamin,O014,Makassar Health Mart,Sulawesi,Makassar,120,88,88,0,9.8
2024-03-02,P004,Vidoran Smart,Multivitamin,O014,Makassar Health Mart,Sulawesi,Makassar,118,83,83,0,6.2
2024-03-02,P005,Marina Skin Care,Skin Care,O014,Makassar Health Mart,Sulawesi,Makassar,120,76,76,0,7.8
2024-03-03,P001,Tempra,Fever & Pain,O001,Bandung Prime Pharmacy,Jawa Barat,Bandung,134,97,97,0,7.5
2024-03-03,P002,Bodrex Flu & Batuk,Cough & Cold,O001,Bandung Prime Pharmacy,Jawa Barat,Bandung,78,45,45,0,4.2
2024-03-03,P003,Hemaviton C1000,Vitamin,O001,Bandung Prime Pharmacy,Jawa Barat,Bandung,94,70,70,0,6.9
2024-03-03,P004,Vidoran Smart,Multivitamin,O001,Bandung Prime Pharmacy,Jawa Barat,Bandung,112,86,86,0,6.6
2024-03-03,P005,Marina Skin Care,Skin Care,O001,Bandung Prime Pharmacy,Jawa Barat,Bandung,77,58,58,0,5.1
2024-03-03,P001,Tempra,Fever & Pain,O002,Bandung Health Mart,Jawa Barat,Bandung,137,118,118,0,8.3
2024-03-03,P002,Bodrex Flu & Batuk,Cough & Cold,O002,Bandung Health Mart,Jawa Barat,Bandung,128,96,96,0,8.8
2024-03-03,P003,Hemaviton C1000,Vitamin,O002,Bandung Health Mart,Jawa Barat,Bandung,130,92,92,0,6.6
2024-03-03,P004,Vidoran Smart,Multivitamin,O002,Bandung Health Mart,Jawa Barat,Bandung,93,83,83,0,9.6
2024-03-03,P005,Marina Skin Care,Skin Care,O002,Bandung Health Mart,Jawa Barat,Bandung,98,67,67,0,5.0
2024-03-03,P001,Tempra,Fever & Pain,O003,Bekasi Prime Pharmacy,Jawa Barat,Bekasi,77,67,67,0,6.9
2024-03-03,P002,Bodrex Flu & Batuk,Cough & Cold,O003,Bekasi Prime Pharmacy,Jawa Barat,Bekasi,121,85,85,0,5.8
2024-03-03,P003,Hemaviton C1000,Vitamin,O003,Bekasi Prime Pharmacy,Jawa Barat,Bekasi,99,77,77,0,8.1
2024-03-03,P004,Vidoran Smart,Multivitamin,O003,Bekasi Prime Pharmacy,Jawa Barat,Bekasi,121,90,90,0,7.5
2024-03-03,P005,Marina Skin Care,Skin Care,O003,Bekasi Prime Pharmacy,Jawa Barat,Bekasi,123,87,87,0,9.0
2024-03-03,P001,Tempra,Fever & Pain,O004,Bekasi Health Mart,Jawa Barat,Bekasi,115,96,96,0,7.8
2024-03-03,P002,Bodrex Flu & Batuk,Cough & Cold,O004,Bekasi Health Mart,Jawa Barat,Bekasi,151,129,129,0,8.6
2024-03-03,P003,Hemaviton C1000,Vitamin,O004,Bekasi Health Mart,Jawa Barat,Bekasi,148,125,125,0,14.4
2024-03-03,P004,Vidoran Smart,Multivitamin,O004,Bekasi Health Mart,Jawa Barat,Bekasi,126,108,108,0,12.7
2024-03-03,P005,Marina Skin Care,Skin Care,O004,Bekasi Health Mart,Jawa Barat,Bekasi,125,95,95,0,6.4
2024-03-03,P001,Tempra,Fever & Pain,O005,Surabaya Prime Pharmacy,Jawa Timur,Surabaya,116,104,104,0,7.0
2024-03-03,P002,Bodrex Flu & Batuk,Cough & Cold,O005,Surabaya Prime Pharmacy,Jawa Timur,Surabaya,107,93,93,0,6.9
2024-03-03,P003,Hemaviton C1000,Vitamin,O005,Surabaya Prime Pharmacy,Jawa Timur,Surabaya,105,75,75,0,5.4
2024-03-03,P004,Vidoran Smart,Multivitamin,O005,Surabaya Prime Pharmacy,Jawa Timur,Surabaya,118,100,100,0,9.0
2024-03-03,P005,Marina Skin Care,Skin Care,O005,Surabaya Prime Pharmacy,Jawa Timur,Surabaya,141,119,119,0,11.5
2024-03-03,P001,Tempra,Fever & Pain,O006,Surabaya Health Mart,Jawa Timur,Surabaya,173,159,159,0,12.0
2024-03-03,P002,Bodrex Flu & Batuk,Cough & Cold,O006,Surabaya Health Mart,Jawa Timur,Surabaya,94,65,65,0,6.8
2024-03-03,P003,Hemaviton C1000,Vitamin,O006,Surabaya Health Mart,Jawa Timur,Surabaya,91,81,81,0,8.8
2024-03-03,P004,Vidoran Smart,Multivitamin,O006,Surabaya Health Mart,Jawa Timur,Surabaya,95,85,85,0,8.6
2024-03-03,P005,Marina Skin Care,Skin Care,O006,Surabaya Health Mart,Jawa Timur,Surabaya,156,145,145,0,12.4
2024-03-03,P001,Tempra,Fever & Pain,O007,Semarang Prime Pharmacy,Jawa Tengah,Semarang,144,126,126,0,15.4
2024-03-03,P002,Bodrex Flu & Batuk,Cough & Cold,O007,Semarang Prime Pharmacy,Jawa Tengah,Semarang,119,98,98,0,8.8
2024-03-03,P003,Hemaviton C1000,Vitamin,O007,Semarang Prime Pharmacy,Jawa Tengah,Semarang,111,73,73,0,5.2
2024-03-03,P004,Vidoran Smart,Multivitamin,O007,Semarang Prime Pharmacy,Jawa Tengah,Semarang,135,99,99,0,8.3
2024-03-03,P005,Marina Skin Care,Skin Care,O007,Semarang Prime Pharmacy,Jawa Tengah,Semarang,108,80,80,0,5.6
2024-03-03,P001,Tempra,Fever & Pain,O008,Semarang Health Mart,Jawa Tengah,Semarang,109,80,80,0,6.7
2024-03-03,P002,Bodrex Flu & Batuk,Cough & Cold,O008,Semarang Health Mart,Jawa Tengah,Semarang,90,62,62,0,4.3
2024-03-03,P003,Hemaviton C1000,Vitamin,O008,Semarang Health Mart,Jawa Tengah,Semarang,141,121,121,0,8.9
2024-03-03,P004,Vidoran Smart,Multivitamin,O008,Semarang Health Mart,Jawa Tengah,Semarang,146,106,106,0,8.5
2024-03-03,P005,Marina Skin Care,Skin Care,O008,Semarang Health Mart,Jawa Tengah,Semarang,90,52,52,0,3.6
2024-03-03,P001,Tempra,Fever & Pain,O009,Medan Prime Pharmacy,Sumatera,Medan,146,128,128,0,15.2
2024-03-03,P002,Bodrex Flu & Batuk,Cough & Cold,O009,Medan Prime Pharmacy,Sumatera,Medan,132,101,101,0,10.8
2024-03-03,P003,Hemaviton C1000,Vitamin,O009,Medan Prime Pharmacy,Sumatera,Medan,90,48,48,0,3.7
2024-03-03,P004,Vidoran Smart,Multivitamin,O009,Medan Prime Pharmacy,Sumatera,Medan,147,103,103,0,9.3
2024-03-03,P005,Marina Skin Care,Skin Care,O009,Medan Prime Pharmacy,Sumatera,Medan,102,91,91,0,9.3
2024-03-03,P001,Tempra,Fever & Pain,O010,Medan Health Mart,Sumatera,Medan,108,95,95,0,9.8
2024-03-03,P002,Bodrex Flu & Batuk,Cough & Cold,O010,Medan Health Mart,Sumatera,Medan,162,121,121,0,13.4
2024-03-03,P003,Hemaviton C1000,Vitamin,O010,Medan Health Mart,Sumatera,Medan,119,108,108,0,7.6
2024-03-03,P004,Vidoran Smart,Multivitamin,O010,Medan Health Mart,Sumatera,Medan,119,79,79,0,8.1
2024-03-03,P005,Marina Skin Care,Skin Care,O010,Medan Health Mart,Sumatera,Medan,117,92,92,0,10.4
2024-03-03,P001,Tempra,Fever & Pain,O011,Balikpapan Prime Pharmacy,Kalimantan,Balikpapan,132,91,91,0,9.1
2024-03-03,P002,Bodrex Flu & Batuk,Cough & Cold,O011,Balikpapan Prime Pharmacy,Kalimantan,Balikpapan,160,131,131,0,13.4
2024-03-03,P003,Hemaviton C1000,Vitamin,O011,Balikpapan Prime Pharmacy,Kalimantan,Balikpapan,74,54,54,0,4.6
2024-03-03,P004,Vidoran Smart,Multivitamin,O011,Balikpapan Prime Pharmacy,Kalimantan,Balikpapan,146,107,107,0,12.3
2024-03-03,P005,Marina Skin Care,Skin Care,O011,Balikpapan Prime Pharmacy,Kalimantan,Balikpapan,160,125,125,0,11.9
2024-03-03,P001,Tempra,Fever & Pain,O012,Balikpapan Health Mart,Kalimantan,Balikpapan,172,138,138,0,10.4
2024-03-03,P002,Bodrex Flu & Batuk,Cough & Cold,O012,Balikpapan Health Mart,Kalimantan,Balikpapan,110,74,74,0,6.5
2024-03-03,P003,Hemaviton C1000,Vitamin,O012,Balikpapan Health Mart,Kalimantan,Balikpapan,92,75,75,0,8.7
2024-03-03,P004,Vidoran Smart,Multivitamin,O012,Balikpapan Health Mart,Kalimantan,Balikpapan,137,97,97,0,8.6
2024-03-03,P005,Marina Skin Care,Skin Care,O012,Balikpapan Health Mart,Kalimantan,Balikpapan,98,76,76,0,5.5
2024-03-03,P001,Tempra,Fever & Pain,O013,Makassar Prime Pharmacy,Sulawesi,Makassar,160,146,146,0,10.9
2024-03-03,P002,Bodrex Flu & Batuk,Cough & Cold,O013,Makassar Prime Pharmacy,Sulawesi,Makassar,117,100,100,0,9.7
2024-03-03,P003,Hemaviton C1000,Vitamin,O013,Makassar Prime Pharmacy,Sulawesi,Makassar,137,97,97,0,8.8
2024-03-03,P004,Vidoran Smart,Multivitamin,O013,Makassar Prime Pharmacy,Sulawesi,Makassar,137,99,99,0,7.2
2024-03-03,P005,Marina Skin Care,Skin Care,O013,Makassar Prime Pharmacy,Sulawesi,Makassar,151,118,118,0,10.4
2024-03-03,P001,Tempra,Fever & Pain,O014,Makassar Health Mart,Sulawesi,Makassar,152,109,109,0,9.8
2024-03-03,P002,Bodrex Flu & Batuk,Cough & Cold,O014,Makassar Health Mart,Sulawesi,Makassar,146,101,101,0,9.0
2024-03-03,P003,Hemaviton C1000,Vitamin,O014,Makassar Health Mart,Sulawesi,Makassar,84,66,66,0,4.7
2024-03-03,P004,Vidoran Smart,Multivitamin,O014,Makassar Health Mart,Sulawesi,Makassar,87,58,58,0,4.2
2024-03-03,P005,Marina Skin Care,Skin Care,O014,Makassar Health Mart,Sulawesi,Makassar,167,127,127,0,11.6
2024-03-04,P001,Tempra,Fever & Pain,O001,Bandung Prime Pharmacy,Jawa Barat,Bandung,144,123,123,0,10.9
2024-03-04,P002,Bodrex Flu & Batuk,Cough & Cold,O001,Bandung Prime Pharmacy,Jawa Barat,Bandung,148,115,115,0,10.8
2024-03-04,P003,Hemaviton C1000,Vitamin,O001,Bandung Prime Pharmacy,Jawa Barat,Bandung,121,81,81,0,6.8
2024-03-04,P004,Vidoran Smart,Multivitamin,O001,Bandung Prime Pharmacy,Jawa Barat,Bandung,113,79,79,0,5.5
2024-03-04,P005,Marina Skin Care,Skin Care,O001,Bandung Prime Pharmacy,Jawa Barat,Bandung,118,97,97,0,7.4
2024-03-04,P001,Tempra,Fever & Pain,O002,Bandung Health Mart,Jawa Barat,Bandung,122,107,107,0,7.6
2024-03-04,P002,Bodrex Flu & Batuk,Cough & Cold,O002,Bandung Health Mart,Jawa Barat,Bandung,128,103,103,0,7.9
2024-03-04,P003,Hemaviton C1000,Vitamin,O002,Bandung Health Mart,Jawa Barat,Bandung,84,61,61,0,6.9
2024-03-04,P004,Vidoran Smart,Multivitamin,O002,Bandung Health Mart,Jawa Barat,Bandung,163,145,145,0,11.5
2024-03-04,P005,Marina Skin Care,Skin Care,O002,Bandung Health Mart,Jawa Barat,Bandung,63,26,26,0,2.9
2024-03-04,P001,Tempra,Fever & Pain,O003,Bekasi Prime Pharmacy,Jawa Barat,Bekasi,118,103,103,0,11.2
2024-03-04,P002,Bodrex Flu & Batuk,Cough & Cold,O003,Bekasi Prime Pharmacy,Jawa Barat,Bekasi,144,122,122,0,14.4
2024-03-04,P003,Hemaviton C1000,Vitamin,O003,Bekasi Prime Pharmacy,Jawa Barat,Bekasi,114,76,76,0,7.3
2024-03-04,P004,Vidoran Smart,Multivitamin,O003,Bekasi Prime Pharmacy,Jawa Barat,Bekasi,82,68,68,0,7.1
2024-03-04,P005,Marina Skin Care,Skin Care,O003,Bekasi Prime Pharmacy,Jawa Barat,Bekasi,110,95,95,0,9.2
2024-03-04,P001,Tempra,Fever & Pain,O004,Bekasi Health Mart,Jawa Barat,Bekasi,141,98,98,0,11.5
2024-03-04,P002,Bodrex Flu & Batuk,Cough & Cold,O004,Bekasi Health Mart,Jawa Barat,Bekasi,144,130,130,0,10.3
2024-03-04,P003,Hemaviton C1000,Vitamin,O004,Bekasi Health Mart,Jawa Barat,Bekasi,109,73,73,0,6.4
2024-03-04,P004,Vidoran Smart,Multivitamin,O004,Bekasi Health Mart,Jawa Barat,Bekasi,73,60,60,0,4.0
2024-03-04,P005,Marina Skin Care,Skin Care,O004,Bekasi Health Mart,Jawa Barat,Bekasi,125,83,83,0,9.3
2024-03-04,P001,Tempra,Fever & Pain,O005,Surabaya Prime Pharmacy,Jawa Timur,Surabaya,57,33,33,0,2.3
2024-03-04,P002,Bodrex Flu & Batuk,Cough & Cold,O005,Surabaya Prime Pharmacy,Jawa Timur,Surabaya,106,94,94,0,6.9
2024-03-04,P003,Hemaviton C1000,Vitamin,O005,Surabaya Prime Pharmacy,Jawa Timur,Surabaya,138,93,93,0,7.0
2024-03-04,P004,Vidoran Smart,Multivitamin,O005,Surabaya Prime Pharmacy,Jawa Timur,Surabaya,124,93,93,0,6.7
2024-03-04,P005,Marina Skin Care,Skin Care,O005,Surabaya Prime Pharmacy,Jawa Timur,Surabaya,117,76,76,0,5.7
2024-03-04,P001,Tempra,Fever & Pain,O006,Surabaya Health Mart,Jawa Timur,Surabaya,129,84,84,0,7.3
2024-03-04,P002,Bodrex Flu & Batuk,Cough & Cold,O006,Surabaya Health Mart,Jawa Timur,Surabaya,157,115,115,0,14.2
2024-03-04,P003,Hemaviton C1000,Vitamin,O006,Surabaya Health Mart,Jawa Timur,Surabaya,160,117,117,0,9.5
2024-03-04,P004,Vidoran Smart,Multivitamin,O006,Surabaya Health Mart,Jawa Timur,Surabaya,146,115,115,0,9.2
2024-03-04,P005,Marina Skin Care,Skin Care,O006,Surabaya Health Mart,Jawa Timur,Surabaya,90,75,75,0,6.8
2024-03-04,P001,Tempra,Fever & Pain,O007,Semarang Prime Pharmacy,Jawa Tengah,Semarang,144,115,115,0,10.6
2024-03-04,P002,Bodrex Flu & Batuk,Cough & Cold,O007,Semarang Prime Pharmacy,Jawa Tengah,Semarang,117,91,91,0,7.3
2024-03-04,P003,Hemaviton C1000,Vitamin,O007,Semarang Prime Pharmacy,Jawa Tengah,Semarang,154,135,135,0,15.6
2024-03-04,P004,Vidoran Smart,Multivitamin,O007,Semarang Prime Pharmacy,Jawa Tengah,Semarang,152,115,115,0,13.6
2024-03-04,P005,Marina Skin Care,Skin Care,O007,Semarang Prime Pharmacy,Jawa Tengah,Semarang,101,73,73,0,5.0
2024-03-04,P001,Tempra,Fever & Pain,O008,Semarang Health Mart,Jawa Tengah,Semarang,166,129,129,0,8.8
2024-03-04,P002,Bodrex Flu & Batuk,Cough & Cold,O008,Semarang Health Mart,Jawa Tengah,Semarang,111,87,87,0,9.2
2024-03-04,P003,Hemaviton C1000,Vitamin,O008,Semarang Health Mart,Jawa Tengah,Semarang,137,103,103,0,7.8
2024-03-04,P004,Vidoran Smart,Multivitamin,O008,Semarang Health Mart,Jawa Tengah,Semarang,116,78,78,0,7.4
2024-03-04,P005,Marina Skin Care,Skin Care,O008,Semarang Health Mart,Jawa Tengah,Semarang,154,126,126,0,9.2
2024-03-04,P001,Tempra,Fever & Pain,O009,Medan Prime Pharmacy,Sumatera,Medan,118,90,90,0,7.7
2024-03-04,P002,Bodrex Flu & Batuk,Cough & Cold,O009,Medan Prime Pharmacy,Sumatera,Medan,122,105,105,0,10.0
2024-03-04,P003,Hemaviton C1000,Vitamin,O009,Medan Prime Pharmacy,Sumatera,Medan,166,127,127,0,11.4
2024-03-04,P004,Vidoran Smart,Multivitamin,O009,Medan Prime Pharmacy,Sumatera,Medan,123,102,102,0,11.4
2024-03-04,P005,Marina Skin Care,Skin Care,O009,Medan Prime Pharmacy,Sumatera,Medan,124,89,89,0,7.2
2024-03-04,P001,Tempra,Fever & Pain,O010,Medan Health Mart,Sumatera,Medan,118,86,86,0,8.4
2024-03-04,P002,Bodrex Flu & Batuk,Cough & Cold,O010,Medan Health Mart,Sumatera,Medan,116,84,84,0,6.4
2024-03-04,P003,Hemaviton C1000,Vitamin,O010,Medan Health Mart,Sumatera,Medan,146,101,101,0,8.5
2024-03-04,P004,Vidoran Smart,Multivitamin,O010,Medan Health Mart,Sumatera,Medan,135,92,92,0,7.0
2024-03-04,P005,Marina Skin Care,Skin Care,O010,Medan Health Mart,Sumatera,Medan,104,65,65,0,4.9
2024-03-04,P001,Tempra,Fever & Pain,O011,Balikpapan Prime Pharmacy,Kalimantan,Balikpapan,82,67,67,0,6.8
2024-03-04,P002,Bodrex Flu & Batuk,Cough & Cold,O011,Balikpapan Prime Pharmacy,Kalimantan,Balikpapan,127,101,101,0,8.5
2024-03-04,P003,Hemaviton C1000,Vitamin,O011,Balikpapan Prime Pharmacy,Kalimantan,Balikpapan,104,86,86,0,6.2
2024-03-04,P004,Vidoran Smart,Multivitamin,O011,Balikpapan Prime Pharmacy,Kalimantan,Balikpapan,119,79,79,0,7.1
2024-03-04,P005,Marina Skin Care,Skin Care,O011,Balikpapan Prime Pharmacy,Kalimantan,Balikpapan,109,66,66,0,7.6
2024-03-04,P001,Tempra,Fever & Pain,O012,Balikpapan Health Mart,Kalimantan,Balikpapan,151,113,113,0,11.1
2024-03-04,P002,Bodrex Flu & Batuk,Cough & Cold,O012,Balikpapan Health Mart,Kalimantan,Balikpapan,190,150,150,0,13.1
2024-03-04,P003,Hemaviton C1000,Vitamin,O012,Balikpapan Health Mart,Kalimantan,Balikpapan,105,92,92,0,7.1
2024-03-04,P004,Vidoran Smart,Multivitamin,O012,Balikpapan Health Mart,Kalimantan,Balikpapan,143,122,122,0,9.8
2024-03-04,P005,Marina Skin Care,Skin Care,O012,Balikpapan Health Mart,Kalimantan,Balikpapan,91,55,55,0,3.8
2024-03-04,P001,Tempra,Fever & Pain,O013,Makassar Prime Pharmacy,Sulawesi,Makassar,169,125,125,0,15.4
2024-03-04,P002,Bodrex Flu & Batuk,Cough & Cold,O013,Makassar Prime Pharmacy,Sulawesi,Makassar,141,117,117,0,14.5
2024-03-04,P003,Hemaviton C1000,Vitamin,O013,Makassar Prime Pharmacy,Sulawesi,Makassar,104,94,94,0,7.1
2024-03-04,P004,Vidoran Smart,Multivitamin,O013,Makassar Prime Pharmacy,Sulawesi,Makassar,157,117,117,0,12.6
2024-03-04,P005,Marina Skin Care,Skin Care,O013,Makassar Prime Pharmacy,Sulawesi,Makassar,129,104,104,0,12.7
2024-03-04,P001,Tempra,Fever & Pain,O014,Makassar Health Mart,Sulawesi,Makassar,156,119,119,0,8.3
2024-03-04,P002,Bodrex Flu & Batuk,Cough & Cold,O014,Makassar Health Mart,Sulawesi,Makassar,91,72,72,0,5.1
2024-03-04,P003,Hemaviton C1000,Vitamin,O014,Makassar Health Mart,Sulawesi,Makassar,126,98,98,0,7.9
2024-03-04,P004,Vidoran Smart,Multivitamin,O014,Makassar Health Mart,Sulawesi,Makassar,168,129,129,0,12.5
2024-03-04,P005,Marina Skin Care,Skin Care,O014,Makassar Health Mart,Sulawesi,Makassar,121,107,107,0,9.9
2024-03-05,P001,Tempra,Fever & Pain,O001,Bandung Prime Pharmacy,Jawa Barat,Bandung,89,64,64,0,6.3
2024-03-05,P002,Bodrex Flu & Batuk,Cough & Cold,O001,Bandung Prime Pharmacy,Jawa Barat,Bandung,114,85,85,0,6.1
2024-03-05,P003,Hemaviton C1000,Vitamin,O001,Bandung Prime Pharmacy,Jawa Barat,Bandung,81,45,45,0,3.2
2024-03-05,P004,Vidoran Smart,Multivitamin,O001,Bandung Prime Pharmacy,Jawa Barat,Bandung,118,99,99,0,11.0
2024-03-05,P005,Marina Skin Care,Skin Care,O001,Bandung Prime Pharmacy,Jawa Barat,Bandung,94,69,69,0,5.9
2024-03-05,P001,Tempra,Fever & Pain,O002,Bandung Health Mart,Jawa Barat,Bandung,123,83,83,0,8.2
2024-03-05,P002,Bodrex Flu & Batuk,Cough & Cold,O002,Bandung Health Mart,Jawa Barat,Bandung,125,113,113,0,7.9
2024-03-05,P003,Hemaviton C1000,Vitamin,O002,Bandung Health Mart,Jawa Barat,Bandung,83,58,58,0,6.4
2024-03-05,P004,Vidoran Smart,Multivitamin,O002,Bandung Health Mart,Jawa Barat,Bandung,119,90,90,0,11.1
2024-03-05,P005,Marina Skin Care,Skin Care,O002,Bandung Health Mart,Jawa Barat,Bandung,85,64,64,0,4.6
2024-03-05,P001,Tempra,Fever & Pain,O003,Bekasi Prime Pharmacy,Jawa Barat,Bekasi,149,135,135,0,11.1
2024-03-05,P002,Bodrex Flu & Batuk,Cough & Cold,O003,Bekasi Prime Pharmacy,Jawa Barat,Bekasi,167,132,132,0,15.6
2024-03-05,P003,Hemaviton C1000,Vitamin,O003,Bekasi Prime Pharmacy,Jawa Barat,Bekasi,132,105,105,0,10.6
2024-03-05,P004,Vidoran Smart,Multivitamin,O003,Bekasi Prime Pharmacy,Jawa Barat,Bekasi,89,70,70,0,4.7
2024-03-05,P005,Marina Skin Care,Skin Care,O003,Bekasi Prime Pharmacy,Jawa Barat,Bekasi,106,91,91,0,8.4
2024-03-05,P001,Tempra,Fever & Pain,O004,Bekasi Health Mart,Jawa Barat,Bekasi,111,98,98,0,9.0
2024-03-05,P002,Bodrex Flu & Batuk,Cough & Cold,O004,Bekasi Health Mart,Jawa Barat,Bekasi,103,91,91,0,6.3
2024-03-05,P003,Hemaviton C1000,Vitamin,O004,Bekasi Health Mart,Jawa Barat,Bekasi,119,78,78,0,6.2
2024-03-05,P004,Vidoran Smart,Multivitamin,O004,Bekasi Health Mart,Jawa Barat,Bekasi,159,138,138,0,15.8
2024-03-05,P005,Marina Skin Care,Skin Care,O004,Bekasi Health Mart,Jawa Barat,Bekasi,133,103,103,0,7.1
2024-03-05,P001,Tempra,Fever & Pain,O005,Surabaya Prime Pharmacy,Jawa Timur,Surabaya,124,98,98,0,6.9
2024-03-05,P002,Bodrex Flu & Batuk,Cough & Cold,O005,Surabaya Prime Pharmacy,Jawa Timur,Surabaya,139,117,117,0,12.0
2024-03-05,P003,Hemaviton C1000,Vitamin,O005,Surabaya Prime Pharmacy,Jawa Timur,Surabaya,116,92,92,0,11.4
2024-03-05,P004,Vidoran Smart,Multivitamin,O005,Surabaya Prime Pharmacy,Jawa Timur,Surabaya,166,123,123,0,12.1
2024-03-05,P005,Marina Skin Care,Skin Care,O005,Surabaya Prime Pharmacy,Jawa Timur,Surabaya,119,97,97,0,10.3
2024-03-05,P001,Tempra,Fever & Pain,O006,Surabaya Health Mart,Jawa Timur,Surabaya,75,58,58,0,5.4
2024-03-05,P002,Bodrex Flu & Batuk,Cough & Cold,O006,Surabaya Health Mart,Jawa Timur,Surabaya,77,67,67,0,6.9
2024-03-05,P003,Hemaviton C1000,Vitamin,O006,Surabaya Health Mart,Jawa Timur,Surabaya,175,132,132,0,11.7
2024-03-05,P004,Vidoran Smart,Multivitamin,O006,Surabaya Health Mart,Jawa Timur,Surabaya,130,94,94,0,9.0
2024-03-05,P005,Marina Skin Care,Skin Care,O006,Surabaya Health Mart,Jawa Timur,Surabaya,121,98,98,0,6.9
2024-03-05,P001,Tempra,Fever & Pain,O007,Semarang Prime Pharmacy,Jawa Tengah,Semarang,119,107,107,0,7.5
2024-03-05,P002,Bodrex Flu & Batuk,Cough & Cold,O007,Semarang Prime Pharmacy,Jawa Tengah,Semarang,103,82,82,0,10.0
2024-03-05,P003,Hemaviton C1000,Vitamin,O007,Semarang Prime Pharmacy,Jawa Tengah,Semarang,139,112,112,0,11.6
2024-03-05,P004,Vidoran Smart,Multivitamin,O007,Semarang Prime Pharmacy,Jawa Tengah,Semarang,97,56,56,0,5.2
2024-03-05,P005,Marina Skin Care,Skin Care,O007,Semarang Prime Pharmacy,Jawa Tengah,Semarang,116,106,106,0,11.0
2024-03-05,P001,Tempra,Fever & Pain,O008,Semarang Health Mart,Jawa Tengah,Semarang,122,102,102,0,6.9
2024-03-05,P002,Bodrex Flu & Batuk,Cough & Cold,O008,Semarang Health Mart,Jawa Tengah,Semarang,108,66,66,0,6.2
2024-03-05,P003,Hemaviton C1000,Vitamin,O008,Semarang Health Mart,Jawa Tengah,Semarang,98,65,65,0,5.0
2024-03-05,P004,Vidoran Smart,Multivitamin,O008,Semarang Health Mart,Jawa Tengah,Semarang,135,90,90,0,6.7
2024-03-05,P005,Marina Skin Care,Skin Care,O008,Semarang Health Mart,Jawa Tengah,Semarang,145,100,100,0,11.8
2024-03-05,P001,Tempra,Fever & Pain,O009,Medan Prime Pharmacy,Sumatera,Medan,95,77,77,0,5.6
2024-03-05,P002,Bodrex Flu & Batuk,Cough & Cold,O009,Medan Prime Pharmacy,Sumatera,Medan,96,64,64,0,5.3
2024-03-05,P003,Hemaviton C1000,Vitamin,O009,Medan Prime Pharmacy,Sumatera,Medan,100,90,90,0,7.3
2024-03-05,P004,Vidoran Smart,Multivitamin,O009,Medan Prime Pharmacy,Sumatera,Medan,109,67,67,0,8.0
2024-03-05,P005,Marina Skin Care,Skin Care,O009,Medan Prime Pharmacy,Sumatera,Medan,144,101,101,0,10.0
2024-03-05,P001,Tempra,Fever & Pain,O010,Medan Health Mart,Sumatera,Medan,122,85,85,0,6.4
2024-03-05,P002,Bodrex Flu & Batuk,Cough & Cold,O010,Medan Health Mart,Sumatera,Medan,140,104,104,0,9.1
2024-03-05,P003,Hemaviton C1000,Vitamin,O010,Medan Health Mart,Sumatera,Medan,119,81,81,0,5.6
2024-03-05,P004,Vidoran Smart,Multivitamin,O010,Medan Health Mart,Sumatera,Medan,104,65,65,0,6.6
2024-03-05,P005,Marina Skin Care,Skin Care,O010,Medan Health Mart,Sumatera,Medan,134,99,99,0,9.7
2024-03-05,P001,Tempra,Fever & Pain,O011,Balikpapan Prime Pharmacy,Kalimantan,Balikpapan,159,123,123,0,13.3
2024-03-05,P002,Bodrex Flu & Batuk,Cough & Cold,O011,Balikpapan Prime Pharmacy,Kalimantan,Balikpapan,97,70,70,0,7.6
2024-03-05,P003,Hemaviton C1000,Vitamin,O011,Balikpapan Prime Pharmacy,Kalimantan,Balikpapan,156,122,122,0,8.3
2024-03-05,P004,Vidoran Smart,Multivitamin,O011,Balikpapan Prime Pharmacy,Kalimantan,Balikpapan,123,105,105,0,8.1
2024-03-05,P005,Marina Skin Care,Skin Care,O011,Balikpapan Prime Pharmacy,Kalimantan,Balikpapan,164,124,124,0,11.5
2024-03-05,P001,Tempra,Fever & Pain,O012,Balikpapan Health Mart,Kalimantan,Balikpapan,148,109,109,0,9.0
2024-03-05,P002,Bodrex Flu & Batuk,Cough & Cold,O012,Balikpapan Health Mart,Kalimantan,Balikpapan,145,128,128,0,11.3
2024-03-05,P003,Hemaviton C1000,Vitamin,O012,Balikpapan Health Mart,Kalimantan,Balikpapan,158,117,117,0,13.2
2024-03-05,P004,Vidoran Smart,Multivitamin,O012,Balikpapan Health Mart,Kalimantan,Balikpapan,109,78,78,0,6.2
2024-03-05,P005,Marina Skin Care,Skin Care,O012,Balikpapan Health Mart,Kalimantan,Balikpapan,94,65,65,0,5.3
2024-03-05,P001,Tempra,Fever & Pain,O013,Makassar Prime Pharmacy,Sulawesi,Makassar,124,99,99,0,6.8
2024-03-05,P002,Bodrex Flu & Batuk,Cough & Cold,O013,Makassar Prime Pharmacy,Sulawesi,Makassar,117,106,106,0,10.6
2024-03-05,P003,Hemaviton C1000,Vitamin,O013,Makassar Prime Pharmacy,Sulawesi,Makassar,89,76,76,0,5.6
2024-03-05,P004,Vidoran Smart,Multivitamin,O013,Makassar Prime Pharmacy,Sulawesi,Makassar,97,78,78,0,7.3
2024-03-05,P005,Marina Skin Care,Skin Care,O013,Makassar Prime Pharmacy,Sulawesi,Makassar,155,112,112,0,7.7
2024-03-05,P001,Tempra,Fever & Pain,O014,Makassar Health Mart,Sulawesi,Makassar,106,90,90,0,7.8
2024-03-05,P002,Bodrex Flu & Batuk,Cough & Cold,O014,Makassar Health Mart,Sulawesi,Makassar,142,103,103,0,7.6
2024-03-05,P003,Hemaviton C1000,Vitamin,O014,Makassar Health Mart,Sulawesi,Makassar,90,74,74,0,8.8
2024-03-05,P004,Vidoran Smart,Multivitamin,O014,Makassar Health Mart,Sulawesi,Makassar,101,62,62,0,5.0
2024-03-05,P005,Marina Skin Care,Skin Care,O014,Makassar Health Mart,Sulawesi,Makassar,116,92,92,0,7.9
2024-03-06,P001,Tempra,Fever & Pain,O001,Bandung Prime Pharmacy,Jawa Barat,Bandung,105,87,87,0,6.6
2024-03-06,P002,Bodrex Flu & Batuk,Cough & Cold,O001,Bandung Prime Pharmacy,Jawa Barat,Bandung,109,74,74,0,6.5
2024-03-06,P003,Hemaviton C1000,Vitamin,O001,Bandung Prime Pharmacy,Jawa Barat,Bandung,152,115,115,0,12.1
2024-03-06,P004,Vidoran Smart,Multivitamin,O001,Bandung Prime Pharmacy,Jawa Barat,Bandung,93,82,82,0,7.4
2024-03-06,P005,Marina Skin Care,Skin Care,O001,Bandung Prime Pharmacy,Jawa Barat,Bandung,140,117,117,0,13.8
2024-03-06,P001,Tempra,Fever & Pain,O002,Bandung Health Mart,Jawa Barat,Bandung,130,95,95,0,11.2
2024-03-06,P002,Bodrex Flu & Batuk,Cough & Cold,O002,Bandung Health Mart,Jawa Barat,Bandung,145,103,103,0,7.0
2024-03-06,P003,Hemaviton C1000,Vitamin,O002,Bandung Health Mart,Jawa Barat,Bandung,128,115,115,0,11.7
2024-03-06,P004,Vidoran Smart,Multivitamin,O002,Bandung Health Mart,Jawa Barat,Bandung,110,68,68,0,5.2
2024-03-06,P005,Marina Skin Care,Skin Care,O002,Bandung Health Mart,Jawa Barat,Bandung,103,84,84,0,7.1
2024-03-06,P001,Tempra,Fever & Pain,O003,Bekasi Prime Pharmacy,Jawa Barat,Bekasi,110,98,98,0,11.8
2024-03-06,P002,Bodrex Flu & Batuk,Cough & Cold,O003,Bekasi Prime Pharmacy,Jawa Barat,Bekasi,108,82,82,0,7.1
2024-03-06,P003,Hemaviton C1000,Vitamin,O003,Bekasi Prime Pharmacy,Jawa Barat,Bekasi,140,113,113,0,12.3
2024-03-06,P004,Vidoran Smart,Multivitamin,O003,Bekasi Prime Pharmacy,Jawa Barat,Bekasi,93,68,68,0,4.9
2024-03-06,P005,Marina Skin Care,Skin Care,O003,Bekasi Prime Pharmacy,Jawa Barat,Bekasi,106,64,64,0,5.2
2024-03-06,P001,Tempra,Fever & Pain,O004,Bekasi Health Mart,Jawa Barat,Bekasi,112,97,97,0,10.9
2024-03-06,P002,Bodrex Flu & Batuk,Cough & Cold,O004,Bekasi Health Mart,Jawa Barat,Bekasi,152,113,113,0,9.8
2024-03-06,P003,Hemaviton C1000,Vitamin,O004,Bekasi Health Mart,Jawa Barat,Bekasi,55,43,43,0,3.1
2024-03-06,P004,Vidoran Smart,Multivitamin,O004,Bekasi Health Mart,Jawa Barat,Bekasi,108,72,72,0,5.0
2024-03-06,P005,Marina Skin Care,Skin Care,O004,Bekasi Health Mart,Jawa Barat,Bekasi,84,56,56,0,5.2
2024-03-06,P001,Tempra,Fever & Pain,O005,Surabaya Prime Pharmacy,Jawa Timur,Surabaya,90,75,75,0,6.1
2024-03-06,P002,Bodrex Flu & Batuk,Cough & Cold,O005,Surabaya Prime Pharmacy,Jawa Timur,Surabaya,81,51,51,0,3.7
2024-03-06,P003,Hemaviton C1000,Vitamin,O005,Surabaya Prime Pharmacy,Jawa Timur,Surabaya,89,53,53,0,3.7
2024-03-06,P004,Vidoran Smart,Multivitamin,O005,Surabaya Prime Pharmacy,Jawa Timur,Surabaya,100,77,77,0,6.4
2024-03-06,P005,Marina Skin Care,Skin Care,O005,Surabaya Prime Pharmacy,Jawa Timur,Surabaya,83,73,73,0,8.3
2024-03-06,P001,Tempra,Fever & Pain,O006,Surabaya Health Mart,Jawa Timur,Surabaya,119,79,79,0,6.8
2024-03-06,P002,Bodrex Flu & Batuk,Cough & Cold,O006,Surabaya Health Mart,Jawa Timur,Surabaya,158,126,126,0,12.7
2024-03-06,P003,Hemaviton C1000,Vitamin,O006,Surabaya Health Mart,Jawa Timur,Surabaya,156,118,118,0,13.0
2024-03-06,P004,Vidoran Smart,Multivitamin,O006,Surabaya Health Mart,Jawa Timur,Surabaya,153,111,111,0,11.1
2024-03-06,P005,Marina Skin Care,Skin Care,O006,Surabaya Health Mart,Jawa Timur,Surabaya,111,96,96,0,6.5
2024-03-06,P001,Tempra,Fever & Pain,O007,Semarang Prime Pharmacy,Jawa Tengah,Semarang,98,63,63,0,4.6
2024-03-06,P002,Bodrex Flu & Batuk,Cough & Cold,O007,Semarang Prime Pharmacy,Jawa Tengah,Semarang,113,81,81,0,7.9
2024-03-06,P003,Hemaviton C1000,Vitamin,O007,Semarang Prime Pharmacy,Jawa Tengah,Semarang,121,91,91,0,9.2
2024-03-06,P004,Vidoran Smart,Multivitamin,O007,Semarang Prime Pharmacy,Jawa Tengah,Semarang,107,93,93,0,6.4
2024-03-06,P005,Marina Skin Care,Skin Care,O007,Semarang Prime Pharmacy,Jawa Tengah,Semarang,164,142,142,0,16.1
2024-03-06,P001,Tempra,Fever & Pain,O008,Semarang Health Mart,Jawa Tengah,Semarang,138,106,106,0,7.4
2024-03-06,P002,Bodrex Flu & Batuk,Cough & Cold,O008,Semarang Health Mart,Jawa Tengah,Semarang,165,148,148,0,10.5
2024-03-06,P003,Hemaviton C1000,Vitamin,O008,Semarang Health Mart,Jawa Tengah,Semarang,85,75,75,0,9.3
2024-03-06,P004,Vidoran Smart,Multivitamin,O008,Semarang Health Mart,Jawa Tengah,Semarang,107,79,79,0,8.5
2024-03-06,P005,Marina Skin Care,Skin Care,O008,Semarang Health Mart,Jawa Tengah,Semarang,103,87,87,0,8.9
2024-03-06,P001,Tempra,Fever & Pain,O009,Medan Prime Pharmacy,Sumatera,Medan,90,54,54,0,4.2
2024-03-06,P002,Bodrex Flu & Batuk,Cough & Cold,O009,Medan Prime Pharmacy,Sumatera,Medan,142,119,119,0,10.2
2024-03-06,P003,Hemaviton C1000,Vitamin,O009,Medan Prime Pharmacy,Sumatera,Medan,91,71,71,0,7.6
2024-03-06,P004,Vidoran Smart,Multivitamin,O009,Medan Prime Pharmacy,Sumatera,Medan,122,111,111,0,13.0
2024-03-06,P005,Marina Skin Care,Skin Care,O009,Medan Prime Pharmacy,Sumatera,Medan,120,82,82,0,7.2
2024-03-06,P001,Tempra,Fever & Pain,O010,Medan Health Mart,Sumatera,Medan,143,100,100,0,10.8
2024-03-06,P002,Bodrex Flu & Batuk,Cough & Cold,O010,Medan Health Mart,Sumatera,Medan,112,90,90,0,8.8
2024-03-06,P003,Hemaviton C1000,Vitamin,O010,Medan Health Mart,Sumatera,Medan,161,120,120,0,11.8
2024-03-06,P004,Vidoran Smart,Multivitamin,O010,Medan Health Mart,Sumatera,Medan,90,72,72,0,6.6
2024-03-06,P005,Marina Skin Care,Skin Care,O010,Medan Health Mart,Sumatera,Medan,102,81,81,0,5.8
2024-03-06,P001,Tempra,Fever & Pain,O011,Balikpapan Prime Pharmacy,Kalimantan,Balikpapan,124,107,107,0,9.0
2024-03-06,P002,Bodrex Flu & Batuk,Cough & Cold,O011,Balikpapan Prime Pharmacy,Kalimantan,Balikpapan,133,89,89,0,10.3
2024-03-06,P003,Hemaviton C1000,Vitamin,O011,Balikpapan Prime Pharmacy,Kalimantan,Balikpapan,117,87,87,0,9.7
2024-03-06,P004,Vidoran Smart,Multivitamin,O011,Balikpapan Prime Pharmacy,Kalimantan,Balikpapan,78,46,46,0,3.6
2024-03-06,P005,Marina Skin Care,Skin Care,O011,Balikpapan Prime Pharmacy,Kalimantan,Balikpapan,117,101,101,0,6.9
2024-03-06,P001,Tempra,Fever & Pain,O012,Balikpapan Health Mart,Kalimantan,Balikpapan,141,102,102,0,7.8
2024-03-06,P002,Bodrex Flu & Batuk,Cough & Cold,O012,Balikpapan Health Mart,Kalimantan,Balikpapan,140,102,102,0,9.0
2024-03-06,P003,Hemaviton C1000,Vitamin,O012,Balikpapan Health Mart,Kalimantan,Balikpapan,141,98,98,0,8.3
2024-03-06,P004,Vidoran Smart,Multivitamin,O012,Balikpapan Health Mart,Kalimantan,Balikpapan,59,31,31,0,3.0
2024-03-06,P005,Marina Skin Care,Skin Care,O012,Balikpapan Health Mart,Kalimantan,Balikpapan,167,128,128,0,9.3
2024-03-06,P001,Tempra,Fever & Pain,O013,Makassar Prime Pharmacy,Sulawesi,Makassar,165,129,129,0,9.8
2024-03-06,P002,Bodrex Flu & Batuk,Cough & Cold,O013,Makassar Prime Pharmacy,Sulawesi,Makassar,115,86,86,0,9.3
2024-03-06,P003,Hemaviton C1000,Vitamin,O013,Makassar Prime Pharmacy,Sulawesi,Makassar,102,67,67,0,7.6
2024-03-06,P004,Vidoran Smart,Multivitamin,O013,Makassar Prime Pharmacy,Sulawesi,Makassar,166,146,146,0,17.2
2024-03-06,P005,Marina Skin Care,Skin Care,O013,Makassar Prime Pharmacy,Sulawesi,Makassar,132,100,100,0,6.9
2024-03-06,P001,Tempra,Fever & Pain,O014,Makassar Health Mart,Sulawesi,Makassar,168,125,125,0,10.1
2024-03-06,P002,Bodrex Flu & Batuk,Cough & Cold,O014,Makassar Health Mart,Sulawesi,Makassar,112,82,82,0,8.0
2024-03-06,P003,Hemaviton C1000,Vitamin,O014,Makassar Health Mart,Sulawesi,Makassar,111,93,93,0,9.1
2024-03-06,P004,Vidoran Smart,Multivitamin,O014,Makassar Health Mart,Sulawesi,Makassar,72,45,45,0,3.7
2024-03-06,P005,Marina Skin Care,Skin Care,O014,Makassar Health Mart,Sulawesi,Makassar,131,92,92,0,7.0
2024-03-07,P001,Tempra,Fever & Pain,O001,Bandung Prime Pharmacy,Jawa Barat,Bandung,61,30,30,0,2.7
2024-03-07,P002,Bodrex Flu & Batuk,Cough & Cold,O001,Bandung Prime Pharmacy,Jawa Barat,Bandung,121,91,91,0,9.3
2024-03-07,P003,Hemaviton C1000,Vitamin,O001,Bandung Prime Pharmacy,Jawa Barat,Bandung,135,95,95,0,6.4
2024-03-07,P004,Vidoran Smart,Multivitamin,O001,Bandung Prime Pharmacy,Jawa Barat,Bandung,130,106,106,0,7.4
2024-03-07,P005,Marina Skin Care,Skin Care,O001,Bandung Prime Pharmacy,Jawa Barat,Bandung,85,62,62,0,5.7
2024-03-07,P001,Tempra,Fever & Pain,O002,Bandung Health Mart,Jawa Barat,Bandung,85,55,55,0,4.7
2024-03-07,P002,Bodrex Flu & Batuk,Cough & Cold,O002,Bandung Health Mart,Jawa Barat,Bandung,161,122,122,0,9.4
2024-03-07,P003,Hemaviton C1000,Vitamin,O002,Bandung Health Mart,Jawa Barat,Bandung,121,97,97,0,10.0
2024-03-07,P004,Vidoran Smart,Multivitamin,O002,Bandung Health Mart,Jawa Barat,Bandung,120,87,87,0,6.8
2024-03-07,P005,Marina Skin Care,Skin Care,O002,Bandung Health Mart,Jawa Barat,Bandung,95,67,67,0,4.9
2024-03-07,P001,Tempra,Fever & Pain,O003,Bekasi Prime Pharmacy,Jawa Barat,Bekasi,108,82,82,0,7.7
2024-03-07,P002,Bodrex Flu & Batuk,Cough & Cold,O003,Bekasi Prime Pharmacy,Jawa Barat,Bekasi,104,85,85,0,8.2
2024-03-07,P003,Hemaviton C1000,Vitamin,O003,Bekasi Prime Pharmacy,Jawa Barat,Bekasi,97,65,65,0,6.6
2024-03-07,P004,Vidoran Smart,Multivitamin,O003,Bekasi Prime Pharmacy,Jawa Barat,Bekasi,113,90,90,0,8.7
2024-03-07,P005,Marina Skin Care,Skin Care,O003,Bekasi Prime Pharmacy,Jawa Barat,Bekasi,171,126,126,0,14.3
2024-03-07,P001,Tempra,Fever & Pain,O004,Bekasi Health Mart,Jawa Barat,Bekasi,114,91,91,0,6.2
2024-03-07,P002,Bodrex Flu & Batuk,Cough & Cold,O004,Bekasi Health Mart,Jawa Barat,Bekasi,100,76,76,0,6.9
2024-03-07,P003,Hemaviton C1000,Vitamin,O004,Bekasi Health Mart,Jawa Barat,Bekasi,147,114,114,0,12.1
2024-03-07,P004,Vidoran Smart,Multivitamin,O004,Bekasi Health Mart,Jawa Barat,Bekasi,131,92,92,0,6.9
2024-03-07,P005,Marina Skin Care,Skin Care,O004,Bekasi Health Mart,Jawa Barat,Bekasi,106,86,86,0,8.5
2024-03-07,P001,Tempra,Fever & Pain,O005,Surabaya Prime Pharmacy,Jawa Timur,Surabaya,128,89,89,0,10.6
2024-03-07,P002,Bodrex Flu & Batuk,Cough & Cold,O005,Surabaya Prime Pharmacy,Jawa Timur,Surabaya,118,102,102,0,9.1
2024-03-07,P003,Hemaviton C1000,Vitamin,O005,Surabaya Prime Pharmacy,Jawa Timur,Surabaya,92,81,81,0,9.1
2024-03-07,P004,Vidoran Smart,Multivitamin,O005,Surabaya Prime Pharmacy,Jawa Timur,Surabaya,143,119,119,0,12.3
2024-03-07,P005,Marina Skin Care,Skin Care,O005,Surabaya Prime Pharmacy,Jawa Timur,Surabaya,121,94,94,0,10.8
2024-03-07,P001,Tempra,Fever & Pain,O006,Surabaya Health Mart,Jawa Timur,Surabaya,110,83,83,0,6.0
2024-03-07,P002,Bodrex Flu & Batuk,Cough & Cold,O006,Surabaya Health Mart,Jawa Timur,Surabaya,125,110,110,0,12.6
2024-03-07,P003,Hemaviton C1000,Vitamin,O006,Surabaya Health Mart,Jawa Timur,Surabaya,107,71,71,0,5.3
2024-03-07,P004,Vidoran Smart,Multivitamin,O006,Surabaya Health Mart,Jawa Timur,Surabaya,128,97,97,0,10.1
2024-03-07,P005,Marina Skin Care,Skin Care,O006,Surabaya Health Mart,Jawa Timur,Surabaya,138,111,111,0,7.8
2024-03-07,P001,Tempra,Fever & Pain,O007,Semarang Prime Pharmacy,Jawa Tengah,Semarang,151,113,113,0,8.1
2024-03-07,P002,Bodrex Flu & Batuk,Cough & Cold,O007,Semarang Prime Pharmacy,Jawa Tengah,Semarang,158,126,126,0,9.2
2024-03-07,P003,Hemaviton C1000,Vitamin,O007,Semarang Prime Pharmacy,Jawa Tengah,Semarang,122,92,92,0,6.9
2024-03-07,P004,Vidoran Smart,Multivitamin,O007,Semarang Prime Pharmacy,Jawa Tengah,Semarang,51,41,41,0,4.3
2024-03-07,P005,Marina Skin Care,Skin Care,O007,Semarang Prime Pharmacy,Jawa Tengah,Semarang,116,104,104,0,9.8
2024-03-07,P001,Tempra,Fever & Pain,O008,Semarang Health Mart,Jawa Tengah,Semarang,164,125,125,0,14.4
2024-03-07,P002,Bodrex Flu & Batuk,Cough & Cold,O008,Semarang Health Mart,Jawa Tengah,Semarang,100,88,88,0,7.8
2024-03-07,P003,Hemaviton C1000,Vitamin,O008,Semarang Health Mart,Jawa Tengah,Semarang,129,115,115,0,14.3
2024-03-07,P004,Vidoran Smart,Multivitamin,O008,Semarang Health Mart,Jawa Tengah,Semarang,93,74,74,0,5.3
2024-03-07,P005,Marina Skin Care,Skin Care,O008,Semarang Health Mart,Jawa Tengah,Semarang,184,156,156,0,13.6
2024-03-07,P001,Tempra,Fever & Pain,O009,Medan Prime Pharmacy,Sumatera,Medan,169,130,130,0,10.7
2024-03-07,P002,Bodrex Flu & Batuk,Cough & Cold,O009,Medan Prime Pharmacy,Sumatera,Medan,142,102,102,0,8.0
2024-03-07,P003,Hemaviton C1000,Vitamin,O009,Medan Prime Pharmacy,Sumatera,Medan,168,134,134,0,10.3
2024-03-07,P004,Vidoran Smart,Multivitamin,O009,Medan Prime Pharmacy,Sumatera,Medan,105,81,81,0,8.9
2024-03-07,P005,Marina Skin Care,Skin Care,O009,Medan Prime Pharmacy,Sumatera,Medan,112,97,97,0,10.8
2024-03-07,P001,Tempra,Fever & Pain,O010,Medan Health Mart,Sumatera,Medan,141,103,103,0,8.9
2024-03-07,P002,Bodrex Flu & Batuk,Cough & Cold,O010,Medan Health Mart,Sumatera,Medan,84,71,71,0,5.7
2024-03-07,P003,Hemaviton C1000,Vitamin,O010,Medan Health Mart,Sumatera,Medan,104,64,64,0,4.7
2024-03-07,P004,Vidoran Smart,Multivitamin,O010,Medan Health Mart,Sumatera,Medan,105,89,89,0,7.7
2024-03-07,P005,Marina Skin Care,Skin Care,O010,Medan Health Mart,Sumatera,Medan,112,101,101,0,8.5
2024-03-07,P001,Tempra,Fever & Pain,O011,Balikpapan Prime Pharmacy,Kalimantan,Balikpapan,174,144,144,0,10.5
2024-03-07,P002,Bodrex Flu & Batuk,Cough & Cold,O011,Balikpapan Prime Pharmacy,Kalimantan,Balikpapan,137,98,98,0,7.2
2024-03-07,P003,Hemaviton C1000,Vitamin,O011,Balikpapan Prime Pharmacy,Kalimantan,Balikpapan,128,103,103,0,9.8
2024-03-07,P004,Vidoran Smart,Multivitamin,O011,Balikpapan Prime Pharmacy,Kalimantan,Balikpapan,145,129,129,0,9.2
2024-03-07,P005,Marina Skin Care,Skin Care,O011,Balikpapan Prime Pharmacy,Kalimantan,Balikpapan,110,84,84,0,8.8
2024-03-07,P001,Tempra,Fever & Pain,O012,Balikpapan Health Mart,Kalimantan,Balikpapan,78,67,67,0,5.1
2024-03-07,P002,Bodrex Flu & Batuk,Cough & Cold,O012,Balikpapan Health Mart,Kalimantan,Balikpapan,94,72,72,0,5.8
2024-03-07,P003,Hemaviton C1000,Vitamin,O012,Balikpapan Health Mart,Kalimantan,Balikpapan,103,59,59,0,4.0
2024-03-07,P004,Vidoran Smart,Multivitamin,O012,Balikpapan Health Mart,Kalimantan,Balikpapan,125,90,90,0,7.0
2024-03-07,P005,Marina Skin Care,Skin Care,O012,Balikpapan Health Mart,Kalimantan,Balikpapan,154,132,132,0,9.6
2024-03-07,P001,Tempra,Fever & Pain,O013,Makassar Prime Pharmacy,Sulawesi,Makassar,138,105,105,0,12.2
2024-03-07,P002,Bodrex Flu & Batuk,Cough & Cold,O013,Makassar Prime Pharmacy,Sulawesi,Makassar,97,86,86,0,7.2
2024-03-07,P003,Hemaviton C1000,Vitamin,O013,Makassar Prime Pharmacy,Sulawesi,Makassar,101,85,85,0,6.0
2024-03-07,P004,Vidoran Smart,Multivitamin,O013,Makassar Prime Pharmacy,Sulawesi,Makassar,95,76,76,0,9.2
2024-03-07,P005,Marina Skin Care,Skin Care,O013,Makassar Prime Pharmacy,Sulawesi,Makassar,138,109,109,0,12.4
2024-03-07,P001,Tempra,Fever & Pain,O014,Makassar Health Mart,Sulawesi,Makassar,128,114,114,0,8.6
2024-03-07,P002,Bodrex Flu & Batuk,Cough & Cold,O014,Makassar Health Mart,Sulawesi,Makassar,138,116,116,0,9.9
2024-03-07,P003,Hemaviton C1000,Vitamin,O014,Makassar Health Mart,Sulawesi,Makassar,98,76,76,0,8.0
2024-03-07,P004,Vidoran Smart,Multivitamin,O014,Makassar Health Mart,Sulawesi,Makassar,136,94,94,0,8.9
2024-03-07,P005,Marina Skin Care,Skin Care,O014,Makassar Health Mart,Sulawesi,Makassar,149,111,111,0,10.3
2024-03-08,P001,Tempra,Fever & Pain,O001,Bandung Prime Pharmacy,Jawa Barat,Bandung,95,72,72,0,6.9
2024-03-08,P002,Bodrex Flu & Batuk,Cough & Cold,O001,Bandung Prime Pharmacy,Jawa Barat,Bandung,25,0,0,1,0
2024-03-08,P003,Hemaviton C1000,Vitamin,O001,Bandung Prime Pharmacy,Jawa Barat,Bandung,126,99,99,0,8.6
2024-03-08,P004,Vidoran Smart,Multivitamin,O001,Bandung Prime Pharmacy,Jawa Barat,Bandung,85,43,43,0,3.5
2024-03-08,P005,Marina Skin Care,Skin Care,O001,Bandung Prime Pharmacy,Jawa Barat,Bandung,103,79,79,0,5.8
2024-03-08,P001,Tempra,Fever & Pain,O002,Bandung Health Mart,Jawa Barat,Bandung,146,102,102,0,9.3
2024-03-08,P002,Bodrex Flu & Batuk,Cough & Cold,O002,Bandung Health Mart,Jawa Barat,Bandung,126,110,110,0,8.7
2024-03-08,P003,Hemaviton C1000,Vitamin,O002,Bandung Health Mart,Jawa Barat,Bandung,123,88,88,0,6.8
2024-03-08,P004,Vidoran Smart,Multivitamin,O002,Bandung Health Mart,Jawa Barat,Bandung,111,93,93,0,7.2
2024-03-08,P005,Marina Skin Care,Skin Care,O002,Bandung Health Mart,Jawa Barat,Bandung,124,84,84,0,7.5
2024-03-08,P001,Tempra,Fever & Pain,O003,Bekasi Prime Pharmacy,Jawa Barat,Bekasi,154,125,125,0,9.6
2024-03-08,P002,Bodrex Flu & Batuk,Cough & Cold,O003,Bekasi Prime Pharmacy,Jawa Barat,Bekasi,24,0,0,1,0
2024-03-08,P003,Hemaviton C1000,Vitamin,O003,Bekasi Prime Pharmacy,Jawa Barat,Bekasi,143,104,104,0,8.4
2024-03-08,P004,Vidoran Smart,Multivitamin,O003,Bekasi Prime Pharmacy,Jawa Barat,Bekasi,51,25,25,0,2.2
2024-03-08,P005,Marina Skin Care,Skin Care,O003,Bekasi Prime Pharmacy,Jawa Barat,Bekasi,78,57,57,0,4.5
2024-03-08,P001,Tempra,Fever & Pain,O004,Bekasi Health Mart,Jawa Barat,Bekasi,130,119,119,0,12.4
2024-03-08,P002,Bodrex Flu & Batuk,Cough & Cold,O004,Bekasi Health Mart,Jawa Barat,Bekasi,120,99,99,0,8.3
2024-03-08,P003,Hemaviton C1000,Vitamin,O004,Bekasi Health Mart,Jawa Barat,Bekasi,163,133,133,0,13.3
2024-03-08,P004,Vidoran Smart,Multivitamin,O004,Bekasi Health Mart,Jawa Barat,Bekasi,126,89,89,0,11.0
2024-03-08,P005,Marina Skin Care,Skin Care,O004,Bekasi Health Mart,Jawa Barat,Bekasi,142,104,104,0,8.4
2024-03-08,P001,Tempra,Fever & Pain,O005,Surabaya Prime Pharmacy,Jawa Timur,Surabaya,110,95,95,0,6.4
2024-03-08,P002,Bodrex Flu & Batuk,Cough & Cold,O005,Surabaya Prime Pharmacy,Jawa Timur,Surabaya,113,81,81,0,6.0
2024-03-08,P003,Hemaviton C1000,Vitamin,O005,Surabaya Prime Pharmacy,Jawa Timur,Surabaya,128,85,85,0,7.1
2024-03-08,P004,Vidoran Smart,Multivitamin,O005,Surabaya Prime Pharmacy,Jawa Timur,Surabaya,113,94,94,0,9.0
2024-03-08,P005,Marina Skin Care,Skin Care,O005,Surabaya Prime Pharmacy,Jawa Timur,Surabaya,106,71,71,0,5.1
2024-03-08,P001,Tempra,Fever & Pain,O006,Surabaya Health Mart,Jawa Timur,Surabaya,143,129,129,0,9.3
2024-03-08,P002,Bodrex Flu & Batuk,Cough & Cold,O006,Surabaya Health Mart,Jawa Timur,Surabaya,121,91,91,0,6.4
2024-03-08,P003,Hemaviton C1000,Vitamin,O006,Surabaya Health Mart,Jawa Timur,Surabaya,64,53,53,0,3.7
2024-03-08,P004,Vidoran Smart,Multivitamin,O006,Surabaya Health Mart,Jawa Timur,Surabaya,119,87,87,0,7.3
2024-03-08,P005,Marina Skin Care,Skin Care,O006,Surabaya Health Mart,Jawa Timur,Surabaya,116,104,104,0,12.9
2024-03-08,P001,Tempra,Fever & Pain,O007,Semarang Prime Pharmacy,Jawa Tengah,Semarang,144,130,130,0,9.1
2024-03-08,P002,Bodrex Flu & Batuk,Cough & Cold,O007,Semarang Prime Pharmacy,Jawa Tengah,Semarang,107,95,95,0,10.3
2024-03-08,P003,Hemaviton C1000,Vitamin,O007,Semarang Prime Pharmacy,Jawa Tengah,Semarang,133,123,123,0,12.1
2024-03-08,P004,Vidoran Smart,Multivitamin,O007,Semarang Prime Pharmacy,Jawa Tengah,Semarang,127,93,93,0,6.5
2024-03-08,P005,Marina Skin Care,Skin Care,O007,Semarang Prime Pharmacy,Jawa Tengah,Semarang,115,70,70,0,5.9
2024-03-08,P001,Tempra,Fever & Pain,O008,Semarang Health Mart,Jawa Tengah,Semarang,144,115,115,0,9.9
2024-03-08,P002,Bodrex Flu & Batuk,Cough & Cold,O008,Semarang Health Mart,Jawa Tengah,Semarang,124,89,89,0,8.4
2024-03-08,P003,Hemaviton C1000,Vitamin,O008,Semarang Health Mart,Jawa Tengah,Semarang,37,22,22,0,1.7
2024-03-08,P004,Vidoran Smart,Multivitamin,O008,Semarang Health Mart,Jawa Tengah,Semarang,73,57,57,0,6.8
2024-03-08,P005,Marina Skin Care,Skin Care,O008,Semarang Health Mart,Jawa Tengah,Semarang,97,76,76,0,6.6
2024-03-08,P001,Tempra,Fever & Pain,O009,Medan Prime Pharmacy,Sumatera,Medan,86,49,49,0,5.4
2024-03-08,P002,Bodrex Flu & Batuk,Cough & Cold,O009,Medan Prime Pharmacy,Sumatera,Medan,107,97,97,0,6.6
2024-03-08,P003,Hemaviton C1000,Vitamin,O009,Medan Prime Pharmacy,Sumatera,Medan,129,107,107,0,9.4
2024-03-08,P004,Vidoran Smart,Multivitamin,O009,Medan Prime Pharmacy,Sumatera,Medan,122,97,97,0,6.6
2024-03-08,P005,Marina Skin Care,Skin Care,O009,Medan Prime Pharmacy,Sumatera,Medan,103,89,89,0,9.1
2024-03-08,P001,Tempra,Fever & Pain,O010,Medan Health Mart,Sumatera,Medan,143,104,104,0,9.7
2024-03-08,P002,Bodrex Flu & Batuk,Cough & Cold,O010,Medan Health Mart,Sumatera,Medan,118,96,96,0,9.5
2024-03-08,P003,Hemaviton C1000,Vitamin,O010,Medan Health Mart,Sumatera,Medan,135,93,93,0,10.7
2024-03-08,P004,Vidoran Smart,Multivitamin,O010,Medan Health Mart,Sumatera,Medan,136,117,117,0,7.9
2024-03-08,P005,Marina Skin Care,Skin Care,O010,Medan Health Mart,Sumatera,Medan,66,52,52,0,6.0
2024-03-08,P001,Tempra,Fever & Pain,O011,Balikpapan Prime Pharmacy,Kalimantan,Balikpapan,152,109,109,0,8.2
2024-03-08,P002,Bodrex Flu & Batuk,Cough & Cold,O011,Balikpapan Prime Pharmacy,Kalimantan,Balikpapan,124,92,92,0,7.3
2024-03-08,P003,Hemaviton C1000,Vitamin,O011,Balikpapan Prime Pharmacy,Kalimantan,Balikpapan,115,70,70,0,5.8
2024-03-08,P004,Vidoran Smart,Multivitamin,O011,Balikpapan Prime Pharmacy,Kalimantan,Balikpapan,164,139,139,0,13.1
2024-03-08,P005,Marina Skin Care,Skin Care,O011,Balikpapan Prime Pharmacy,Kalimantan,Balikpapan,115,86,86,0,7.9
2024-03-08,P001,Tempra,Fever & Pain,O012,Balikpapan Health Mart,Kalimantan,Balikpapan,164,129,129,0,13.8
2024-03-08,P002,Bodrex Flu & Batuk,Cough & Cold,O012,Balikpapan Health Mart,Kalimantan,Balikpapan,159,126,126,0,11.4
2024-03-08,P003,Hemaviton C1000,Vitamin,O012,Balikpapan Health Mart,Kalimantan,Balikpapan,154,121,121,0,11.6
2024-03-08,P004,Vidoran Smart,Multivitamin,O012,Balikpapan Health Mart,Kalimantan,Balikpapan,122,95,95,0,7.7
2024-03-08,P005,Marina Skin Care,Skin Care,O012,Balikpapan Health Mart,Kalimantan,Balikpapan,101,57,57,0,4.0
2024-03-08,P001,Tempra,Fever & Pain,O013,Makassar Prime Pharmacy,Sulawesi,Makassar,139,123,123,0,12.2
2024-03-08,P002,Bodrex Flu & Batuk,Cough & Cold,O013,Makassar Prime Pharmacy,Sulawesi,Makassar,145,105,105,0,10.8
2024-03-08,P003,Hemaviton C1000,Vitamin,O013,Makassar Prime Pharmacy,Sulawesi,Makassar,80,65,65,0,5.1
2024-03-08,P004,Vidoran Smart,Multivitamin,O013,Makassar Prime Pharmacy,Sulawesi,Makassar,141,104,104,0,9.4
2024-03-08,P005,Marina Skin Care,Skin Care,O013,Makassar Prime Pharmacy,Sulawesi,Makassar,98,63,63,0,6.5
2024-03-08,P001,Tempra,Fever & Pain,O014,Makassar Health Mart,Sulawesi,Makassar,125,83,83,0,5.7
2024-03-08,P002,Bodrex Flu & Batuk,Cough & Cold,O014,Makassar Health Mart,Sulawesi,Makassar,107,93,93,0,7.7
2024-03-08,P003,Hemaviton C1000,Vitamin,O014,Makassar Health Mart,Sulawesi,Makassar,117,79,79,0,5.3
2024-03-08,P004,Vidoran Smart,Multivitamin,O014,Makassar Health Mart,Sulawesi,Makassar,116,80,80,0,7.7
2024-03-08,P005,Marina Skin Care,Skin Care,O014,Makassar Health Mart,Sulawesi,Makassar,104,85,85,0,9.1
2024-03-09,P001,Tempra,Fever & Pain,O001,Bandung Prime Pharmacy,Jawa Barat,Bandung,118,84,84,0,5.6
2024-03-09,P002,Bodrex Flu & Batuk,Cough & Cold,O001,Bandung Prime Pharmacy,Jawa Barat,Bandung,26,0,0,1,0
2024-03-09,P003,Hemaviton C1000,Vitamin,O001,Bandung Prime Pharmacy,Jawa Barat,Bandung,125,94,94,0,8.3
2024-03-09,P004,Vidoran Smart,Multivitamin,O001,Bandung Prime Pharmacy,Jawa Barat,Bandung,109,74,74,0,6.4
2024-03-09,P005,Marina Skin Care,Skin Care,O001,Bandung Prime Pharmacy,Jawa Barat,Bandung,107,75,75,0,7.5
2024-03-09,P001,Tempra,Fever & Pain,O002,Bandung Health Mart,Jawa Barat,Bandung,81,67,67,0,6.8
2024-03-09,P002,Bodrex Flu & Batuk,Cough & Cold,O002,Bandung Health Mart,Jawa Barat,Bandung,149,133,133,0,9.4
2024-03-09,P003,Hemaviton C1000,Vitamin,O002,Bandung Health Mart,Jawa Barat,Bandung,100,84,84,0,7.3
2024-03-09,P004,Vidoran Smart,Multivitamin,O002,Bandung Health Mart,Jawa Barat,Bandung,133,100,100,0,7.1
2024-03-09,P005,Marina Skin Care,Skin Care,O002,Bandung Health Mart,Jawa Barat,Bandung,144,111,111,0,8.1
2024-03-09,P001,Tempra,Fever & Pain,O003,Bekasi Prime Pharmacy,Jawa Barat,Bekasi,129,86,86,0,8.5
2024-03-09,P002,Bodrex Flu & Batuk,Cough & Cold,O003,Bekasi Prime Pharmacy,Jawa Barat,Bekasi,26,0,0,1,0
2024-03-09,P003,Hemaviton C1000,Vitamin,O003,Bekasi Prime Pharmacy,Jawa Barat,Bekasi,163,136,136,0,16.1
2024-03-09,P004,Vidoran Smart,Multivitamin,O003,Bekasi Prime Pharmacy,Jawa Barat,Bekasi,144,109,109,0,9.5
2024-03-09,P005,Marina Skin Care,Skin Care,O003,Bekasi Prime Pharmacy,Jawa Barat,Bekasi,128,93,93,0,10.0
2024-03-09,P001,Tempra,Fever & Pain,O004,Bekasi Health Mart,Jawa Barat,Bekasi,115,96,96,0,6.5
2024-03-09,P002,Bodrex Flu & Batuk,Cough & Cold,O004,Bekasi Health Mart,Jawa Barat,Bekasi,85,66,66,0,7.4
2024-03-09,P003,Hemaviton C1000,Vitamin,O004,Bekasi Health Mart,Jawa Barat,Bekasi,91,58,58,0,5.3
2024-03-09,P004,Vidoran Smart,Multivitamin,O004,Bekasi Health Mart,Jawa Barat,Bekasi,133,116,116,0,11.6
2024-03-09,P005,Marina Skin Care,Skin Care,O004,Bekasi Health Mart,Jawa Barat,Bekasi,118,82,82,0,5.6
2024-03-09,P001,Tempra,Fever & Pain,O005,Surabaya Prime Pharmacy,Jawa Timur,Surabaya,93,65,65,0,6.3
2024-03-09,P002,Bodrex Flu & Batuk,Cough & Cold,O005,Surabaya Prime Pharmacy,Jawa Timur,Surabaya,63,49,49,0,5.1
2024-03-09,P003,Hemaviton C1000,Vitamin,O005,Surabaya Prime Pharmacy,Jawa Timur,Surabaya,75,43,43,0,3.3
2024-03-09,P004,Vidoran Smart,Multivitamin,O005,Surabaya Prime Pharmacy,Jawa Timur,Surabaya,96,69,69,0,4.7
2024-03-09,P005,Marina Skin Care,Skin Care,O005,Surabaya Prime Pharmacy,Jawa Timur,Surabaya,136,99,99,0,10.6
2024-03-09,P001,Tempra,Fever & Pain,O006,Surabaya Health Mart,Jawa Timur,Surabaya,91,60,60,0,6.2
2024-03-09,P002,Bodrex Flu & Batuk,Cough & Cold,O006,Surabaya Health Mart,Jawa Timur,Surabaya,146,116,116,0,11.6
2024-03-09,P003,Hemaviton C1000,Vitamin,O006,Surabaya Health Mart,Jawa Timur,Surabaya,125,96,96,0,6.7
2024-03-09,P004,Vidoran Smart,Multivitamin,O006,Surabaya Health Mart,Jawa Timur,Surabaya,153,136,136,0,10.6
2024-03-09,P005,Marina Skin Care,Skin Care,O006,Surabaya Health Mart,Jawa Timur,Surabaya,148,114,114,0,8.4
2024-03-09,P001,Tempra,Fever & Pain,O007,Semarang Prime Pharmacy,Jawa Tengah,Semarang,135,91,91,0,6.4
2024-03-09,P002,Bodrex Flu & Batuk,Cough & Cold,O007,Semarang Prime Pharmacy,Jawa Tengah,Semarang,89,78,78,0,6.2
2024-03-09,P003,Hemaviton C1000,Vitamin,O007,Semarang Prime Pharmacy,Jawa Tengah,Semarang,109,64,64,0,5.6
2024-03-09,P004,Vidoran Smart,Multivitamin,O007,Semarang Prime Pharmacy,Jawa Tengah,Semarang,96,64,64,0,4.9
2024-03-09,P005,Marina Skin Care,Skin Care,O007,Semarang Prime Pharmacy,Jawa Tengah,Semarang,73,55,55,0,6.3
2024-03-09,P001,Tempra,Fever & Pain,O008,Semarang Health Mart,Jawa Tengah,Semarang,105,80,80,0,9.3
2024-03-09,P002,Bodrex Flu & Batuk,Cough & Cold,O008,Semarang Health Mart,Jawa Tengah,Semarang,107,84,84,0,6.0
2024-03-09,P003,Hemaviton C1000,Vitamin,O008,Semarang Health Mart,Jawa Tengah,Semarang,93,73,73,0,7.3
2024-03-09,P004,Vidoran Smart,Multivitamin,O008,Semarang Health Mart,Jawa Tengah,Semarang,90,56,56,0,3.9
2024-03-09,P005,Marina Skin Care,Skin Care,O008,Semarang Health Mart,Jawa Tengah,Semarang,84,63,63,0,4.3
2024-03-09,P001,Tempra,Fever & Pain,O009,Medan Prime Pharmacy,Sumatera,Medan,95,68,68,0,4.6
2024-03-09,P002,Bodrex Flu & Batuk,Cough & Cold,O009,Medan Prime Pharmacy,Sumatera,Medan,104,94,94,0,6.4
2024-03-09,P003,Hemaviton C1000,Vitamin,O009,Medan Prime Pharmacy,Sumatera,Medan,100,85,85,0,9.2
2024-03-09,P004,Vidoran Smart,Multivitamin,O009,Medan Prime Pharmacy,Sumatera,Medan,77,43,43,0,3.0
2024-03-09,P005,Marina Skin Care,Skin Care,O009,Medan Prime Pharmacy,Sumatera,Medan,101,77,77,0,7.9
2024-03-09,P001,Tempra,Fever & Pain,O010,Medan Health Mart,Sumatera,Medan,102,69,69,0,4.9
2024-03-09,P002,Bodrex Flu & Batuk,Cough & Cold,O010,Medan Health Mart,Sumatera,Medan,106,96,96,0,10.4
2024-03-09,P003,Hemaviton C1000,Vitamin,O010,Medan Health Mart,Sumatera,Medan,130,108,108,0,7.4
2024-03-09,P004,Vidoran Smart,Multivitamin,O010,Medan Health Mart,Sumatera,Medan,146,109,109,0,9.9
2024-03-09,P005,Marina Skin Care,Skin Care,O010,Medan Health Mart,Sumatera,Medan,158,119,119,0,9.6
2024-03-09,P001,Tempra,Fever & Pain,O011,Balikpapan Prime Pharmacy,Kalimantan,Balikpapan,105,79,79,0,7.3
2024-03-09,P002,Bodrex Flu & Batuk,Cough & Cold,O011,Balikpapan Prime Pharmacy,Kalimantan,Balikpapan,104,67,67,0,8.3
2024-03-09,P003,Hemaviton C1000,Vitamin,O011,Balikpapan Prime Pharmacy,Kalimantan,Balikpapan,95,73,73,0,5.2
2024-03-09,P004,Vidoran Smart,Multivitamin,O011,Balikpapan Prime Pharmacy,Kalimantan,Balikpapan,114,88,88,0,8.0
2024-03-09,P005,Marina Skin Care,Skin Care,O011,Balikpapan Prime Pharmacy,Kalimantan,Balikpapan,157,143,143,0,15.3
2024-03-09,P001,Tempra,Fever & Pain,O012,Balikpapan Health Mart,Kalimantan,Balikpapan,109,68,68,0,7.7
2024-03-09,P002,Bodrex Flu & Batuk,Cough & Cold,O012,Balikpapan Health Mart,Kalimantan,Balikpapan,118,78,78,0,8.7
2024-03-09,P003,Hemaviton C1000,Vitamin,O012,Balikpapan Health Mart,Kalimantan,Balikpapan,160,115,115,0,12.2
2024-03-09,P004,Vidoran Smart,Multivitamin,O012,Balikpapan Health Mart,Kalimantan,Balikpapan,76,36,36,0,3.3
2024-03-09,P005,Marina Skin Care,Skin Care,O012,Balikpapan Health Mart,Kalimantan,Balikpapan,179,134,134,0,9.1
2024-03-09,P001,Tempra,Fever & Pain,O013,Makassar Prime Pharmacy,Sulawesi,Makassar,94,77,77,0,5.2
2024-03-09,P002,Bodrex Flu & Batuk,Cough & Cold,O013,Makassar Prime Pharmacy,Sulawesi,Makassar,130,88,88,0,5.9
2024-03-09,P003,Hemaviton C1000,Vitamin,O013,Makassar Prime Pharmacy,Sulawesi,Makassar,96,77,77,0,5.6
2024-03-09,P004,Vidoran Smart,Multivitamin,O013,Makassar Prime Pharmacy,Sulawesi,Makassar,154,126,126,0,10.8
2024-03-09,P005,Marina Skin Care,Skin Care,O013,Makassar Prime Pharmacy,Sulawesi,Makassar,124,111,111,0,13.5
2024-03-09,P001,Tempra,Fever & Pain,O014,Makassar Health Mart,Sulawesi,Makassar,85,65,65,0,7.7
2024-03-09,P002,Bodrex Flu & Batuk,Cough & Cold,O014,Makassar Health Mart,Sulawesi,Makassar,95,71,71,0,6.6
2024-03-09,P003,Hemaviton C1000,Vitamin,O014,Makassar Health Mart,Sulawesi,Makassar,154,116,116,0,13.2
2024-03-09,P004,Vidoran Smart,Multivitamin,O014,Makassar Health Mart,Sulawesi,Makassar,155,111,111,0,9.9
2024-03-09,P005,Marina Skin Care,Skin Care,O014,Makassar Health Mart,Sulawesi,Makassar,85,70,70,0,6.8
2024-03-10,P001,Tempra,Fever & Pain,O001,Bandung Prime Pharmacy,Jawa Barat,Bandung,87,72,72,0,4.9
2024-03-10,P002,Bodrex Flu & Batuk,Cough & Cold,O001,Bandung Prime Pharmacy,Jawa Barat,Bandung,33,0,0,1,0
2024-03-10,P003,Hemaviton C1000,Vitamin,O001,Bandung Prime Pharmacy,Jawa Barat,Bandung,90,80,80,0,8.7
2024-03-10,P004,Vidoran Smart,Multivitamin,O001,Bandung Prime Pharmacy,Jawa Barat,Bandung,86,75,75,0,6.2
2024-03-10,P005,Marina Skin Care,Skin Care,O001,Bandung Prime Pharmacy,Jawa Barat,Bandung,139,108,108,0,13.0
2024-03-10,P001,Tempra,Fever & Pain,O002,Bandung Health Mart,Jawa Barat,Bandung,80,37,37,0,4.0
2024-03-10,P002,Bodrex Flu & Batuk,Cough & Cold,O002,Bandung Health Mart,Jawa Barat,Bandung,155,115,115,0,12.0
2024-03-10,P003,Hemaviton C1000,Vitamin,O002,Bandung Health Mart,Jawa Barat,Bandung,180,136,136,0,9.2
2024-03-10,P004,Vidoran Smart,Multivitamin,O002,Bandung Health Mart,Jawa Barat,Bandung,135,115,115,0,11.8
2024-03-10,P005,Marina Skin Care,Skin Care,O002,Bandung Health Mart,Jawa Barat,Bandung,151,112,112,0,11.4
2024-03-10,P001,Tempra,Fever & Pain,O003,Bekasi Prime Pharmacy,Jawa Barat,Bekasi,117,80,80,0,5.6
2024-03-10,P002,Bodrex Flu & Batuk,Cough & Cold,O003,Bekasi Prime Pharmacy,Jawa Barat,Bekasi,32,0,0,1,0
2024-03-10,P003,Hemaviton C1000,Vitamin,O003,Bekasi Prime Pharmacy,Jawa Barat,Bekasi,107,83,83,0,5.8
2024-03-10,P004,Vidoran Smart,Multivitamin,O003,Bekasi Prime Pharmacy,Jawa Barat,Bekasi,87,62,62,0,5.1
2024-03-10,P005,Marina Skin Care,Skin Care,O003,Bekasi Prime Pharmacy,Jawa Barat,Bekasi,108,68,68,0,4.8
2024-03-10,P001,Tempra,Fever & Pain,O004,Bekasi Health Mart,Jawa Barat,Bekasi,146,115,115,0,8.2
2024-03-10,P002,Bodrex Flu & Batuk,Cough & Cold,O004,Bekasi Health Mart,Jawa Barat,Bekasi,102,85,85,0,6.4
2024-03-10,P003,Hemaviton C1000,Vitamin,O004,Bekasi Health Mart,Jawa Barat,Bekasi,154,127,127,0,8.7
2024-03-10,P004,Vidoran Smart,Multivitamin,O004,Bekasi Health Mart,Jawa Barat,Bekasi,123,107,107,0,7.4
2024-03-10,P005,Marina Skin Care,Skin Care,O004,Bekasi Health Mart,Jawa Barat,Bekasi,110,100,100,0,10.9
2024-03-10,P001,Tempra,Fever & Pain,O005,Surabaya Prime Pharmacy,Jawa Timur,Surabaya,171,130,130,0,9.0
2024-03-10,P002,Bodrex Flu & Batuk,Cough & Cold,O005,Surabaya Prime Pharmacy,Jawa Timur,Surabaya,96,79,79,0,8.8
2024-03-10,P003,Hemaviton C1000,Vitamin,O005,Surabaya Prime Pharmacy,Jawa Timur,Surabaya,130,93,93,0,7.6
2024-03-10,P004,Vidoran Smart,Multivitamin,O005,Surabaya Prime Pharmacy,Jawa Timur,Surabaya,121,76,76,0,8.2
2024-03-10,P005,Marina Skin Care,Skin Care,O005,Surabaya Prime Pharmacy,Jawa Timur,Surabaya,101,79,79,0,6.1
2024-03-10,P001,Tempra,Fever & Pain,O006,Surabaya Health Mart,Jawa Timur,Surabaya,144,122,122,0,13.6
2024-03-10,P002,Bodrex Flu & Batuk,Cough & Cold,O006,Surabaya Health Mart,Jawa Timur,Surabaya,106,76,76,0,5.1
2024-03-10,P003,Hemaviton C1000,Vitamin,O006,Surabaya Health Mart,Jawa Timur,Surabaya,100,79,79,0,5.7
2024-03-10,P004,Vidoran Smart,Multivitamin,O006,Surabaya Health Mart,Jawa Timur,Surabaya,129,97,97,0,7.2
2024-03-10,P005,Marina Skin Care,Skin Care,O006,Surabaya Health Mart,Jawa Timur,Surabaya,123,98,98,0,11.1
2024-03-10,P001,Tempra,Fever & Pain,O007,Semarang Prime Pharmacy,Jawa Tengah,Semarang,118,81,81,0,6.0
2024-03-10,P002,Bodrex Flu & Batuk,Cough & Cold,O007,Semarang Prime Pharmacy,Jawa Tengah,Semarang,71,47,47,0,4.0
2024-03-10,P003,Hemaviton C1000,Vitamin,O007,Semarang Prime Pharmacy,Jawa Tengah,Semarang,125,115,115,0,12.3
2024-03-10,P004,Vidoran Smart,Multivitamin,O007,Semarang Prime Pharmacy,Jawa Tengah,Semarang,145,130,130,0,9.2
2024-03-10,P005,Marina Skin Care,Skin Care,O007,Semarang Prime Pharmacy,Jawa Tengah,Semarang,107,86,86,0,6.0
2024-03-10,P001,Tempra,Fever & Pain,O008,Semarang Health Mart,Jawa Tengah,Semarang,148,113,113,0,11.9
2024-03-10,P002,Bodrex Flu & Batuk,Cough & Cold,O008,Semarang Health Mart,Jawa Tengah,Semarang,158,134,134,0,9.9
2024-03-10,P003,Hemaviton C1000,Vitamin,O008,Semarang Health Mart,Jawa Tengah,Semarang,121,98,98,0,6.8
2024-03-10,P004,Vidoran Smart,Multivitamin,O008,Semarang Health Mart,Jawa Tengah,Semarang,133,107,107,0,7.3
2024-03-10,P005,Marina Skin Care,Skin Care,O008,Semarang Health Mart,Jawa Tengah,Semarang,123,107,107,0,8.2
2024-03-10,P001,Tempra,Fever & Pain,O009,Medan Prime Pharmacy,Sumatera,Medan,158,123,123,0,13.7
2024-03-10,P002,Bodrex Flu & Batuk,Cough & Cold,O009,Medan Prime Pharmacy,Sumatera,Medan,146,119,119,0,9.1
2024-03-10,P003,Hemaviton C1000,Vitamin,O009,Medan Prime Pharmacy,Sumatera,Medan,134,116,116,0,10.5
2024-03-10,P004,Vidoran Smart,Multivitamin,O009,Medan Prime Pharmacy,Sumatera,Medan,95,52,52,0,4.4
2024-03-10,P005,Marina Skin Care,Skin Care,O009,Medan Prime Pharmacy,Sumatera,Medan,142,112,112,0,8.4
2024-03-10,P001,Tempra,Fever & Pain,O010,Medan Health Mart,Sumatera,Medan,81,57,57,0,4.7
2024-03-10,P002,Bodrex Flu & Batuk,Cough & Cold,O010,Medan Health Mart,Sumatera,Medan,113,99,99,0,8.1
2024-03-10,P003,Hemaviton C1000,Vitamin,O010,Medan Health Mart,Sumatera,Medan,159,138,138,0,13.4
2024-03-10,P004,Vidoran Smart,Multivitamin,O010,Medan Health Mart,Sumatera,Medan,127,98,98,0,7.7
2024-03-10,P005,Marina Skin Care,Skin Care,O010,Medan Health Mart,Sumatera,Medan,128,98,98,0,11.2
2024-03-10,P001,Tempra,Fever & Pain,O011,Balikpapan Prime Pharmacy,Kalimantan,Balikpapan,55,30,30,0,2.4
2024-03-10,P002,Bodrex Flu & Batuk,Cough & Cold,O011,Balikpapan Prime Pharmacy,Kalimantan,Balikpapan,146,109,109,0,7.6
2024-03-10,P003,Hemaviton C1000,Vitamin,O011,Balikpapan Prime Pharmacy,Kalimantan,Balikpapan,154,123,123,0,8.4
2024-03-10,P004,Vidoran Smart,Multivitamin,O011,Balikpapan Prime Pharmacy,Kalimantan,Balikpapan,122,106,106,0,10.2
2024-03-10,P005,Marina Skin Care,Skin Care,O011,Balikpapan Prime Pharmacy,Kalimantan,Balikpapan,86,74,74,0,6.3
2024-03-10,P001,Tempra,Fever & Pain,O012,Balikpapan Health Mart,Kalimantan,Balikpapan,157,122,122,0,13.0
2024-03-10,P002,Bodrex Flu & Batuk,Cough & Cold,O012,Balikpapan Health Mart,Kalimantan,Balikpapan,120,103,103,0,9.0
2024-03-10,P003,Hemaviton C1000,Vitamin,O012,Balikpapan Health Mart,Kalimantan,Balikpapan,136,105,105,0,10.3
2024-03-10,P004,Vidoran Smart,Multivitamin,O012,Balikpapan Health Mart,Kalimantan,Balikpapan,129,102,102,0,7.2
2024-03-10,P005,Marina Skin Care,Skin Care,O012,Balikpapan Health Mart,Kalimantan,Balikpapan,125,112,112,0,7.9
2024-03-10,P001,Tempra,Fever & Pain,O013,Makassar Prime Pharmacy,Sulawesi,Makassar,141,118,118,0,14.4
2024-03-10,P002,Bodrex Flu & Batuk,Cough & Cold,O013,Makassar Prime Pharmacy,Sulawesi,Makassar,151,113,113,0,10.6
2024-03-10,P003,Hemaviton C1000,Vitamin,O013,Makassar Prime Pharmacy,Sulawesi,Makassar,109,94,94,0,7.1
2024-03-10,P004,Vidoran Smart,Multivitamin,O013,Makassar Prime Pharmacy,Sulawesi,Makassar,127,91,91,0,7.3
2024-03-10,P005,Marina Skin Care,Skin Care,O013,Makassar Prime Pharmacy,Sulawesi,Makassar,159,127,127,0,12.1
2024-03-10,P001,Tempra,Fever & Pain,O014,Makassar Health Mart,Sulawesi,Makassar,135,93,93,0,6.7
2024-03-10,P002,Bodrex Flu & Batuk,Cough & Cold,O014,Makassar Health Mart,Sulawesi,Makassar,123,102,102,0,11.3
2024-03-10,P003,Hemaviton C1000,Vitamin,O014,Makassar Health Mart,Sulawesi,Makassar,111,89,89,0,10.8
2024-03-10,P004,Vidoran Smart,Multivitamin,O014,Makassar Health Mart,Sulawesi,Makassar,112,90,90,0,6.0
2024-03-10,P005,Marina Skin Care,Skin Care,O014,Makassar Health Mart,Sulawesi,Makassar,137,93,93,0,10.0
2024-03-11,P001,Tempra,Fever & Pain,O001,Bandung Prime Pharmacy,Jawa Barat,Bandung,72,61,61,0,5.4
2024-03-11,P002,Bodrex Flu & Batuk,Cough & Cold,O001,Bandung Prime Pharmacy,Jawa Barat,Bandung,15,0,0,1,0
2024-03-11,P003,Hemaviton C1000,Vitamin,O001,Bandung Prime Pharmacy,Jawa Barat,Bandung,138,100,100,0,6.9
2024-03-11,P004,Vidoran Smart,Multivitamin,O001,Bandung Prime Pharmacy,Jawa Barat,Bandung,158,116,116,0,8.3
2024-03-11,P005,Marina Skin Care,Skin Care,O001,Bandung Prime Pharmacy,Jawa Barat,Bandung,153,108,108,0,9.0
2024-03-11,P001,Tempra,Fever & Pain,O002,Bandung Health Mart,Jawa Barat,Bandung,94,67,67,0,4.7
2024-03-11,P002,Bodrex Flu & Batuk,Cough & Cold,O002,Bandung Health Mart,Jawa Barat,Bandung,105,70,70,0,6.1
2024-03-11,P003,Hemaviton C1000,Vitamin,O002,Bandung Health Mart,Jawa Barat,Bandung,108,64,64,0,5.7
2024-03-11,P004,Vidoran Smart,Multivitamin,O002,Bandung Health Mart,Jawa Barat,Bandung,114,88,88,0,6.0
2024-03-11,P005,Marina Skin Care,Skin Care,O002,Bandung Health Mart,Jawa Barat,Bandung,102,75,75,0,6.0
2024-03-11,P001,Tempra,Fever & Pain,O003,Bekasi Prime Pharmacy,Jawa Barat,Bekasi,96,60,60,0,5.7
2024-03-11,P002,Bodrex Flu & Batuk,Cough & Cold,O003,Bekasi Prime Pharmacy,Jawa Barat,Bekasi,15,0,0,1,0
2024-03-11,P003,Hemaviton C1000,Vitamin,O003,Bekasi Prime Pharmacy,Jawa Barat,Bekasi,95,64,64,0,6.0
2024-03-11,P004,Vidoran Smart,Multivitamin,O003,Bekasi Prime Pharmacy,Jawa Barat,Bekasi,139,99,99,0,9.0
2024-03-11,P005,Marina Skin Care,Skin Care,O003,Bekasi Prime Pharmacy,Jawa Barat,Bekasi,95,67,67,0,5.6
2024-03-11,P001,Tempra,Fever & Pain,O004,Bekasi Health Mart,Jawa Barat,Bekasi,100,76,76,0,5.7
2024-03-11,P002,Bodrex Flu & Batuk,Cough & Cold,O004,Bekasi Health Mart,Jawa Barat,Bekasi,89,78,78,0,8.2
2024-03-11,P003,Hemaviton C1000,Vitamin,O004,Bekasi Health Mart,Jawa Barat,Bekasi,75,39,39,0,3.0
2024-03-11,P004,Vidoran Smart,Multivitamin,O004,Bekasi Health Mart,Jawa Barat,Bekasi,156,119,119,0,8.4
2024-03-11,P005,Marina Skin Care,Skin Care,O004,Bekasi Health Mart,Jawa Barat,Bekasi,81,62,62,0,4.6
2024-03-11,P001,Tempra,Fever & Pain,O005,Surabaya Prime Pharmacy,Jawa Timur,Surabaya,124,91,91,0,6.1
2024-03-11,P002,Bodrex Flu & Batuk,Cough & Cold,O005,Surabaya Prime Pharmacy,Jawa Timur,Surabaya,116,91,91,0,6.8
2024-03-11,P003,Hemaviton C1000,Vitamin,O005,Surabaya Prime Pharmacy,Jawa Timur,Surabaya,169,125,125,0,14.3
2024-03-11,P004,Vidoran Smart,Multivitamin,O005,Surabaya Prime Pharmacy,Jawa Timur,Surabaya,127,89,89,0,6.4
2024-03-11,P005,Marina Skin Care,Skin Care,O005,Surabaya Prime Pharmacy,Jawa Timur,Surabaya,84,67,67,0,8.1
2024-03-11,P001,Tempra,Fever & Pain,O006,Surabaya Health Mart,Jawa Timur,Surabaya,116,72,72,0,6.0
2024-03-11,P002,Bodrex Flu & Batuk,Cough & Cold,O006,Surabaya Health Mart,Jawa Timur,Surabaya,178,147,147,0,10.7
2024-03-11,P003,Hemaviton C1000,Vitamin,O006,Surabaya Health Mart,Jawa Timur,Surabaya,167,137,137,0,14.5
2024-03-11,P004,Vidoran Smart,Multivitamin,O006,Surabaya Health Mart,Jawa Timur,Surabaya,147,128,128,0,9.0
2024-03-11,P005,Marina Skin Care,Skin Care,O006,Surabaya Health Mart,Jawa Timur,Surabaya,125,106,106,0,8.9
2024-03-11,P001,Tempra,Fever & Pain,O007,Semarang Prime Pharmacy,Jawa Tengah,Semarang,133,90,90,0,6.4
2024-03-11,P002,Bodrex Flu & Batuk,Cough & Cold,O007,Semarang Prime Pharmacy,Jawa Tengah,Semarang,112,98,98,0,6.7
2024-03-11,P003,Hemaviton C1000,Vitamin,O007,Semarang Prime Pharmacy,Jawa Tengah,Semarang,85,60,60,0,7.3
2024-03-11,P004,Vidoran Smart,Multivitamin,O007,Semarang Prime Pharmacy,Jawa Tengah,Semarang,122,102,102,0,7.0
2024-03-11,P005,Marina Skin Care,Skin Care,O007,Semarang Prime Pharmacy,Jawa Tengah,Semarang,97,75,75,0,5.2
2024-03-11,P001,Tempra,Fever & Pain,O008,Semarang Health Mart,Jawa Tengah,Semarang,55,35,35,0,2.8
2024-03-11,P002,Bodrex Flu & Batuk,Cough & Cold,O008,Semarang Health Mart,Jawa Tengah,Semarang,146,116,116,0,8.6
2024-03-11,P003,Hemaviton C1000,Vitamin,O008,Semarang Health Mart,Jawa Tengah,Semarang,60,41,41,0,3.0
2024-03-11,P004,Vidoran Smart,Multivitamin,O008,Semarang Health Mart,Jawa Tengah,Semarang,100,72,72,0,7.5
2024-03-11,P005,Marina Skin Care,Skin Care,O008,Semarang Health Mart,Jawa Tengah,Semarang,124,104,104,0,8.4
2024-03-11,P001,Tempra,Fever & Pain,O009,Medan Prime Pharmacy,Sumatera,Medan,102,74,74,0,6.4
2024-03-11,P002,Bodrex Flu & Batuk,Cough & Cold,O009,Medan Prime Pharmacy,Sumatera,Medan,139,100,100,0,7.7
2024-03-11,P003,Hemaviton C1000,Vitamin,O009,Medan Prime Pharmacy,Sumatera,Medan,122,112,112,0,10.8
2024-03-11,P004,Vidoran Smart,Multivitamin,O009,Medan Prime Pharmacy,Sumatera,Medan,130,102,102,0,8.5
2024-03-11,P005,Marina Skin Care,Skin Care,O009,Medan Prime Pharmacy,Sumatera,Medan,91,65,65,0,5.0
2024-03-11,P001,Tempra,Fever & Pain,O010,Medan Health Mart,Sumatera,Medan,169,126,126,0,11.0
2024-03-11,P002,Bodrex Flu & Batuk,Cough & Cold,O010,Medan Health Mart,Sumatera,Medan,115,91,91,0,8.7
2024-03-11,P003,Hemaviton C1000,Vitamin,O010,Medan Health Mart,Sumatera,Medan,86,75,75,0,6.1
2024-03-11,P004,Vidoran Smart,Multivitamin,O010,Medan Health Mart,Sumatera,Medan,119,101,101,0,12.1
2024-03-11,P005,Marina Skin Care,Skin Care,O010,Medan Health Mart,Sumatera,Medan,113,96,96,0,7.1
2024-03-11,P001,Tempra,Fever & Pain,O011,Balikpapan Prime Pharmacy,Kalimantan,Balikpapan,71,46,46,0,3.2
2024-03-11,P002,Bodrex Flu & Batuk,Cough & Cold,O011,Balikpapan Prime Pharmacy,Kalimantan,Balikpapan,104,91,91,0,9.2
2024-03-11,P003,Hemaviton C1000,Vitamin,O011,Balikpapan Prime Pharmacy,Kalimantan,Balikpapan,126,116,116,0,9.4
2024-03-11,P004,Vidoran Smart,Multivitamin,O011,Balikpapan Prime Pharmacy,Kalimantan,Balikpapan,118,106,106,0,10.8
2024-03-11,P005,Marina Skin Care,Skin Care,O011,Balikpapan Prime Pharmacy,Kalimantan,Balikpapan,139,113,113,0,8.6
2024-03-11,P001,Tempra,Fever & Pain,O012,Balikpapan Health Mart,Kalimantan,Balikpapan,120,103,103,0,9.3
2024-03-11,P002,Bodrex Flu & Batuk,Cough & Cold,O012,Balikpapan Health Mart,Kalimantan,Balikpapan,117,107,107,0,7.3
2024-03-11,P003,Hemaviton C1000,Vitamin,O012,Balikpapan Health Mart,Kalimantan,Balikpapan,171,127,127,0,9.8
2024-03-11,P004,Vidoran Smart,Multivitamin,O012,Balikpapan Health Mart,Kalimantan,Balikpapan,124,106,106,0,12.3
2024-03-11,P005,Marina Skin Care,Skin Care,O012,Balikpapan Health Mart,Kalimantan,Balikpapan,129,95,95,0,7.9
2024-03-11,P001,Tempra,Fever & Pain,O013,Makassar Prime Pharmacy,Sulawesi,Makassar,159,116,116,0,9.4
2024-03-11,P002,Bodrex Flu & Batuk,Cough & Cold,O013,Makassar Prime Pharmacy,Sulawesi,Makassar,108,95,95,0,7.0
2024-03-11,P003,Hemaviton C1000,Vitamin,O013,Makassar Prime Pharmacy,Sulawesi,Makassar,125,84,84,0,7.1
2024-03-11,P004,Vidoran Smart,Multivitamin,O013,Makassar Prime Pharmacy,Sulawesi,Makassar,142,119,119,0,11.9
2024-03-11,P005,Marina Skin Care,Skin Care,O013,Makassar Prime Pharmacy,Sulawesi,Makassar,151,114,114,0,9.3
2024-03-11,P001,Tempra,Fever & Pain,O014,Makassar Health Mart,Sulawesi,Makassar,117,80,80,0,8.1
2024-03-11,P002,Bodrex Flu & Batuk,Cough & Cold,O014,Makassar Health Mart,Sulawesi,Makassar,91,77,77,0,6.5
2024-03-11,P003,Hemaviton C1000,Vitamin,O014,Makassar Health Mart,Sulawesi,Makassar,98,74,74,0,5.1
2024-03-11,P004,Vidoran Smart,Multivitamin,O014,Makassar Health Mart,Sulawesi,Makassar,181,136,136,0,13.8
2024-03-11,P005,Marina Skin Care,Skin Care,O014,Makassar Health Mart,Sulawesi,Makassar,142,118,118,0,8.6
2024-03-12,P001,Tempra,Fever & Pain,O001,Bandung Prime Pharmacy,Jawa Barat,Bandung,139,104,104,0,8.3
2024-03-12,P002,Bodrex Flu & Batuk,Cough & Cold,O001,Bandung Prime Pharmacy,Jawa Barat,Bandung,19,0,0,1,0
2024-03-12,P003,Hemaviton C1000,Vitamin,O001,Bandung Prime Pharmacy,Jawa Barat,Bandung,147,132,132,0,10.0
2024-03-12,P004,Vidoran Smart,Multivitamin,O001,Bandung Prime Pharmacy,Jawa Barat,Bandung,131,94,94,0,6.8
2024-03-12,P005,Marina Skin Care,Skin Care,O001,Bandung Prime Pharmacy,Jawa Barat,Bandung,137,106,106,0,9.2
2024-03-12,P001,Tempra,Fever & Pain,O002,Bandung Health Mart,Jawa Barat,Bandung,82,68,68,0,5.2
2024-03-12,P002,Bodrex Flu & Batuk,Cough & Cold,O002,Bandung Health Mart,Jawa Barat,Bandung,137,119,119,0,9.8
2024-03-12,P003,Hemaviton C1000,Vitamin,O002,Bandung Health Mart,Jawa Barat,Bandung,84,46,46,0,5.5
2024-03-12,P004,Vidoran Smart,Multivitamin,O002,Bandung Health Mart,Jawa Barat,Bandung,149,118,118,0,9.7
2024-03-12,P005,Marina Skin Care,Skin Care,O002,Bandung Health Mart,Jawa Barat,Bandung,120,94,94,0,10.2
2024-03-12,P001,Tempra,Fever & Pain,O003,Bekasi Prime Pharmacy,Jawa Barat,Bekasi,145,101,101,0,12.3
2024-03-12,P002,Bodrex Flu & Batuk,Cough & Cold,O003,Bekasi Prime Pharmacy,Jawa Barat,Bekasi,32,0,0,1,0
2024-03-12,P003,Hemaviton C1000,Vitamin,O003,Bekasi Prime Pharmacy,Jawa Barat,Bekasi,110,69,69,0,7.5
2024-03-12,P004,Vidoran Smart,Multivitamin,O003,Bekasi Prime Pharmacy,Jawa Barat,Bekasi,112,74,74,0,5.5
2024-03-12,P005,Marina Skin Care,Skin Care,O003,Bekasi Prime Pharmacy,Jawa Barat,Bekasi,126,105,105,0,8.9
2024-03-12,P001,Tempra,Fever & Pain,O004,Bekasi Health Mart,Jawa Barat,Bekasi,111,96,96,0,8.0
2024-03-12,P002,Bodrex Flu & Batuk,Cough & Cold,O004,Bekasi Health Mart,Jawa Barat,Bekasi,148,138,138,0,16.5
2024-03-12,P003,Hemaviton C1000,Vitamin,O004,Bekasi Health Mart,Jawa Barat,Bekasi,84,64,64,0,7.1
2024-03-12,P004,Vidoran Smart,Multivitamin,O004,Bekasi Health Mart,Jawa Barat,Bekasi,125,99,99,0,11.4
2024-03-12,P005,Marina Skin Care,Skin Care,O004,Bekasi Health Mart,Jawa Barat,Bekasi,123,102,102,0,9.2
2024-03-12,P001,Tempra,Fever & Pain,O005,Surabaya Prime Pharmacy,Jawa Timur,Surabaya,89,65,65,0,4.6
2024-03-12,P002,Bodrex Flu & Batuk,Cough & Cold,O005,Surabaya Prime Pharmacy,Jawa Timur,Surabaya,74,57,57,0,3.9
2024-03-12,P003,Hemaviton C1000,Vitamin,O005,Surabaya Prime Pharmacy,Jawa Timur,Surabaya,157,121,121,0,9.7
2024-03-12,P004,Vidoran Smart,Multivitamin,O005,Surabaya Prime Pharmacy,Jawa Timur,Surabaya,84,68,68,0,5.6
2024-03-12,P005,Marina Skin Care,Skin Care,O005,Surabaya Prime Pharmacy,Jawa Timur,Surabaya,159,127,127,0,10.1
2024-03-12,P001,Tempra,Fever & Pain,O006,Surabaya Health Mart,Jawa Timur,Surabaya,156,138,138,0,9.2
2024-03-12,P002,Bodrex Flu & Batuk,Cough & Cold,O006,Surabaya Health Mart,Jawa Timur,Surabaya,136,113,113,0,11.2
2024-03-12,P003,Hemaviton C1000,Vitamin,O006,Surabaya Health Mart,Jawa Timur,Surabaya,119,97,97,0,9.9
2024-03-12,P004,Vidoran Smart,Multivitamin,O006,Surabaya Health Mart,Jawa Timur,Surabaya,145,116,116,0,8.5
2024-03-12,P005,Marina Skin Care,Skin Care,O006,Surabaya Health Mart,Jawa Timur,Surabaya,150,124,124,0,8.4
2024-03-12,P001,Tempra,Fever & Pain,O007,Semarang Prime Pharmacy,Jawa Tengah,Semarang,118,97,97,0,7.6
2024-03-12,P002,Bodrex Flu & Batuk,Cough & Cold,O007,Semarang Prime Pharmacy,Jawa Tengah,Semarang,141,106,106,0,8.2
2024-03-12,P003,Hemaviton C1000,Vitamin,O007,Semarang Prime Pharmacy,Jawa Tengah,Semarang,121,78,78,0,5.6
2024-03-12,P004,Vidoran Smart,Multivitamin,O007,Semarang Prime Pharmacy,Jawa Tengah,Semarang,123,99,99,0,8.9
2024-03-12,P005,Marina Skin Care,Skin Care,O007,Semarang Prime Pharmacy,Jawa Tengah,Semarang,131,87,87,0,6.6
2024-03-12,P001,Tempra,Fever & Pain,O008,Semarang Health Mart,Jawa Tengah,Semarang,132,89,89,0,8.0
2024-03-12,P002,Bodrex Flu & Batuk,Cough & Cold,O008,Semarang Health Mart,Jawa Tengah,Semarang,89,70,70,0,6.6
2024-03-12,P003,Hemaviton C1000,Vitamin,O008,Semarang Health Mart,Jawa Tengah,Semarang,95,53,53,0,5.3
2024-03-12,P004,Vidoran Smart,Multivitamin,O008,Semarang Health Mart,Jawa Tengah,Semarang,125,107,107,0,13.0
2024-03-12,P005,Marina Skin Care,Skin Care,O008,Semarang Health Mart,Jawa Tengah,Semarang,100,58,58,0,5.7
2024-03-12,P001,Tempra,Fever & Pain,O009,Medan Prime Pharmacy,Sumatera,Medan,96,74,74,0,5.6
2024-03-12,P002,Bodrex Flu & Batuk,Cough & Cold,O009,Medan Prime Pharmacy,Sumatera,Medan,120,84,84,0,6.4
2024-03-12,P003,Hemaviton C1000,Vitamin,O009,Medan Prime Pharmacy,Sumatera,Medan,124,94,94,0,9.6
2024-03-12,P004,Vidoran Smart,Multivitamin,O009,Medan Prime Pharmacy,Sumatera,Medan,118,93,93,0,7.2
2024-03-12,P005,Marina Skin Care,Skin Care,O009,Medan Prime Pharmacy,Sumatera,Medan,105,94,94,0,8.9
2024-03-12,P001,Tempra,Fever & Pain,O010,Medan Health Mart,Sumatera,Medan,90,75,75,0,8.3
2024-03-12,P002,Bodrex Flu & Batuk,Cough & Cold,O010,Medan Health Mart,Sumatera,Medan,160,118,118,0,11.5
2024-03-12,P003,Hemaviton C1000,Vitamin,O010,Medan Health Mart,Sumatera,Medan,153,118,118,0,8.1
2024-03-12,P004,Vidoran Smart,Multivitamin,O010,Medan Health Mart,Sumatera,Medan,139,127,127,0,9.0
2024-03-12,P005,Marina Skin Care,Skin Care,O010,Medan Health Mart,Sumatera,Medan,172,138,138,0,9.4
2024-03-12,P001,Tempra,Fever & Pain,O011,Balikpapan Prime Pharmacy,Kalimantan,Balikpapan,118,92,92,0,8.6
2024-03-12,P002,Bodrex Flu & Batuk,Cough & Cold,O011,Balikpapan Prime Pharmacy,Kalimantan,Balikpapan,104,70,70,0,5.9
2024-03-12,P003,Hemaviton C1000,Vitamin,O011,Balikpapan Prime Pharmacy,Kalimantan,Balikpapan,111,80,80,0,8.7
2024-03-12,P004,Vidoran Smart,Multivitamin,O011,Balikpapan Prime Pharmacy,Kalimantan,Balikpapan,82,57,57,0,4.2
2024-03-12,P005,Marina Skin Care,Skin Care,O011,Balikpapan Prime Pharmacy,Kalimantan,Balikpapan,138,107,107,0,9.1
2024-03-12,P001,Tempra,Fever & Pain,O012,Balikpapan Health Mart,Kalimantan,Balikpapan,209,170,170,0,15.6
2024-03-12,P002,Bodrex Flu & Batuk,Cough & Cold,O012,Balikpapan Health Mart,Kalimantan,Balikpapan,121,101,101,0,7.7
2024-03-12,P003,Hemaviton C1000,Vitamin,O012,Balikpapan Health Mart,Kalimantan,Balikpapan,114,104,104,0,11.3
2024-03-12,P004,Vidoran Smart,Multivitamin,O012,Balikpapan Health Mart,Kalimantan,Balikpapan,121,100,100,0,7.3
2024-03-12,P005,Marina Skin Care,Skin Care,O012,Balikpapan Health Mart,Kalimantan,Balikpapan,147,103,103,0,7.1
2024-03-12,P001,Tempra,Fever & Pain,O013,Makassar Prime Pharmacy,Sulawesi,Makassar,141,126,126,0,9.9
2024-03-12,P002,Bodrex Flu & Batuk,Cough & Cold,O013,Makassar Prime Pharmacy,Sulawesi,Makassar,71,34,34,0,2.3
2024-03-12,P003,Hemaviton C1000,Vitamin,O013,Makassar Prime Pharmacy,Sulawesi,Makassar,154,123,123,0,10.7
2024-03-12,P004,Vidoran Smart,Multivitamin,O013,Makassar Prime Pharmacy,Sulawesi,Makassar,98,85,85,0,6.5
2024-03-12,P005,Marina Skin Care,Skin Care,O013,Makassar Prime Pharmacy,Sulawesi,Makassar,120,89,89,0,9.1
2024-03-12,P001,Tempra,Fever & Pain,O014,Makassar Health Mart,Sulawesi,Makassar,131,92,92,0,7.3
2024-03-12,P002,Bodrex Flu & Batuk,Cough & Cold,O014,Makassar Health Mart,Sulawesi,Makassar,144,116,116,0,10.0
2024-03-12,P003,Hemaviton C1000,Vitamin,O014,Makassar Health Mart,Sulawesi,Makassar,99,85,85,0,8.2
2024-03-12,P004,Vidoran Smart,Multivitamin,O014,Makassar Health Mart,Sulawesi,Makassar,119,88,88,0,10.6
2024-03-12,P005,Marina Skin Care,Skin Care,O014,Makassar Health Mart,Sulawesi,Makassar,148,103,103,0,10.0
2024-03-13,P001,Tempra,Fever & Pain,O001,Bandung Prime Pharmacy,Jawa Barat,Bandung,132,97,97,0,6.9
2024-03-13,P002,Bodrex Flu & Batuk,Cough & Cold,O001,Bandung Prime Pharmacy,Jawa Barat,Bandung,34,0,0,1,0
2024-03-13,P003,Hemaviton C1000,Vitamin,O001,Bandung Prime Pharmacy,Jawa Barat,Bandung,141,114,114,0,11.5
2024-03-13,P004,Vidoran Smart,Multivitamin,O001,Bandung Prime Pharmacy,Jawa Barat,Bandung,148,135,135,0,10.0
2024-03-13,P005,Marina Skin Care,Skin Care,O001,Bandung Prime Pharmacy,Jawa Barat,Bandung,89,52,52,0,4.6
2024-03-13,P001,Tempra,Fever & Pain,O002,Bandung Health Mart,Jawa Barat,Bandung,103,63,63,0,6.0
2024-03-13,P002,Bodrex Flu & Batuk,Cough & Cold,O002,Bandung Health Mart,Jawa Barat,Bandung,152,110,110,0,8.9
2024-03-13,P003,Hemaviton C1000,Vitamin,O002,Bandung Health Mart,Jawa Barat,Bandung,146,106,106,0,7.3
2024-03-13,P004,Vidoran Smart,Multivitamin,O002,Bandung Health Mart,Jawa Barat,Bandung,124,105,105,0,7.8
2024-03-13,P005,Marina Skin Care,Skin Care,O002,Bandung Health Mart,Jawa Barat,Bandung,130,105,105,0,7.6
2024-03-13,P001,Tempra,Fever & Pain,O003,Bekasi Prime Pharmacy,Jawa Barat,Bekasi,116,97,97,0,7.4
2024-03-13,P002,Bodrex Flu & Batuk,Cough & Cold,O003,Bekasi Prime Pharmacy,Jawa Barat,Bekasi,36,0,0,1,0
2024-03-13,P003,Hemaviton C1000,Vitamin,O003,Bekasi Prime Pharmacy,Jawa Barat,Bekasi,166,137,137,0,16.9
2024-03-13,P004,Vidoran Smart,Multivitamin,O003,Bekasi Prime Pharmacy,Jawa Barat,Bekasi,143,119,119,0,8.2
2024-03-13,P005,Marina Skin Care,Skin Care,O003,Bekasi Prime Pharmacy,Jawa Barat,Bekasi,101,88,88,0,7.7
2024-03-13,P001,Tempra,Fever & Pain,O004,Bekasi Health Mart,Jawa Barat,Bekasi,70,48,48,0,4.2
2024-03-13,P002,Bodrex Flu & Batuk,Cough & Cold,O004,Bekasi Health Mart,Jawa Barat,Bekasi,101,69,69,0,5.8
2024-03-13,P003,Hemaviton C1000,Vitamin,O004,Bekasi Health Mart,Jawa Barat,Bekasi,114,88,88,0,7.8
2024-03-13,P004,Vidoran Smart,Multivitamin,O004,Bekasi Health Mart,Jawa Barat,Bekasi,115,94,94,0,9.8
2024-03-13,P005,Marina Skin Care,Skin Care,O004,Bekasi Health Mart,Jawa Barat,Bekasi,125,108,108,0,11.3
2024-03-13,P001,Tempra,Fever & Pain,O005,Surabaya Prime Pharmacy,Jawa Timur,Surabaya,87,62,62,0,4.4
2024-03-13,P002,Bodrex Flu & Batuk,Cough & Cold,O005,Surabaya Prime Pharmacy,Jawa Timur,Surabaya,78,68,68,0,5.5
2024-03-13,P003,Hemaviton C1000,Vitamin,O005,Surabaya Prime Pharmacy,Jawa Timur,Surabaya,94,76,76,0,5.3
2024-03-13,P004,Vidoran Smart,Multivitamin,O005,Surabaya Prime Pharmacy,Jawa Timur,Surabaya,78,52,52,0,4.8
2024-03-13,P005,Marina Skin Care,Skin Care,O005,Surabaya Prime Pharmacy,Jawa Timur,Surabaya,178,138,138,0,10.8
2024-03-13,P001,Tempra,Fever & Pain,O006,Surabaya Health Mart,Jawa Timur,Surabaya,102,66,66,0,5.0
2024-03-13,P002,Bodrex Flu & Batuk,Cough & Cold,O006,Surabaya Health Mart,Jawa Timur,Surabaya,164,126,126,0,9.6
2024-03-13,P003,Hemaviton C1000,Vitamin,O006,Surabaya Health Mart,Jawa Timur,Surabaya,119,108,108,0,7.6
2024-03-13,P004,Vidoran Smart,Multivitamin,O006,Surabaya Health Mart,Jawa Timur,Surabaya,99,74,74,0,8.0
2024-03-13,P005,Marina Skin Care,Skin Care,O006,Surabaya Health Mart,Jawa Timur,Surabaya,136,92,92,0,6.7
2024-03-13,P001,Tempra,Fever & Pain,O007,Semarang Prime Pharmacy,Jawa Tengah,Semarang,133,116,116,0,10.6
2024-03-13,P002,Bodrex Flu & Batuk,Cough & Cold,O007,Semarang Prime Pharmacy,Jawa Tengah,Semarang,122,110,110,0,10.7
2024-03-13,P003,Hemaviton C1000,Vitamin,O007,Semarang Prime Pharmacy,Jawa Tengah,Semarang,108,93,93,0,11.6
2024-03-13,P004,Vidoran Smart,Multivitamin,O007,Semarang Prime Pharmacy,Jawa Tengah,Semarang,179,145,145,0,10.5
2024-03-13,P005,Marina Skin Care,Skin Care,O007,Semarang Prime Pharmacy,Jawa Tengah,Semarang,113,92,92,0,6.9
2024-03-13,P001,Tempra,Fever & Pain,O008,Semarang Health Mart,Jawa Tengah,Semarang,92,57,57,0,5.0
2024-03-13,P002,Bodrex Flu & Batuk,Cough & Cold,O008,Semarang Health Mart,Jawa Tengah,Semarang,144,108,108,0,12.4
2024-03-13,P003,Hemaviton C1000,Vitamin,O008,Semarang Health Mart,Jawa Tengah,Semarang,88,76,76,0,7.1
2024-03-13,P004,Vidoran Smart,Multivitamin,O008,Semarang Health Mart,Jawa Tengah,Semarang,86,42,42,0,3.7
2024-03-13,P005,Marina Skin Care,Skin Care,O008,Semarang Health Mart,Jawa Tengah,Semarang,138,101,101,0,7.6
2024-03-13,P001,Tempra,Fever & Pain,O009,Medan Prime Pharmacy,Sumatera,Medan,132,94,94,0,10.5
2024-03-13,P002,Bodrex Flu & Batuk,Cough & Cold,O009,Medan Prime Pharmacy,Sumatera,Medan,148,136,136,0,9.3
2024-03-13,P003,Hemaviton C1000,Vitamin,O009,Medan Prime Pharmacy,Sumatera,Medan,137,108,108,0,9.5
2024-03-13,P004,Vidoran Smart,Multivitamin,O009,Medan Prime Pharmacy,Sumatera,Medan,130,102,102,0,10.5
2024-03-13,P005,Marina Skin Care,Skin Care,O009,Medan Prime Pharmacy,Sumatera,Medan,93,81,81,0,7.3
2024-03-13,P001,Tempra,Fever & Pain,O010,Medan Health Mart,Sumatera,Medan,88,61,61,0,6.0
2024-03-13,P002,Bodrex Flu & Batuk,Cough & Cold,O010,Medan Health Mart,Sumatera,Medan,125,106,106,0,11.0
2024-03-13,P003,Hemaviton C1000,Vitamin,O010,Medan Health Mart,Sumatera,Medan,102,92,92,0,7.9
2024-03-13,P004,Vidoran Smart,Multivitamin,O010,Medan Health Mart,Sumatera,Medan,142,108,108,0,8.8
2024-03-13,P005,Marina Skin Care,Skin Care,O010,Medan Health Mart,Sumatera,Medan,123,100,100,0,8.4
2024-03-13,P001,Tempra,Fever & Pain,O011,Balikpapan Prime Pharmacy,Kalimantan,Balikpapan,72,60,60,0,4.1
2024-03-13,P002,Bodrex Flu & Batuk,Cough & Cold,O011,Balikpapan Prime Pharmacy,Kalimantan,Balikpapan,113,99,99,0,11.2
2024-03-13,P003,Hemaviton C1000,Vitamin,O011,Balikpapan Prime Pharmacy,Kalimantan,Balikpapan,123,87,87,0,6.2
2024-03-13,P004,Vidoran Smart,Multivitamin,O011,Balikpapan Prime Pharmacy,Kalimantan,Balikpapan,89,73,73,0,6.9
2024-03-13,P005,Marina Skin Care,Skin Care,O011,Balikpapan Prime Pharmacy,Kalimantan,Balikpapan,73,60,60,0,5.4
2024-03-13,P001,Tempra,Fever & Pain,O012,Balikpapan Health Mart,Kalimantan,Balikpapan,108,89,89,0,10.1
2024-03-13,P002,Bodrex Flu & Batuk,Cough & Cold,O012,Balikpapan Health Mart,Kalimantan,Balikpapan,119,99,99,0,9.6
2024-03-13,P003,Hemaviton C1000,Vitamin,O012,Balikpapan Health Mart,Kalimantan,Balikpapan,184,144,144,0,10.1
2024-03-13,P004,Vidoran Smart,Multivitamin,O012,Balikpapan Health Mart,Kalimantan,Balikpapan,178,139,139,0,9.5
2024-03-13,P005,Marina Skin Care,Skin Care,O012,Balikpapan Health Mart,Kalimantan,Balikpapan,99,70,70,0,5.3
2024-03-13,P001,Tempra,Fever & Pain,O013,Makassar Prime Pharmacy,Sulawesi,Makassar,94,81,81,0,6.0
2024-03-13,P002,Bodrex Flu & Batuk,Cough & Cold,O013,Makassar Prime Pharmacy,Sulawesi,Makassar,161,120,120,0,12.7
2024-03-13,P003,Hemaviton C1000,Vitamin,O013,Makassar Prime Pharmacy,Sulawesi,Makassar,158,114,114,0,9.8
2024-03-13,P004,Vidoran Smart,Multivitamin,O013,Makassar Prime Pharmacy,Sulawesi,Makassar,111,88,88,0,10.9
2024-03-13,P005,Marina Skin Care,Skin Care,O013,Makassar Prime Pharmacy,Sulawesi,Makassar,169,126,126,0,14.0
2024-03-13,P001,Tempra,Fever & Pain,O014,Makassar Health Mart,Sulawesi,Makassar,176,136,136,0,15.0
2024-03-13,P002,Bodrex Flu & Batuk,Cough & Cold,O014,Makassar Health Mart,Sulawesi,Makassar,107,80,80,0,7.7
2024-03-13,P003,Hemaviton C1000,Vitamin,O014,Makassar Health Mart,Sulawesi,Makassar,149,110,110,0,8.4
2024-03-13,P004,Vidoran Smart,Multivitamin,O014,Makassar Health Mart,Sulawesi,Makassar,111,81,81,0,9.2
2024-03-13,P005,Marina Skin Care,Skin Care,O014,Makassar Health Mart,Sulawesi,Makassar,111,85,85,0,10.1
2024-03-14,P001,Tempra,Fever & Pain,O001,Bandung Prime Pharmacy,Jawa Barat,Bandung,163,129,129,0,12.1
2024-03-14,P002,Bodrex Flu & Batuk,Cough & Cold,O001,Bandung Prime Pharmacy,Jawa Barat,Bandung,40,0,0,1,0
2024-03-14,P003,Hemaviton C1000,Vitamin,O001,Bandung Prime Pharmacy,Jawa Barat,Bandung,154,131,131,0,9.3
2024-03-14,P004,Vidoran Smart,Multivitamin,O001,Bandung Prime Pharmacy,Jawa Barat,Bandung,83,71,71,0,7.7
2024-03-14,P005,Marina Skin Care,Skin Care,O001,Bandung Prime Pharmacy,Jawa Barat,Bandung,115,89,89,0,7.5
2024-03-14,P001,Tempra,Fever & Pain,O002,Bandung Health Mart,Jawa Barat,Bandung,152,113,113,0,10.6
2024-03-14,P002,Bodrex Flu & Batuk,Cough & Cold,O002,Bandung Health Mart,Jawa Barat,Bandung,191,163,163,0,14.3
2024-03-14,P003,Hemaviton C1000,Vitamin,O002,Bandung Health Mart,Jawa Barat,Bandung,118,85,85,0,8.3
2024-03-14,P004,Vidoran Smart,Multivitamin,O002,Bandung Health Mart,Jawa Barat,Bandung,59,48,48,0,4.4
2024-03-14,P005,Marina Skin Care,Skin Care,O002,Bandung Health Mart,Jawa Barat,Bandung,132,93,93,0,10.8
2024-03-14,P001,Tempra,Fever & Pain,O003,Bekasi Prime Pharmacy,Jawa Barat,Bekasi,89,47,47,0,5.5
2024-03-14,P002,Bodrex Flu & Batuk,Cough & Cold,O003,Bekasi Prime Pharmacy,Jawa Barat,Bekasi,13,0,0,1,0
2024-03-14,P003,Hemaviton C1000,Vitamin,O003,Bekasi Prime Pharmacy,Jawa Barat,Bekasi,111,90,90,0,7.1
2024-03-14,P004,Vidoran Smart,Multivitamin,O003,Bekasi Prime Pharmacy,Jawa Barat,Bekasi,81,56,56,0,5.9
2024-03-14,P005,Marina Skin Care,Skin Care,O003,Bekasi Prime Pharmacy,Jawa Barat,Bekasi,93,64,64,0,5.5
2024-03-14,P001,Tempra,Fever & Pain,O004,Bekasi Health Mart,Jawa Barat,Bekasi,88,56,56,0,5.1
2024-03-14,P002,Bodrex Flu & Batuk,Cough & Cold,O004,Bekasi Health Mart,Jawa Barat,Bekasi,92,80,80,0,6.3
2024-03-14,P003,Hemaviton C1000,Vitamin,O004,Bekasi Health Mart,Jawa Barat,Bekasi,114,87,87,0,10.5
2024-03-14,P004,Vidoran Smart,Multivitamin,O004,Bekasi Health Mart,Jawa Barat,Bekasi,133,108,108,0,9.3
2024-03-14,P005,Marina Skin Care,Skin Care,O004,Bekasi Health Mart,Jawa Barat,Bekasi,138,124,124,0,14.6
2024-03-14,P001,Tempra,Fever & Pain,O005,Surabaya Prime Pharmacy,Jawa Timur,Surabaya,114,96,96,0,9.8
2024-03-14,P002,Bodrex Flu & Batuk,Cough & Cold,O005,Surabaya Prime Pharmacy,Jawa Timur,Surabaya,91,60,60,0,5.4
2024-03-14,P003,Hemaviton C1000,Vitamin,O005,Surabaya Prime Pharmacy,Jawa Timur,Surabaya,132,103,103,0,8.0
2024-03-14,P004,Vidoran Smart,Multivitamin,O005,Surabaya Prime Pharmacy,Jawa Timur,Surabaya,149,105,105,0,7.0
2024-03-14,P005,Marina Skin Care,Skin Care,O005,Surabaya Prime Pharmacy,Jawa Timur,Surabaya,117,79,79,0,8.7
2024-03-14,P001,Tempra,Fever & Pain,O006,Surabaya Health Mart,Jawa Timur,Surabaya,113,99,99,0,8.8
2024-03-14,P002,Bodrex Flu & Batuk,Cough & Cold,O006,Surabaya Health Mart,Jawa Timur,Surabaya,94,51,51,0,5.7
2024-03-14,P003,Hemaviton C1000,Vitamin,O006,Surabaya Health Mart,Jawa Timur,Surabaya,84,65,65,0,4.4
2024-03-14,P004,Vidoran Smart,Multivitamin,O006,Surabaya Health Mart,Jawa Timur,Surabaya,105,92,92,0,6.4
2024-03-14,P005,Marina Skin Care,Skin Care,O006,Surabaya Health Mart,Jawa Timur,Surabaya,144,113,113,0,8.5
2024-03-14,P001,Tempra,Fever & Pain,O007,Semarang Prime Pharmacy,Jawa Tengah,Semarang,132,112,112,0,9.6
2024-03-14,P002,Bodrex Flu & Batuk,Cough & Cold,O007,Semarang Prime Pharmacy,Jawa Tengah,Semarang,114,80,80,0,9.5
2024-03-14,P003,Hemaviton C1000,Vitamin,O007,Semarang Prime Pharmacy,Jawa Tengah,Semarang,127,101,101,0,7.1
2024-03-14,P004,Vidoran Smart,Multivitamin,O007,Semarang Prime Pharmacy,Jawa Tengah,Semarang,105,81,81,0,7.6
2024-03-14,P005,Marina Skin Care,Skin Care,O007,Semarang Prime Pharmacy,Jawa Tengah,Semarang,120,97,97,0,10.2
2024-03-14,P001,Tempra,Fever & Pain,O008,Semarang Health Mart,Jawa Tengah,Semarang,133,94,94,0,7.0
2024-03-14,P002,Bodrex Flu & Batuk,Cough & Cold,O008,Semarang Health Mart,Jawa Tengah,Semarang,147,104,104,0,8.0
2024-03-14,P003,Hemaviton C1000,Vitamin,O008,Semarang Health Mart,Jawa Tengah,Semarang,115,102,102,0,6.8
2024-03-14,P004,Vidoran Smart,Multivitamin,O008,Semarang Health Mart,Jawa Tengah,Semarang,81,67,67,0,7.9
2024-03-14,P005,Marina Skin Care,Skin Care,O008,Semarang Health Mart,Jawa Tengah,Semarang,118,95,95,0,11.0
2024-03-14,P001,Tempra,Fever & Pain,O009,Medan Prime Pharmacy,Sumatera,Medan,163,138,138,0,10.1
2024-03-14,P002,Bodrex Flu & Batuk,Cough & Cold,O009,Medan Prime Pharmacy,Sumatera,Medan,146,123,123,0,14.5
2024-03-14,P003,Hemaviton C1000,Vitamin,O009,Medan Prime Pharmacy,Sumatera,Medan,134,105,105,0,10.9
2024-03-14,P004,Vidoran Smart,Multivitamin,O009,Medan Prime Pharmacy,Sumatera,Medan,136,120,120,0,14.0
2024-03-14,P005,Marina Skin Care,Skin Care,O009,Medan Prime Pharmacy,Sumatera,Medan,68,56,56,0,5.3
2024-03-14,P001,Tempra,Fever & Pain,O010,Medan Health Mart,Sumatera,Medan,96,85,85,0,10.1
2024-03-14,P002,Bodrex Flu & Batuk,Cough & Cold,O010,Medan Health Mart,Sumatera,Medan,135,97,97,0,10.1
2024-03-14,P003,Hemaviton C1000,Vitamin,O010,Medan Health Mart,Sumatera,Medan,146,103,103,0,10.9
2024-03-14,P004,Vidoran Smart,Multivitamin,O010,Medan Health Mart,Sumatera,Medan,99,74,74,0,5.0
2024-03-14,P005,Marina Skin Care,Skin Care,O010,Medan Health Mart,Sumatera,Medan,129,85,85,0,7.1
2024-03-14,P001,Tempra,Fever & Pain,O011,Balikpapan Prime Pharmacy,Kalimantan,Balikpapan,112,84,84,0,6.2
2024-03-14,P002,Bodrex Flu & Batuk,Cough & Cold,O011,Balikpapan Prime Pharmacy,Kalimantan,Balikpapan,155,130,130,0,12.9
2024-03-14,P003,Hemaviton C1000,Vitamin,O011,Balikpapan Prime Pharmacy,Kalimantan,Balikpapan,102,87,87,0,9.6
2024-03-14,P004,Vidoran Smart,Multivitamin,O011,Balikpapan Prime Pharmacy,Kalimantan,Balikpapan,111,85,85,0,5.7
2024-03-14,P005,Marina Skin Care,Skin Care,O011,Balikpapan Prime Pharmacy,Kalimantan,Balikpapan,134,93,93,0,9.5
2024-03-14,P001,Tempra,Fever & Pain,O012,Balikpapan Health Mart,Kalimantan,Balikpapan,139,102,102,0,9.8
2024-03-14,P002,Bodrex Flu & Batuk,Cough & Cold,O012,Balikpapan Health Mart,Kalimantan,Balikpapan,107,68,68,0,5.5
2024-03-14,P003,Hemaviton C1000,Vitamin,O012,Balikpapan Health Mart,Kalimantan,Balikpapan,155,118,118,0,13.0
2024-03-14,P004,Vidoran Smart,Multivitamin,O012,Balikpapan Health Mart,Kalimantan,Balikpapan,99,85,85,0,6.1
2024-03-14,P005,Marina Skin Care,Skin Care,O012,Balikpapan Health Mart,Kalimantan,Balikpapan,149,116,116,0,9.3
2024-03-14,P001,Tempra,Fever & Pain,O013,Makassar Prime Pharmacy,Sulawesi,Makassar,125,98,98,0,8.1
2024-03-14,P002,Bodrex Flu & Batuk,Cough & Cold,O013,Makassar Prime Pharmacy,Sulawesi,Makassar,97,74,74,0,6.4
2024-03-14,P003,Hemaviton C1000,Vitamin,O013,Makassar Prime Pharmacy,Sulawesi,Makassar,110,65,65,0,7.9
2024-03-14,P004,Vidoran Smart,Multivitamin,O013,Makassar Prime Pharmacy,Sulawesi,Makassar,127,82,82,0,5.6
2024-03-14,P005,Marina Skin Care,Skin Care,O013,Makassar Prime Pharmacy,Sulawesi,Makassar,129,117,117,0,12.8
2024-03-14,P001,Tempra,Fever & Pain,O014,Makassar Health Mart,Sulawesi,Makassar,82,70,70,0,7.3
2024-03-14,P002,Bodrex Flu & Batuk,Cough & Cold,O014,Makassar Health Mart,Sulawesi,Makassar,87,65,65,0,4.5
2024-03-14,P003,Hemaviton C1000,Vitamin,O014,Makassar Health Mart,Sulawesi,Makassar,131,87,87,0,9.9
2024-03-14,P004,Vidoran Smart,Multivitamin,O014,Makassar Health Mart,Sulawesi,Makassar,155,126,126,0,10.4
2024-03-14,P005,Marina Skin Care,Skin Care,O014,Makassar Health Mart,Sulawesi,Makassar,101,88,88,0,6.6
2024-03-15,P001,Tempra,Fever & Pain,O001,Bandung Prime Pharmacy,Jawa Barat,Bandung,101,79,79,0,5.6
2024-03-15,P002,Bodrex Flu & Batuk,Cough & Cold,O001,Bandung Prime Pharmacy,Jawa Barat,Bandung,22,0,0,1,0
2024-03-15,P003,Hemaviton C1000,Vitamin,O001,Bandung Prime Pharmacy,Jawa Barat,Bandung,157,116,116,0,9.3
2024-03-15,P004,Vidoran Smart,Multivitamin,O001,Bandung Prime Pharmacy,Jawa Barat,Bandung,116,71,71,0,7.3
2024-03-15,P005,Marina Skin Care,Skin Care,O001,Bandung Prime Pharmacy,Jawa Barat,Bandung,127,101,101,0,10.4
2024-03-15,P001,Tempra,Fever & Pain,O002,Bandung Health Mart,Jawa Barat,Bandung,110,93,93,0,7.6
2024-03-15,P002,Bodrex Flu & Batuk,Cough & Cold,O002,Bandung Health Mart,Jawa Barat,Bandung,167,131,131,0,9.0
2024-03-15,P003,Hemaviton C1000,Vitamin,O002,Bandung Health Mart,Jawa Barat,Bandung,118,76,76,0,7.9
2024-03-15,P004,Vidoran Smart,Multivitamin,O002,Bandung Health Mart,Jawa Barat,Bandung,99,61,61,0,6.4
2024-03-15,P005,Marina Skin Care,Skin Care,O002,Bandung Health Mart,Jawa Barat,Bandung,101,78,78,0,7.7
2024-03-15,P001,Tempra,Fever & Pain,O003,Bekasi Prime Pharmacy,Jawa Barat,Bekasi,152,107,107,0,7.3
2024-03-15,P002,Bodrex Flu & Batuk,Cough & Cold,O003,Bekasi Prime Pharmacy,Jawa Barat,Bekasi,44,0,0,1,0
2024-03-15,P003,Hemaviton C1000,Vitamin,O003,Bekasi Prime Pharmacy,Jawa Barat,Bekasi,100,84,84,0,5.7
2024-03-15,P004,Vidoran Smart,Multivitamin,O003,Bekasi Prime Pharmacy,Jawa Barat,Bekasi,129,113,113,0,9.4
2024-03-15,P005,Marina Skin Care,Skin Care,O003,Bekasi Prime Pharmacy,Jawa Barat,Bekasi,151,116,116,0,11.6
2024-03-15,P001,Tempra,Fever & Pain,O004,Bekasi Health Mart,Jawa Barat,Bekasi,113,101,101,0,6.9
2024-03-15,P002,Bodrex Flu & Batuk,Cough & Cold,O004,Bekasi Health Mart,Jawa Barat,Bekasi,160,119,119,0,9.4
2024-03-15,P003,Hemaviton C1000,Vitamin,O004,Bekasi Health Mart,Jawa Barat,Bekasi,154,136,136,0,16.7
2024-03-15,P004,Vidoran Smart,Multivitamin,O004,Bekasi Health Mart,Jawa Barat,Bekasi,99,72,72,0,7.3
2024-03-15,P005,Marina Skin Care,Skin Care,O004,Bekasi Health Mart,Jawa Barat,Bekasi,143,103,103,0,8.2
2024-03-15,P001,Tempra,Fever & Pain,O005,Surabaya Prime Pharmacy,Jawa Timur,Surabaya,127,83,83,0,7.4
2024-03-15,P002,Bodrex Flu & Batuk,Cough & Cold,O005,Surabaya Prime Pharmacy,Jawa Timur,Surabaya,161,117,117,0,12.5
2024-03-15,P003,Hemaviton C1000,Vitamin,O005,Surabaya Prime Pharmacy,Jawa Timur,Surabaya,114,89,89,0,6.3
2024-03-15,P004,Vidoran Smart,Multivitamin,O005,Surabaya Prime Pharmacy,Jawa Timur,Surabaya,131,99,99,0,9.1
2024-03-15,P005,Marina Skin Care,Skin Care,O005,Surabaya Prime Pharmacy,Jawa Timur,Surabaya,115,72,72,0,6.0
2024-03-15,P001,Tempra,Fever & Pain,O006,Surabaya Health Mart,Jawa Timur,Surabaya,92,72,72,0,7.7
2024-03-15,P002,Bodrex Flu & Batuk,Cough & Cold,O006,Surabaya Health Mart,Jawa Timur,Surabaya,146,105,105,0,10.7
2024-03-15,P003,Hemaviton C1000,Vitamin,O006,Surabaya Health Mart,Jawa Timur,Surabaya,126,87,87,0,6.2
2024-03-15,P004,Vidoran Smart,Multivitamin,O006,Surabaya Health Mart,Jawa Timur,Surabaya,117,88,88,0,7.1
2024-03-15,P005,Marina Skin Care,Skin Care,O006,Surabaya Health Mart,Jawa Timur,Surabaya,158,117,117,0,12.7
2024-03-15,P001,Tempra,Fever & Pain,O007,Semarang Prime Pharmacy,Jawa Tengah,Semarang,118,89,89,0,7.6
2024-03-15,P002,Bodrex Flu & Batuk,Cough & Cold,O007,Semarang Prime Pharmacy,Jawa Tengah,Semarang,149,115,115,0,14.2
2024-03-15,P003,Hemaviton C1000,Vitamin,O007,Semarang Prime Pharmacy,Jawa Tengah,Semarang,129,103,103,0,12.3
2024-03-15,P004,Vidoran Smart,Multivitamin,O007,Semarang Prime Pharmacy,Jawa Tengah,Semarang,137,110,110,0,8.5
2024-03-15,P005,Marina Skin Care,Skin Care,O007,Semarang Prime Pharmacy,Jawa Tengah,Semarang,95,72,72,0,7.8
2024-03-15,P001,Tempra,Fever & Pain,O008,Semarang Health Mart,Jawa Tengah,Semarang,147,110,110,0,8.8
2024-03-15,P002,Bodrex Flu & Batuk,Cough & Cold,O008,Semarang Health Mart,Jawa Tengah,Semarang,150,128,128,0,12.8
2024-03-15,P003,Hemaviton C1000,Vitamin,O008,Semarang Health Mart,Jawa Tengah,Semarang,132,113,113,0,12.5
2024-03-15,P004,Vidoran Smart,Multivitamin,O008,Semarang Health Mart,Jawa Tengah,Semarang,141,104,104,0,8.2
2024-03-15,P005,Marina Skin Care,Skin Care,O008,Semarang Health Mart,Jawa Tengah,Semarang,112,90,90,0,6.8
2024-03-15,P001,Tempra,Fever & Pain,O009,Medan Prime Pharmacy,Sumatera,Medan,95,83,83,0,6.8
2024-03-15,P002,Bodrex Flu & Batuk,Cough & Cold,O009,Medan Prime Pharmacy,Sumatera,Medan,121,109,109,0,12.4
2024-03-15,P003,Hemaviton C1000,Vitamin,O009,Medan Prime Pharmacy,Sumatera,Medan,194,162,162,0,13.9
2024-03-15,P004,Vidoran Smart,Multivitamin,O009,Medan Prime Pharmacy,Sumatera,Medan,170,128,128,0,8.7
2024-03-15,P005,Marina Skin Care,Skin Care,O009,Medan Prime Pharmacy,Sumatera,Medan,99,79,79,0,8.6
2024-03-15,P001,Tempra,Fever & Pain,O010,Medan Health Mart,Sumatera,Medan,162,130,130,0,14.0
2024-03-15,P002,Bodrex Flu & Batuk,Cough & Cold,O010,Medan Health Mart,Sumatera,Medan,126,87,87,0,7.0
2024-03-15,P003,Hemaviton C1000,Vitamin,O010,Medan Health Mart,Sumatera,Medan,115,73,73,0,6.4
2024-03-15,P004,Vidoran Smart,Multivitamin,O010,Medan Health Mart,Sumatera,Medan,106,64,64,0,7.7
2024-03-15,P005,Marina Skin Care,Skin Care,O010,Medan Health Mart,Sumatera,Medan,102,91,91,0,9.3
2024-03-15,P001,Tempra,Fever & Pain,O011,Balikpapan Prime Pharmacy,Kalimantan,Balikpapan,126,108,108,0,8.1
2024-03-15,P002,Bodrex Flu & Batuk,Cough & Cold,O011,Balikpapan Prime Pharmacy,Kalimantan,Balikpapan,117,75,75,0,6.5
2024-03-15,P003,Hemaviton C1000,Vitamin,O011,Balikpapan Prime Pharmacy,Kalimantan,Balikpapan,95,71,71,0,6.8
2024-03-15,P004,Vidoran Smart,Multivitamin,O011,Balikpapan Prime Pharmacy,Kalimantan,Balikpapan,136,94,94,0,11.3
2024-03-15,P005,Marina Skin Care,Skin Care,O011,Balikpapan Prime Pharmacy,Kalimantan,Balikpapan,98,60,60,0,4.2
2024-03-15,P001,Tempra,Fever & Pain,O012,Balikpapan Health Mart,Kalimantan,Balikpapan,69,58,58,0,6.3
2024-03-15,P002,Bodrex Flu & Batuk,Cough & Cold,O012,Balikpapan Health Mart,Kalimantan,Balikpapan,127,109,109,0,11.2
2024-03-15,P003,Hemaviton C1000,Vitamin,O012,Balikpapan Health Mart,Kalimantan,Balikpapan,140,112,112,0,11.4
2024-03-15,P004,Vidoran Smart,Multivitamin,O012,Balikpapan Health Mart,Kalimantan,Balikpapan,118,97,97,0,11.1
2024-03-15,P005,Marina Skin Care,Skin Care,O012,Balikpapan Health Mart,Kalimantan,Balikpapan,151,126,126,0,8.7
2024-03-15,P001,Tempra,Fever & Pain,O013,Makassar Prime Pharmacy,Sulawesi,Makassar,53,43,43,0,3.4
2024-03-15,P002,Bodrex Flu & Batuk,Cough & Cold,O013,Makassar Prime Pharmacy,Sulawesi,Makassar,124,90,90,0,10.6
2024-03-15,P003,Hemaviton C1000,Vitamin,O013,Makassar Prime Pharmacy,Sulawesi,Makassar,112,93,93,0,8.4
2024-03-15,P004,Vidoran Smart,Multivitamin,O013,Makassar Prime Pharmacy,Sulawesi,Makassar,159,132,132,0,15.1
2024-03-15,P005,Marina Skin Care,Skin Care,O013,Makassar Prime Pharmacy,Sulawesi,Makassar,81,56,56,0,6.0
2024-03-15,P001,Tempra,Fever & Pain,O014,Makassar Health Mart,Sulawesi,Makassar,133,107,107,0,12.2
2024-03-15,P002,Bodrex Flu & Batuk,Cough & Cold,O014,Makassar Health Mart,Sulawesi,Makassar,129,95,95,0,7.8
2024-03-15,P003,Hemaviton C1000,Vitamin,O014,Makassar Health Mart,Sulawesi,Makassar,153,109,109,0,12.7
2024-03-15,P004,Vidoran Smart,Multivitamin,O014,Makassar Health Mart,Sulawesi,Makassar,82,54,54,0,5.2
2024-03-15,P005,Marina Skin Care,Skin Care,O014,Makassar Health Mart,Sulawesi,Makassar,79,63,63,0,4.7
2024-03-16,P001,Tempra,Fever & Pain,O001,Bandung Prime Pharmacy,Jawa Barat,Bandung,110,75,75,0,5.2
2024-03-16,P002,Bodrex Flu & Batuk,Cough & Cold,O001,Bandung Prime Pharmacy,Jawa Barat,Bandung,41,0,0,1,0
2024-03-16,P003,Hemaviton C1000,Vitamin,O001,Bandung Prime Pharmacy,Jawa Barat,Bandung,131,98,98,0,7.2
2024-03-16,P004,Vidoran Smart,Multivitamin,O001,Bandung Prime Pharmacy,Jawa Barat,Bandung,111,101,101,0,8.6
2024-03-16,P005,Marina Skin Care,Skin Care,O001,Bandung Prime Pharmacy,Jawa Barat,Bandung,103,61,61,0,5.4
2024-03-16,P001,Tempra,Fever & Pain,O002,Bandung Health Mart,Jawa Barat,Bandung,114,90,90,0,10.2
2024-03-16,P002,Bodrex Flu & Batuk,Cough & Cold,O002,Bandung Health Mart,Jawa Barat,Bandung,125,111,111,0,12.4
2024-03-16,P003,Hemaviton C1000,Vitamin,O002,Bandung Health Mart,Jawa Barat,Bandung,89,63,63,0,4.6
2024-03-16,P004,Vidoran Smart,Multivitamin,O002,Bandung Health Mart,Jawa Barat,Bandung,140,105,105,0,11.0
2024-03-16,P005,Marina Skin Care,Skin Care,O002,Bandung Health Mart,Jawa Barat,Bandung,156,111,111,0,11.9
2024-03-16,P001,Tempra,Fever & Pain,O003,Bekasi Prime Pharmacy,Jawa Barat,Bekasi,107,91,91,0,8.3
2024-03-16,P002,Bodrex Flu & Batuk,Cough & Cold,O003,Bekasi Prime Pharmacy,Jawa Barat,Bekasi,19,0,0,1,0
2024-03-16,P003,Hemaviton C1000,Vitamin,O003,Bekasi Prime Pharmacy,Jawa Barat,Bekasi,147,114,114,0,8.1
2024-03-16,P004,Vidoran Smart,Multivitamin,O003,Bekasi Prime Pharmacy,Jawa Barat,Bekasi,111,85,85,0,6.9
2024-03-16,P005,Marina Skin Care,Skin Care,O003,Bekasi Prime Pharmacy,Jawa Barat,Bekasi,105,79,79,0,6.9
2024-03-16,P001,Tempra,Fever & Pain,O004,Bekasi Health Mart,Jawa Barat,Bekasi,117,85,85,0,9.0
2024-03-16,P002,Bodrex Flu & Batuk,Cough & Cold,O004,Bekasi Health Mart,Jawa Barat,Bekasi,120,110,110,0,12.5
2024-03-16,P003,Hemaviton C1000,Vitamin,O004,Bekasi Health Mart,Jawa Barat,Bekasi,147,113,113,0,10.5
2024-03-16,P004,Vidoran Smart,Multivitamin,O004,Bekasi Health Mart,Jawa Barat,Bekasi,97,86,86,0,6.0
2024-03-16,P005,Marina Skin Care,Skin Care,O004,Bekasi Health Mart,Jawa Barat,Bekasi,148,107,107,0,9.0
2024-03-16,P001,Tempra,Fever & Pain,O005,Surabaya Prime Pharmacy,Jawa Timur,Surabaya,149,114,114,0,7.8
2024-03-16,P002,Bodrex Flu & Batuk,Cough & Cold,O005,Surabaya Prime Pharmacy,Jawa Timur,Surabaya,117,95,95,0,9.3
2024-03-16,P003,Hemaviton C1000,Vitamin,O005,Surabaya Prime Pharmacy,Jawa Timur,Surabaya,58,42,42,0,3.3
2024-03-16,P004,Vidoran Smart,Multivitamin,O005,Surabaya Prime Pharmacy,Jawa Timur,Surabaya,142,112,112,0,11.1
2024-03-16,P005,Marina Skin Care,Skin Care,O005,Surabaya Prime Pharmacy,Jawa Timur,Surabaya,96,55,55,0,5.1
2024-03-16,P001,Tempra,Fever & Pain,O006,Surabaya Health Mart,Jawa Timur,Surabaya,100,83,83,0,6.1
2024-03-16,P002,Bodrex Flu & Batuk,Cough & Cold,O006,Surabaya Health Mart,Jawa Timur,Surabaya,133,91,91,0,8.1
2024-03-16,P003,Hemaviton C1000,Vitamin,O006,Surabaya Health Mart,Jawa Timur,Surabaya,98,73,73,0,5.3
2024-03-16,P004,Vidoran Smart,Multivitamin,O006,Surabaya Health Mart,Jawa Timur,Surabaya,88,64,64,0,6.4
2024-03-16,P005,Marina Skin Care,Skin Care,O006,Surabaya Health Mart,Jawa Timur,Surabaya,152,127,127,0,8.9
2024-03-16,P001,Tempra,Fever & Pain,O007,Semarang Prime Pharmacy,Jawa Tengah,Semarang,132,99,99,0,9.5
2024-03-16,P002,Bodrex Flu & Batuk,Cough & Cold,O007,Semarang Prime Pharmacy,Jawa Tengah,Semarang,156,145,145,0,10.5
2024-03-16,P003,Hemaviton C1000,Vitamin,O007,Semarang Prime Pharmacy,Jawa Tengah,Semarang,102,85,85,0,9.6
2024-03-16,P004,Vidoran Smart,Multivitamin,O007,Semarang Prime Pharmacy,Jawa Tengah,Semarang,99,71,71,0,5.4
2024-03-16,P005,Marina Skin Care,Skin Care,O007,Semarang Prime Pharmacy,Jawa Tengah,Semarang,128,83,83,0,10.0
2024-03-16,P001,Tempra,Fever & Pain,O008,Semarang Health Mart,Jawa Tengah,Semarang,143,120,120,0,10.2
2024-03-16,P002,Bodrex Flu & Batuk,Cough & Cold,O008,Semarang Health Mart,Jawa Tengah,Semarang,116,83,83,0,7.6
2024-03-16,P003,Hemaviton C1000,Vitamin,O008,Semarang Health Mart,Jawa Tengah,Semarang,99,64,64,0,6.8
2024-03-16,P004,Vidoran Smart,Multivitamin,O008,Semarang Health Mart,Jawa Tengah,Semarang,136,124,124,0,8.3
2024-03-16,P005,Marina Skin Care,Skin Care,O008,Semarang Health Mart,Jawa Tengah,Semarang,122,79,79,0,5.8
2024-03-16,P001,Tempra,Fever & Pain,O009,Medan Prime Pharmacy,Sumatera,Medan,122,105,105,0,10.4
2024-03-16,P002,Bodrex Flu & Batuk,Cough & Cold,O009,Medan Prime Pharmacy,Sumatera,Medan,142,99,99,0,8.3
2024-03-16,P003,Hemaviton C1000,Vitamin,O009,Medan Prime Pharmacy,Sumatera,Medan,96,75,75,0,5.9
2024-03-16,P004,Vidoran Smart,Multivitamin,O009,Medan Prime Pharmacy,Sumatera,Medan,109,77,77,0,5.5
2024-03-16,P005,Marina Skin Care,Skin Care,O009,Medan Prime Pharmacy,Sumatera,Medan,91,72,72,0,7.1
2024-03-16,P001,Tempra,Fever & Pain,O010,Medan Health Mart,Sumatera,Medan,101,71,71,0,8.3
2024-03-16,P002,Bodrex Flu & Batuk,Cough & Cold,O010,Medan Health Mart,Sumatera,Medan,92,82,82,0,9.4
2024-03-16,P003,Hemaviton C1000,Vitamin,O010,Medan Health Mart,Sumatera,Medan,74,61,61,0,4.4
2024-03-16,P004,Vidoran Smart,Multivitamin,O010,Medan Health Mart,Sumatera,Medan,126,93,93,0,6.5
2024-03-16,P005,Marina Skin Care,Skin Care,O010,Medan Health Mart,Sumatera,Medan,157,134,134,0,11.9
2024-03-16,P001,Tempra,Fever & Pain,O011,Balikpapan Prime Pharmacy,Kalimantan,Balikpapan,149,107,107,0,7.9
2024-03-16,P002,Bodrex Flu & Batuk,Cough & Cold,O011,Balikpapan Prime Pharmacy,Kalimantan,Balikpapan,174,130,130,0,15.4
2024-03-16,P003,Hemaviton C1000,Vitamin,O011,Balikpapan Prime Pharmacy,Kalimantan,Balikpapan,125,99,99,0,8.4
2024-03-16,P004,Vidoran Smart,Multivitamin,O011,Balikpapan Prime Pharmacy,Kalimantan,Balikpapan,143,121,121,0,11.2
2024-03-16,P005,Marina Skin Care,Skin Care,O011,Balikpapan Prime Pharmacy,Kalimantan,Balikpapan,121,94,94,0,7.6
2024-03-16,P001,Tempra,Fever & Pain,O012,Balikpapan Health Mart,Kalimantan,Balikpapan,99,84,84,0,6.9
2024-03-16,P002,Bodrex Flu & Batuk,Cough & Cold,O012,Balikpapan Health Mart,Kalimantan,Balikpapan,120,78,78,0,5.3
2024-03-16,P003,Hemaviton C1000,Vitamin,O012,Balikpapan Health Mart,Kalimantan,Balikpapan,89,79,79,0,8.8
2024-03-16,P004,Vidoran Smart,Multivitamin,O012,Balikpapan Health Mart,Kalimantan,Balikpapan,162,135,135,0,12.5
2024-03-16,P005,Marina Skin Care,Skin Care,O012,Balikpapan Health Mart,Kalimantan,Balikpapan,124,93,93,0,11.2
2024-03-16,P001,Tempra,Fever & Pain,O013,Makassar Prime Pharmacy,Sulawesi,Makassar,145,100,100,0,7.5
2024-03-16,P002,Bodrex Flu & Batuk,Cough & Cold,O013,Makassar Prime Pharmacy,Sulawesi,Makassar,113,97,97,0,10.4
2024-03-16,P003,Hemaviton C1000,Vitamin,O013,Makassar Prime Pharmacy,Sulawesi,Makassar,67,57,57,0,3.9
2024-03-16,P004,Vidoran Smart,Multivitamin,O013,Makassar Prime Pharmacy,Sulawesi,Makassar,105,73,73,0,7.4
2024-03-16,P005,Marina Skin Care,Skin Care,O013,Makassar Prime Pharmacy,Sulawesi,Makassar,91,78,78,0,7.0
2024-03-16,P001,Tempra,Fever & Pain,O014,Makassar Health Mart,Sulawesi,Makassar,99,81,81,0,8.9
2024-03-16,P002,Bodrex Flu & Batuk,Cough & Cold,O014,Makassar Health Mart,Sulawesi,Makassar,105,88,88,0,7.9
2024-03-16,P003,Hemaviton C1000,Vitamin,O014,Makassar Health Mart,Sulawesi,Makassar,149,119,119,0,10.0
2024-03-16,P004,Vidoran Smart,Multivitamin,O014,Makassar Health Mart,Sulawesi,Makassar,188,146,146,0,11.3
2024-03-16,P005,Marina Skin Care,Skin Care,O014,Makassar Health Mart,Sulawesi,Makassar,147,103,103,0,11.3
2024-03-17,P001,Tempra,Fever & Pain,O001,Bandung Prime Pharmacy,Jawa Barat,Bandung,83,71,71,0,7.5
2024-03-17,P002,Bodrex Flu & Batuk,Cough & Cold,O001,Bandung Prime Pharmacy,Jawa Barat,Bandung,15,0,0,1,0
2024-03-17,P003,Hemaviton C1000,Vitamin,O001,Bandung Prime Pharmacy,Jawa Barat,Bandung,109,90,90,0,9.5
2024-03-17,P004,Vidoran Smart,Multivitamin,O001,Bandung Prime Pharmacy,Jawa Barat,Bandung,138,93,93,0,6.6
2024-03-17,P005,Marina Skin Care,Skin Care,O001,Bandung Prime Pharmacy,Jawa Barat,Bandung,165,148,148,0,15.4
2024-03-17,P001,Tempra,Fever & Pain,O002,Bandung Health Mart,Jawa Barat,Bandung,142,100,100,0,12.2
2024-03-17,P002,Bodrex Flu & Batuk,Cough & Cold,O002,Bandung Health Mart,Jawa Barat,Bandung,137,107,107,0,10.7
2024-03-17,P003,Hemaviton C1000,Vitamin,O002,Bandung Health Mart,Jawa Barat,Bandung,137,117,117,0,8.3
2024-03-17,P004,Vidoran Smart,Multivitamin,O002,Bandung Health Mart,Jawa Barat,Bandung,103,68,68,0,6.6
2024-03-17,P005,Marina Skin Care,Skin Care,O002,Bandung Health Mart,Jawa Barat,Bandung,138,97,97,0,11.0
2024-03-17,P001,Tempra,Fever & Pain,O003,Bekasi Prime Pharmacy,Jawa Barat,Bekasi,117,100,100,0,7.9
2024-03-17,P002,Bodrex Flu & Batuk,Cough & Cold,O003,Bekasi Prime Pharmacy,Jawa Barat,Bekasi,41,0,0,1,0
2024-03-17,P003,Hemaviton C1000,Vitamin,O003,Bekasi Prime Pharmacy,Jawa Barat,Bekasi,86,43,43,0,4.0
2024-03-17,P004,Vidoran Smart,Multivitamin,O003,Bekasi Prime Pharmacy,Jawa Barat,Bekasi,152,131,131,0,12.9
2024-03-17,P005,Marina Skin Care,Skin Care,O003,Bekasi Prime Pharmacy,Jawa Barat,Bekasi,101,86,86,0,7.1
2024-03-17,P001,Tempra,Fever & Pain,O004,Bekasi Health Mart,Jawa Barat,Bekasi,105,71,71,0,8.4
2024-03-17,P002,Bodrex Flu & Batuk,Cough & Cold,O004,Bekasi Health Mart,Jawa Barat,Bekasi,148,115,115,0,13.2
2024-03-17,P003,Hemaviton C1000,Vitamin,O004,Bekasi Health Mart,Jawa Barat,Bekasi,152,119,119,0,10.3
2024-03-17,P004,Vidoran Smart,Multivitamin,O004,Bekasi Health Mart,Jawa Barat,Bekasi,134,89,89,0,6.4
2024-03-17,P005,Marina Skin Care,Skin Care,O004,Bekasi Health Mart,Jawa Barat,Bekasi,108,96,96,0,8.8
2024-03-17,P001,Tempra,Fever & Pain,O005,Surabaya Prime Pharmacy,Jawa Timur,Surabaya,101,74,74,0,5.7
2024-03-17,P002,Bodrex Flu & Batuk,Cough & Cold,O005,Surabaya Prime Pharmacy,Jawa Timur,Surabaya,110,97,97,0,8.3
2024-03-17,P003,Hemaviton C1000,Vitamin,O005,Surabaya Prime Pharmacy,Jawa Timur,Surabaya,149,106,106,0,9.0
2024-03-17,P004,Vidoran Smart,Multivitamin,O005,Surabaya Prime Pharmacy,Jawa Timur,Surabaya,112,78,78,0,8.3
2024-03-17,P005,Marina Skin Care,Skin Care,O005,Surabaya Prime Pharmacy,Jawa Timur,Surabaya,106,88,88,0,7.6
2024-03-17,P001,Tempra,Fever & Pain,O006,Surabaya Health Mart,Jawa Timur,Surabaya,160,138,138,0,13.9
2024-03-17,P002,Bodrex Flu & Batuk,Cough & Cold,O006,Surabaya Health Mart,Jawa Timur,Surabaya,137,107,107,0,8.3
2024-03-17,P003,Hemaviton C1000,Vitamin,O006,Surabaya Health Mart,Jawa Timur,Surabaya,119,86,86,0,7.6
2024-03-17,P004,Vidoran Smart,Multivitamin,O006,Surabaya Health Mart,Jawa Timur,Surabaya,77,53,53,0,5.0
2024-03-17,P005,Marina Skin Care,Skin Care,O006,Surabaya Health Mart,Jawa Timur,Surabaya,127,89,89,0,9.9
2024-03-17,P001,Tempra,Fever & Pain,O007,Semarang Prime Pharmacy,Jawa Tengah,Semarang,154,113,113,0,11.7
2024-03-17,P002,Bodrex Flu & Batuk,Cough & Cold,O007,Semarang Prime Pharmacy,Jawa Tengah,Semarang,126,95,95,0,10.1
2024-03-17,P003,Hemaviton C1000,Vitamin,O007,Semarang Prime Pharmacy,Jawa Tengah,Semarang,85,72,72,0,8.4
2024-03-17,P004,Vidoran Smart,Multivitamin,O007,Semarang Prime Pharmacy,Jawa Tengah,Semarang,153,124,124,0,12.4
2024-03-17,P005,Marina Skin Care,Skin Care,O007,Semarang Prime Pharmacy,Jawa Tengah,Semarang,145,102,102,0,8.0
2024-03-17,P001,Tempra,Fever & Pain,O008,Semarang Health Mart,Jawa Tengah,Semarang,66,54,54,0,5.0
2024-03-17,P002,Bodrex Flu & Batuk,Cough & Cold,O008,Semarang Health Mart,Jawa Tengah,Semarang,110,66,66,0,5.1
2024-03-17,P003,Hemaviton C1000,Vitamin,O008,Semarang Health Mart,Jawa Tengah,Semarang,122,111,111,0,8.2
2024-03-17,P004,Vidoran Smart,Multivitamin,O008,Semarang Health Mart,Jawa Tengah,Semarang,129,104,104,0,10.4
2024-03-17,P005,Marina Skin Care,Skin Care,O008,Semarang Health Mart,Jawa Tengah,Semarang,123,111,111,0,9.4
2024-03-17,P001,Tempra,Fever & Pain,O009,Medan Prime Pharmacy,Sumatera,Medan,139,119,119,0,8.2
2024-03-17,P002,Bodrex Flu & Batuk,Cough & Cold,O009,Medan Prime Pharmacy,Sumatera,Medan,93,80,80,0,6.5
2024-03-17,P003,Hemaviton C1000,Vitamin,O009,Medan Prime Pharmacy,Sumatera,Medan,127,84,84,0,8.2
2024-03-17,P004,Vidoran Smart,Multivitamin,O009,Medan Prime Pharmacy,Sumatera,Medan,129,93,93,0,8.3
2024-03-17,P005,Marina Skin Care,Skin Care,O009,Medan Prime Pharmacy,Sumatera,Medan,142,127,127,0,13.2
2024-03-17,P001,Tempra,Fever & Pain,O010,Medan Health Mart,Sumatera,Medan,165,121,121,0,10.1
2024-03-17,P002,Bodrex Flu & Batuk,Cough & Cold,O010,Medan Health Mart,Sumatera,Medan,135,95,95,0,10.3
2024-03-17,P003,Hemaviton C1000,Vitamin,O010,Medan Health Mart,Sumatera,Medan,145,103,103,0,7.7
2024-03-17,P004,Vidoran Smart,Multivitamin,O010,Medan Health Mart,Sumatera,Medan,149,109,109,0,8.3
2024-03-17,P005,Marina Skin Care,Skin Care,O010,Medan Health Mart,Sumatera,Medan,94,74,74,0,6.1
2024-03-17,P001,Tempra,Fever & Pain,O011,Balikpapan Prime Pharmacy,Kalimantan,Balikpapan,175,150,150,0,10.5
2024-03-17,P002,Bodrex Flu & Batuk,Cough & Cold,O011,Balikpapan Prime Pharmacy,Kalimantan,Balikpapan,109,83,83,0,6.6
2024-03-17,P003,Hemaviton C1000,Vitamin,O011,Balikpapan Prime Pharmacy,Kalimantan,Balikpapan,95,63,63,0,4.3
2024-03-17,P004,Vidoran Smart,Multivitamin,O011,Balikpapan Prime Pharmacy,Kalimantan,Balikpapan,140,125,125,0,11.6
2024-03-17,P005,Marina Skin Care,Skin Care,O011,Balikpapan Prime Pharmacy,Kalimantan,Balikpapan,105,62,62,0,4.7
2024-03-17,P001,Tempra,Fever & Pain,O012,Balikpapan Health Mart,Kalimantan,Balikpapan,94,81,81,0,9.1
2024-03-17,P002,Bodrex Flu & Batuk,Cough & Cold,O012,Balikpapan Health Mart,Kalimantan,Balikpapan,67,49,49,0,3.5
2024-03-17,P003,Hemaviton C1000,Vitamin,O012,Balikpapan Health Mart,Kalimantan,Balikpapan,82,62,62,0,5.9
2024-03-17,P004,Vidoran Smart,Multivitamin,O012,Balikpapan Health Mart,Kalimantan,Balikpapan,112,86,86,0,8.2
2024-03-17,P005,Marina Skin Care,Skin Care,O012,Balikpapan Health Mart,Kalimantan,Balikpapan,130,113,113,0,11.4
2024-03-17,P001,Tempra,Fever & Pain,O013,Makassar Prime Pharmacy,Sulawesi,Makassar,142,105,105,0,10.8
2024-03-17,P002,Bodrex Flu & Batuk,Cough & Cold,O013,Makassar Prime Pharmacy,Sulawesi,Makassar,91,78,78,0,5.9
2024-03-17,P003,Hemaviton C1000,Vitamin,O013,Makassar Prime Pharmacy,Sulawesi,Makassar,136,91,91,0,6.4
2024-03-17,P004,Vidoran Smart,Multivitamin,O013,Makassar Prime Pharmacy,Sulawesi,Makassar,118,93,93,0,6.5
2024-03-17,P005,Marina Skin Care,Skin Care,O013,Makassar Prime Pharmacy,Sulawesi,Makassar,99,85,85,0,9.7
2024-03-17,P001,Tempra,Fever & Pain,O014,Makassar Health Mart,Sulawesi,Makassar,48,33,33,0,2.6
2024-03-17,P002,Bodrex Flu & Batuk,Cough & Cold,O014,Makassar Health Mart,Sulawesi,Makassar,79,66,66,0,4.9
2024-03-17,P003,Hemaviton C1000,Vitamin,O014,Makassar Health Mart,Sulawesi,Makassar,106,69,69,0,6.1
2024-03-17,P004,Vidoran Smart,Multivitamin,O014,Makassar Health Mart,Sulawesi,Makassar,94,65,65,0,4.4
2024-03-17,P005,Marina Skin Care,Skin Care,O014,Makassar Health Mart,Sulawesi,Makassar,123,89,89,0,8.4
2024-03-18,P001,Tempra,Fever & Pain,O001,Bandung Prime Pharmacy,Jawa Barat,Bandung,88,73,73,0,6.6
2024-03-18,P002,Bodrex Flu & Batuk,Cough & Cold,O001,Bandung Prime Pharmacy,Jawa Barat,Bandung,42,0,0,1,0
2024-03-18,P003,Hemaviton C1000,Vitamin,O001,Bandung Prime Pharmacy,Jawa Barat,Bandung,73,60,60,0,4.1
2024-03-18,P004,Vidoran Smart,Multivitamin,O001,Bandung Prime Pharmacy,Jawa Barat,Bandung,111,87,87,0,6.7
2024-03-18,P005,Marina Skin Care,Skin Care,O001,Bandung Prime Pharmacy,Jawa Barat,Bandung,114,75,75,0,5.7
2024-03-18,P001,Tempra,Fever & Pain,O002,Bandung Health Mart,Jawa Barat,Bandung,149,107,107,0,8.0
2024-03-18,P002,Bodrex Flu & Batuk,Cough & Cold,O002,Bandung Health Mart,Jawa Barat,Bandung,104,89,89,0,9.1
2024-03-18,P003,Hemaviton C1000,Vitamin,O002,Bandung Health Mart,Jawa Barat,Bandung,134,104,104,0,7.3
2024-03-18,P004,Vidoran Smart,Multivitamin,O002,Bandung Health Mart,Jawa Barat,Bandung,187,142,142,0,10.7
2024-03-18,P005,Marina Skin Care,Skin Care,O002,Bandung Health Mart,Jawa Barat,Bandung,124,89,89,0,8.0
2024-03-18,P001,Tempra,Fever & Pain,O003,Bekasi Prime Pharmacy,Jawa Barat,Bekasi,96,79,79,0,5.3
2024-03-18,P002,Bodrex Flu & Batuk,Cough & Cold,O003,Bekasi Prime Pharmacy,Jawa Barat,Bekasi,23,0,0,1,0
2024-03-18,P003,Hemaviton C1000,Vitamin,O003,Bekasi Prime Pharmacy,Jawa Barat,Bekasi,142,130,130,0,9.6
2024-03-18,P004,Vidoran Smart,Multivitamin,O003,Bekasi Prime Pharmacy,Jawa Barat,Bekasi,150,105,105,0,12.3
2024-03-18,P005,Marina Skin Care,Skin Care,O003,Bekasi Prime Pharmacy,Jawa Barat,Bekasi,157,127,127,0,13.0
2024-03-18,P001,Tempra,Fever & Pain,O004,Bekasi Health Mart,Jawa Barat,Bekasi,155,129,129,0,8.8
2024-03-18,P002,Bodrex Flu & Batuk,Cough & Cold,O004,Bekasi Health Mart,Jawa Barat,Bekasi,117,76,76,0,6.5
2024-03-18,P003,Hemaviton C1000,Vitamin,O004,Bekasi Health Mart,Jawa Barat,Bekasi,141,122,122,0,8.3
2024-03-18,P004,Vidoran Smart,Multivitamin,O004,Bekasi Health Mart,Jawa Barat,Bekasi,96,78,78,0,5.6
2024-03-18,P005,Marina Skin Care,Skin Care,O004,Bekasi Health Mart,Jawa Barat,Bekasi,153,113,113,0,8.1
2024-03-18,P001,Tempra,Fever & Pain,O005,Surabaya Prime Pharmacy,Jawa Timur,Surabaya,168,123,123,0,9.9
2024-03-18,P002,Bodrex Flu & Batuk,Cough & Cold,O005,Surabaya Prime Pharmacy,Jawa Timur,Surabaya,112,75,75,0,6.5
2024-03-18,P003,Hemaviton C1000,Vitamin,O005,Surabaya Prime Pharmacy,Jawa Timur,Surabaya,140,106,106,0,10.9
2024-03-18,P004,Vidoran Smart,Multivitamin,O005,Surabaya Prime Pharmacy,Jawa Timur,Surabaya,64,54,54,0,5.5
2024-03-18,P005,Marina Skin Care,Skin Care,O005,Surabaya Prime Pharmacy,Jawa Timur,Surabaya,139,113,113,0,13.6
2024-03-18,P001,Tempra,Fever & Pain,O006,Surabaya Health Mart,Jawa Timur,Surabaya,89,56,56,0,4.8
2024-03-18,P002,Bodrex Flu & Batuk,Cough & Cold,O006,Surabaya Health Mart,Jawa Timur,Surabaya,145,108,108,0,7.2
2024-03-18,P003,Hemaviton C1000,Vitamin,O006,Surabaya Health Mart,Jawa Timur,Surabaya,118,91,91,0,9.5
2024-03-18,P004,Vidoran Smart,Multivitamin,O006,Surabaya Health Mart,Jawa Timur,Surabaya,199,158,158,0,11.4
2024-03-18,P005,Marina Skin Care,Skin Care,O006,Surabaya Health Mart,Jawa Timur,Surabaya,86,64,64,0,6.1
2024-03-18,P001,Tempra,Fever & Pain,O007,Semarang Prime Pharmacy,Jawa Tengah,Semarang,65,53,53,0,4.4
2024-03-18,P002,Bodrex Flu & Batuk,Cough & Cold,O007,Semarang Prime Pharmacy,Jawa Tengah,Semarang,111,88,88,0,7.6
2024-03-18,P003,Hemaviton C1000,Vitamin,O007,Semarang Prime Pharmacy,Jawa Tengah,Semarang,125,81,81,0,8.8
2024-03-18,P004,Vidoran Smart,Multivitamin,O007,Semarang Prime Pharmacy,Jawa Tengah,Semarang,115,83,83,0,6.7
2024-03-18,P005,Marina Skin Care,Skin Care,O007,Semarang Prime Pharmacy,Jawa Tengah,Semarang,139,123,123,0,8.3
2024-03-18,P001,Tempra,Fever & Pain,O008,Semarang Health Mart,Jawa Tengah,Semarang,86,76,76,0,7.6
2024-03-18,P002,Bodrex Flu & Batuk,Cough & Cold,O008,Semarang Health Mart,Jawa Tengah,Semarang,121,100,100,0,8.1
2024-03-18,P003,Hemaviton C1000,Vitamin,O008,Semarang Health Mart,Jawa Tengah,Semarang,135,96,96,0,7.0
2024-03-18,P004,Vidoran Smart,Multivitamin,O008,Semarang Health Mart,Jawa Tengah,Semarang,166,127,127,0,13.0
2024-03-18,P005,Marina Skin Care,Skin Care,O008,Semarang Health Mart,Jawa Tengah,Semarang,117,103,103,0,7.9
2024-03-18,P001,Tempra,Fever & Pain,O009,Medan Prime Pharmacy,Sumatera,Medan,119,92,92,0,8.9
2024-03-18,P002,Bodrex Flu & Batuk,Cough & Cold,O009,Medan Prime Pharmacy,Sumatera,Medan,43,23,23,0,2.1
2024-03-18,P003,Hemaviton C1000,Vitamin,O009,Medan Prime Pharmacy,Sumatera,Medan,131,111,111,0,8.9
2024-03-18,P004,Vidoran Smart,Multivitamin,O009,Medan Prime Pharmacy,Sumatera,Medan,123,79,79,0,5.5
2024-03-18,P005,Marina Skin Care,Skin Care,O009,Medan Prime Pharmacy,Sumatera,Medan,87,42,42,0,3.7
2024-03-18,P001,Tempra,Fever & Pain,O010,Medan Health Mart,Sumatera,Medan,159,124,124,0,12.3
2024-03-18,P002,Bodrex Flu & Batuk,Cough & Cold,O010,Medan Health Mart,Sumatera,Medan,99,76,76,0,5.7
2024-03-18,P003,Hemaviton C1000,Vitamin,O010,Medan Health Mart,Sumatera,Medan,115,92,92,0,7.1
2024-03-18,P004,Vidoran Smart,Multivitamin,O010,Medan Health Mart,Sumatera,Medan,148,104,104,0,6.9
2024-03-18,P005,Marina Skin Care,Skin Care,O010,Medan Health Mart,Sumatera,Medan,57,43,43,0,5.2
2024-03-18,P001,Tempra,Fever & Pain,O011,Balikpapan Prime Pharmacy,Kalimantan,Balikpapan,112,69,69,0,5.6
2024-03-18,P002,Bodrex Flu & Batuk,Cough & Cold,O011,Balikpapan Prime Pharmacy,Kalimantan,Balikpapan,106,90,90,0,7.7
2024-03-18,P003,Hemaviton C1000,Vitamin,O011,Balikpapan Prime Pharmacy,Kalimantan,Balikpapan,61,31,31,0,2.1
2024-03-18,P004,Vidoran Smart,Multivitamin,O011,Balikpapan Prime Pharmacy,Kalimantan,Balikpapan,91,64,64,0,7.4
2024-03-18,P005,Marina Skin Care,Skin Care,O011,Balikpapan Prime Pharmacy,Kalimantan,Balikpapan,101,83,83,0,6.7
2024-03-18,P001,Tempra,Fever & Pain,O012,Balikpapan Health Mart,Kalimantan,Balikpapan,142,109,109,0,11.9
2024-03-18,P002,Bodrex Flu & Batuk,Cough & Cold,O012,Balikpapan Health Mart,Kalimantan,Balikpapan,130,107,107,0,11.1
2024-03-18,P003,Hemaviton C1000,Vitamin,O012,Balikpapan Health Mart,Kalimantan,Balikpapan,159,121,121,0,10.3
2024-03-18,P004,Vidoran Smart,Multivitamin,O012,Balikpapan Health Mart,Kalimantan,Balikpapan,124,99,99,0,7.1
2024-03-18,P005,Marina Skin Care,Skin Care,O012,Balikpapan Health Mart,Kalimantan,Balikpapan,101,59,59,0,5.4
2024-03-18,P001,Tempra,Fever & Pain,O013,Makassar Prime Pharmacy,Sulawesi,Makassar,109,70,70,0,7.0
2024-03-18,P002,Bodrex Flu & Batuk,Cough & Cold,O013,Makassar Prime Pharmacy,Sulawesi,Makassar,157,130,130,0,11.3
2024-03-18,P003,Hemaviton C1000,Vitamin,O013,Makassar Prime Pharmacy,Sulawesi,Makassar,115,102,102,0,7.4
2024-03-18,P004,Vidoran Smart,Multivitamin,O013,Makassar Prime Pharmacy,Sulawesi,Makassar,95,80,80,0,6.7
2024-03-18,P005,Marina Skin Care,Skin Care,O013,Makassar Prime Pharmacy,Sulawesi,Makassar,124,86,86,0,8.5
2024-03-18,P001,Tempra,Fever & Pain,O014,Makassar Health Mart,Sulawesi,Makassar,121,96,96,0,11.3
2024-03-18,P002,Bodrex Flu & Batuk,Cough & Cold,O014,Makassar Health Mart,Sulawesi,Makassar,82,60,60,0,4.9
2024-03-18,P003,Hemaviton C1000,Vitamin,O014,Makassar Health Mart,Sulawesi,Makassar,110,78,78,0,5.2
2024-03-18,P004,Vidoran Smart,Multivitamin,O014,Makassar Health Mart,Sulawesi,Makassar,115,84,84,0,9.6
2024-03-18,P005,Marina Skin Care,Skin Care,O014,Makassar Health Mart,Sulawesi,Makassar,82,61,61,0,6.2
2024-03-19,P001,Tempra,Fever & Pain,O001,Bandung Prime Pharmacy,Jawa Barat,Bandung,172,145,145,0,16.4
2024-03-19,P002,Bodrex Flu & Batuk,Cough & Cold,O001,Bandung Prime Pharmacy,Jawa Barat,Bandung,30,0,0,1,0
2024-03-19,P003,Hemaviton C1000,Vitamin,O001,Bandung Prime Pharmacy,Jawa Barat,Bandung,116,89,89,0,6.7
2024-03-19,P004,Vidoran Smart,Multivitamin,O001,Bandung Prime Pharmacy,Jawa Barat,Bandung,120,110,110,0,10.2
2024-03-19,P005,Marina Skin Care,Skin Care,O001,Bandung Prime Pharmacy,Jawa Barat,Bandung,151,127,127,0,13.8
2024-03-19,P001,Tempra,Fever & Pain,O002,Bandung Health Mart,Jawa Barat,Bandung,139,110,110,0,12.6
2024-03-19,P002,Bodrex Flu & Batuk,Cough & Cold,O002,Bandung Health Mart,Jawa Barat,Bandung,67,50,50,0,3.9
2024-03-19,P003,Hemaviton C1000,Vitamin,O002,Bandung Health Mart,Jawa Barat,Bandung,140,123,123,0,9.0
2024-03-19,P004,Vidoran Smart,Multivitamin,O002,Bandung Health Mart,Jawa Barat,Bandung,101,74,74,0,8.7
2024-03-19,P005,Marina Skin Care,Skin Care,O002,Bandung Health Mart,Jawa Barat,Bandung,80,44,44,0,4.7
2024-03-19,P001,Tempra,Fever & Pain,O003,Bekasi Prime Pharmacy,Jawa Barat,Bekasi,129,107,107,0,7.8
2024-03-19,P002,Bodrex Flu & Batuk,Cough & Cold,O003,Bekasi Prime Pharmacy,Jawa Barat,Bekasi,34,0,0,1,0
2024-03-19,P003,Hemaviton C1000,Vitamin,O003,Bekasi Prime Pharmacy,Jawa Barat,Bekasi,139,103,103,0,11.8
2024-03-19,P004,Vidoran Smart,Multivitamin,O003,Bekasi Prime Pharmacy,Jawa Barat,Bekasi,138,114,114,0,8.6
2024-03-19,P005,Marina Skin Care,Skin Care,O003,Bekasi Prime Pharmacy,Jawa Barat,Bekasi,137,101,101,0,8.6
2024-03-19,P001,Tempra,Fever & Pain,O004,Bekasi Health Mart,Jawa Barat,Bekasi,120,108,108,0,7.6
2024-03-19,P002,Bodrex Flu & Batuk,Cough & Cold,O004,Bekasi Health Mart,Jawa Barat,Bekasi,96,60,60,0,6.7
2024-03-19,P003,Hemaviton C1000,Vitamin,O004,Bekasi Health Mart,Jawa Barat,Bekasi,80,61,61,0,5.2
2024-03-19,P004,Vidoran Smart,Multivitamin,O004,Bekasi Health Mart,Jawa Barat,Bekasi,148,124,124,0,12.5
2024-03-19,P005,Marina Skin Care,Skin Care,O004,Bekasi Health Mart,Jawa Barat,Bekasi,182,139,139,0,14.5
2024-03-19,P001,Tempra,Fever & Pain,O005,Surabaya Prime Pharmacy,Jawa Timur,Surabaya,128,118,118,0,11.8
2024-03-19,P002,Bodrex Flu & Batuk,Cough & Cold,O005,Surabaya Prime Pharmacy,Jawa Timur,Surabaya,107,75,75,0,6.7
2024-03-19,P003,Hemaviton C1000,Vitamin,O005,Surabaya Prime Pharmacy,Jawa Timur,Surabaya,135,121,121,0,9.1
2024-03-19,P004,Vidoran Smart,Multivitamin,O005,Surabaya Prime Pharmacy,Jawa Timur,Surabaya,100,80,80,0,5.8
2024-03-19,P005,Marina Skin Care,Skin Care,O005,Surabaya Prime Pharmacy,Jawa Timur,Surabaya,95,80,80,0,6.3
2024-03-19,P001,Tempra,Fever & Pain,O006,Surabaya Health Mart,Jawa Timur,Surabaya,125,101,101,0,11.2
2024-03-19,P002,Bodrex Flu & Batuk,Cough & Cold,O006,Surabaya Health Mart,Jawa Timur,Surabaya,123,91,91,0,10.1
2024-03-19,P003,Hemaviton C1000,Vitamin,O006,Surabaya Health Mart,Jawa Timur,Surabaya,85,58,58,0,5.2
2024-03-19,P004,Vidoran Smart,Multivitamin,O006,Surabaya Health Mart,Jawa Timur,Surabaya,151,133,133,0,9.3
2024-03-19,P005,Marina Skin Care,Skin Care,O006,Surabaya Health Mart,Jawa Timur,Surabaya,128,96,96,0,6.9
2024-03-19,P001,Tempra,Fever & Pain,O007,Semarang Prime Pharmacy,Jawa Tengah,Semarang,82,52,52,0,4.4
2024-03-19,P002,Bodrex Flu & Batuk,Cough & Cold,O007,Semarang Prime Pharmacy,Jawa Tengah,Semarang,129,91,91,0,7.7
2024-03-19,P003,Hemaviton C1000,Vitamin,O007,Semarang Prime Pharmacy,Jawa Tengah,Semarang,182,143,143,0,11.6
2024-03-19,P004,Vidoran Smart,Multivitamin,O007,Semarang Prime Pharmacy,Jawa Tengah,Semarang,91,49,49,0,5.9
2024-03-19,P005,Marina Skin Care,Skin Care,O007,Semarang Prime Pharmacy,Jawa Tengah,Semarang,142,108,108,0,8.0
2024-03-19,P001,Tempra,Fever & Pain,O008,Semarang Health Mart,Jawa Tengah,Semarang,151,127,127,0,9.1
2024-03-19,P002,Bodrex Flu & Batuk,Cough & Cold,O008,Semarang Health Mart,Jawa Tengah,Semarang,126,91,91,0,6.1
2024-03-19,P003,Hemaviton C1000,Vitamin,O008,Semarang Health Mart,Jawa Tengah,Semarang,115,102,102,0,10.8
2024-03-19,P004,Vidoran Smart,Multivitamin,O008,Semarang Health Mart,Jawa Tengah,Semarang,134,107,107,0,12.5
2024-03-19,P005,Marina Skin Care,Skin Care,O008,Semarang Health Mart,Jawa Tengah,Semarang,97,61,61,0,4.7
2024-03-19,P001,Tempra,Fever & Pain,O009,Medan Prime Pharmacy,Sumatera,Medan,145,110,110,0,12.3
2024-03-19,P002,Bodrex Flu & Batuk,Cough & Cold,O009,Medan Prime Pharmacy,Sumatera,Medan,101,72,72,0,6.4
2024-03-19,P003,Hemaviton C1000,Vitamin,O009,Medan Prime Pharmacy,Sumatera,Medan,158,115,115,0,13.9
2024-03-19,P004,Vidoran Smart,Multivitamin,O009,Medan Prime Pharmacy,Sumatera,Medan,161,123,123,0,8.5
2024-03-19,P005,Marina Skin Care,Skin Care,O009,Medan Prime Pharmacy,Sumatera,Medan,126,94,94,0,7.3
2024-03-19,P001,Tempra,Fever & Pain,O010,Medan Health Mart,Sumatera,Medan,135,90,90,0,10.9
2024-03-19,P002,Bodrex Flu & Batuk,Cough & Cold,O010,Medan Health Mart,Sumatera,Medan,110,81,81,0,6.0
2024-03-19,P003,Hemaviton C1000,Vitamin,O010,Medan Health Mart,Sumatera,Medan,118,78,78,0,5.6
2024-03-19,P004,Vidoran Smart,Multivitamin,O010,Medan Health Mart,Sumatera,Medan,134,124,124,0,8.5
2024-03-19,P005,Marina Skin Care,Skin Care,O010,Medan Health Mart,Sumatera,Medan,112,94,94,0,7.9
2024-03-19,P001,Tempra,Fever & Pain,O011,Balikpapan Prime Pharmacy,Kalimantan,Balikpapan,108,88,88,0,8.7
2024-03-19,P002,Bodrex Flu & Batuk,Cough & Cold,O011,Balikpapan Prime Pharmacy,Kalimantan,Balikpapan,107,78,78,0,8.5
2024-03-19,P003,Hemaviton C1000,Vitamin,O011,Balikpapan Prime Pharmacy,Kalimantan,Balikpapan,135,113,113,0,10.2
2024-03-19,P004,Vidoran Smart,Multivitamin,O011,Balikpapan Prime Pharmacy,Kalimantan,Balikpapan,135,111,111,0,7.4
2024-03-19,P005,Marina Skin Care,Skin Care,O011,Balikpapan Prime Pharmacy,Kalimantan,Balikpapan,113,94,94,0,10.3
2024-03-19,P001,Tempra,Fever & Pain,O012,Balikpapan Health Mart,Kalimantan,Balikpapan,116,90,90,0,9.9
2024-03-19,P002,Bodrex Flu & Batuk,Cough & Cold,O012,Balikpapan Health Mart,Kalimantan,Balikpapan,66,52,52,0,5.9
2024-03-19,P003,Hemaviton C1000,Vitamin,O012,Balikpapan Health Mart,Kalimantan,Balikpapan,111,85,85,0,6.8
2024-03-19,P004,Vidoran Smart,Multivitamin,O012,Balikpapan Health Mart,Kalimantan,Balikpapan,166,128,128,0,10.5
2024-03-19,P005,Marina Skin Care,Skin Care,O012,Balikpapan Health Mart,Kalimantan,Balikpapan,152,112,112,0,12.7
2024-03-19,P001,Tempra,Fever & Pain,O013,Makassar Prime Pharmacy,Sulawesi,Makassar,137,105,105,0,9.1
2024-03-19,P002,Bodrex Flu & Batuk,Cough & Cold,O013,Makassar Prime Pharmacy,Sulawesi,Makassar,108,74,74,0,7.6
2024-03-19,P003,Hemaviton C1000,Vitamin,O013,Makassar Prime Pharmacy,Sulawesi,Makassar,162,127,127,0,11.8
2024-03-19,P004,Vidoran Smart,Multivitamin,O013,Makassar Prime Pharmacy,Sulawesi,Makassar,121,108,108,0,8.8
2024-03-19,P005,Marina Skin Care,Skin Care,O013,Makassar Prime Pharmacy,Sulawesi,Makassar,160,117,117,0,8.5
2024-03-19,P001,Tempra,Fever & Pain,O014,Makassar Health Mart,Sulawesi,Makassar,93,58,58,0,4.6
2024-03-19,P002,Bodrex Flu & Batuk,Cough & Cold,O014,Makassar Health Mart,Sulawesi,Makassar,98,75,75,0,5.3
2024-03-19,P003,Hemaviton C1000,Vitamin,O014,Makassar Health Mart,Sulawesi,Makassar,108,77,77,0,6.3
2024-03-19,P004,Vidoran Smart,Multivitamin,O014,Makassar Health Mart,Sulawesi,Makassar,117,85,85,0,9.7
2024-03-19,P005,Marina Skin Care,Skin Care,O014,Makassar Health Mart,Sulawesi,Makassar,98,82,82,0,9.0
2024-03-20,P001,Tempra,Fever & Pain,O001,Bandung Prime Pharmacy,Jawa Barat,Bandung,154,128,128,0,14.7
2024-03-20,P002,Bodrex Flu & Batuk,Cough & Cold,O001,Bandung Prime Pharmacy,Jawa Barat,Bandung,12,0,0,1,0
2024-03-20,P003,Hemaviton C1000,Vitamin,O001,Bandung Prime Pharmacy,Jawa Barat,Bandung,117,73,73,0,6.6
2024-03-20,P004,Vidoran Smart,Multivitamin,O001,Bandung Prime Pharmacy,Jawa Barat,Bandung,152,118,118,0,8.9
2024-03-20,P005,Marina Skin Care,Skin Care,O001,Bandung Prime Pharmacy,Jawa Barat,Bandung,124,92,92,0,6.2
2024-03-20,P001,Tempra,Fever & Pain,O002,Bandung Health Mart,Jawa Barat,Bandung,110,75,75,0,6.5
2024-03-20,P002,Bodrex Flu & Batuk,Cough & Cold,O002,Bandung Health Mart,Jawa Barat,Bandung,101,65,65,0,4.6
2024-03-20,P003,Hemaviton C1000,Vitamin,O002,Bandung Health Mart,Jawa Barat,Bandung,161,119,119,0,11.4
2024-03-20,P004,Vidoran Smart,Multivitamin,O002,Bandung Health Mart,Jawa Barat,Bandung,95,53,53,0,3.7
2024-03-20,P005,Marina Skin Care,Skin Care,O002,Bandung Health Mart,Jawa Barat,Bandung,116,85,85,0,7.2
2024-03-20,P001,Tempra,Fever & Pain,O003,Bekasi Prime Pharmacy,Jawa Barat,Bekasi,144,122,122,0,9.3
2024-03-20,P002,Bodrex Flu & Batuk,Cough & Cold,O003,Bekasi Prime Pharmacy,Jawa Barat,Bekasi,29,0,0,1,0
2024-03-20,P003,Hemaviton C1000,Vitamin,O003,Bekasi Prime Pharmacy,Jawa Barat,Bekasi,99,74,74,0,5.0
2024-03-20,P004,Vidoran Smart,Multivitamin,O003,Bekasi Prime Pharmacy,Jawa Barat,Bekasi,105,90,90,0,8.4
2024-03-20,P005,Marina Skin Care,Skin Care,O003,Bekasi Prime Pharmacy,Jawa Barat,Bekasi,115,98,98,0,8.5
2024-03-20,P001,Tempra,Fever & Pain,O004,Bekasi Health Mart,Jawa Barat,Bekasi,111,80,80,0,5.5
2024-03-20,P002,Bodrex Flu & Batuk,Cough & Cold,O004,Bekasi Health Mart,Jawa Barat,Bekasi,138,116,116,0,12.7
2024-03-20,P003,Hemaviton C1000,Vitamin,O004,Bekasi Health Mart,Jawa Barat,Bekasi,112,100,100,0,11.0
2024-03-20,P004,Vidoran Smart,Multivitamin,O004,Bekasi Health Mart,Jawa Barat,Bekasi,109,92,92,0,6.6
2024-03-20,P005,Marina Skin Care,Skin Care,O004,Bekasi Health Mart,Jawa Barat,Bekasi,146,129,129,0,13.2
2024-03-20,P001,Tempra,Fever & Pain,O005,Surabaya Prime Pharmacy,Jawa Timur,Surabaya,182,155,155,0,10.4
2024-03-20,P002,Bodrex Flu & Batuk,Cough & Cold,O005,Surabaya Prime Pharmacy,Jawa Timur,Surabaya,159,140,140,0,9.7
2024-03-20,P003,Hemaviton C1000,Vitamin,O005,Surabaya Prime Pharmacy,Jawa Timur,Surabaya,60,48,48,0,5.7
2024-03-20,P004,Vidoran Smart,Multivitamin,O005,Surabaya Prime Pharmacy,Jawa Timur,Surabaya,140,120,120,0,10.3
2024-03-20,P005,Marina Skin Care,Skin Care,O005,Surabaya Prime Pharmacy,Jawa Timur,Surabaya,123,95,95,0,10.7
2024-03-20,P001,Tempra,Fever & Pain,O006,Surabaya Health Mart,Jawa Timur,Surabaya,98,73,73,0,8.9
2024-03-20,P002,Bodrex Flu & Batuk,Cough & Cold,O006,Surabaya Health Mart,Jawa Timur,Surabaya,132,110,110,0,10.2
2024-03-20,P003,Hemaviton C1000,Vitamin,O006,Surabaya Health Mart,Jawa Timur,Surabaya,116,89,89,0,6.0
2024-03-20,P004,Vidoran Smart,Multivitamin,O006,Surabaya Health Mart,Jawa Timur,Surabaya,109,98,98,0,9.7
2024-03-20,P005,Marina Skin Care,Skin Care,O006,Surabaya Health Mart,Jawa Timur,Surabaya,136,91,91,0,6.8
2024-03-20,P001,Tempra,Fever & Pain,O007,Semarang Prime Pharmacy,Jawa Tengah,Semarang,165,150,150,0,15.3
2024-03-20,P002,Bodrex Flu & Batuk,Cough & Cold,O007,Semarang Prime Pharmacy,Jawa Tengah,Semarang,110,81,81,0,7.3
2024-03-20,P003,Hemaviton C1000,Vitamin,O007,Semarang Prime Pharmacy,Jawa Tengah,Semarang,121,90,90,0,6.0
2024-03-20,P004,Vidoran Smart,Multivitamin,O007,Semarang Prime Pharmacy,Jawa Tengah,Semarang,134,98,98,0,7.9
2024-03-20,P005,Marina Skin Care,Skin Care,O007,Semarang Prime Pharmacy,Jawa Tengah,Semarang,109,77,77,0,6.8
2024-03-20,P001,Tempra,Fever & Pain,O008,Semarang Health Mart,Jawa Tengah,Semarang,114,92,92,0,6.3
2024-03-20,P002,Bodrex Flu & Batuk,Cough & Cold,O008,Semarang Health Mart,Jawa Tengah,Semarang,137,118,118,0,8.8
2024-03-20,P003,Hemaviton C1000,Vitamin,O008,Semarang Health Mart,Jawa Tengah,Semarang,89,45,45,0,4.3
2024-03-20,P004,Vidoran Smart,Multivitamin,O008,Semarang Health Mart,Jawa Tengah,Semarang,114,89,89,0,9.5
2024-03-20,P005,Marina Skin Care,Skin Care,O008,Semarang Health Mart,Jawa Tengah,Semarang,135,105,105,0,9.5
2024-03-20,P001,Tempra,Fever & Pain,O009,Medan Prime Pharmacy,Sumatera,Medan,163,139,139,0,9.5
2024-03-20,P002,Bodrex Flu & Batuk,Cough & Cold,O009,Medan Prime Pharmacy,Sumatera,Medan,91,52,52,0,4.1
2024-03-20,P003,Hemaviton C1000,Vitamin,O009,Medan Prime Pharmacy,Sumatera,Medan,135,104,104,0,7.5
2024-03-20,P004,Vidoran Smart,Multivitamin,O009,Medan Prime Pharmacy,Sumatera,Medan,140,99,99,0,8.2
2024-03-20,P005,Marina Skin Care,Skin Care,O009,Medan Prime Pharmacy,Sumatera,Medan,94,58,58,0,6.1
2024-03-20,P001,Tempra,Fever & Pain,O010,Medan Health Mart,Sumatera,Medan,116,77,77,0,6.9
2024-03-20,P002,Bodrex Flu & Batuk,Cough & Cold,O010,Medan Health Mart,Sumatera,Medan,100,87,87,0,7.5
2024-03-20,P003,Hemaviton C1000,Vitamin,O010,Medan Health Mart,Sumatera,Medan,99,79,79,0,7.5
2024-03-20,P004,Vidoran Smart,Multivitamin,O010,Medan Health Mart,Sumatera,Medan,90,58,58,0,4.3
2024-03-20,P005,Marina Skin Care,Skin Care,O010,Medan Health Mart,Sumatera,Medan,128,90,90,0,8.7
2024-03-20,P001,Tempra,Fever & Pain,O011,Balikpapan Prime Pharmacy,Kalimantan,Balikpapan,145,103,103,0,7.1
2024-03-20,P002,Bodrex Flu & Batuk,Cough & Cold,O011,Balikpapan Prime Pharmacy,Kalimantan,Balikpapan,98,66,66,0,4.8
2024-03-20,P003,Hemaviton C1000,Vitamin,O011,Balikpapan Prime Pharmacy,Kalimantan,Balikpapan,95,54,54,0,5.4
2024-03-20,P004,Vidoran Smart,Multivitamin,O011,Balikpapan Prime Pharmacy,Kalimantan,Balikpapan,98,76,76,0,5.7
2024-03-20,P005,Marina Skin Care,Skin Care,O011,Balikpapan Prime Pharmacy,Kalimantan,Balikpapan,125,80,80,0,8.2
2024-03-20,P001,Tempra,Fever & Pain,O012,Balikpapan Health Mart,Kalimantan,Balikpapan,157,129,129,0,9.7
2024-03-20,P002,Bodrex Flu & Batuk,Cough & Cold,O012,Balikpapan Health Mart,Kalimantan,Balikpapan,87,74,74,0,5.4
2024-03-20,P003,Hemaviton C1000,Vitamin,O012,Balikpapan Health Mart,Kalimantan,Balikpapan,90,60,60,0,6.9
2024-03-20,P004,Vidoran Smart,Multivitamin,O012,Balikpapan Health Mart,Kalimantan,Balikpapan,123,87,87,0,7.2
2024-03-20,P005,Marina Skin Care,Skin Care,O012,Balikpapan Health Mart,Kalimantan,Balikpapan,134,101,101,0,7.1
2024-03-20,P001,Tempra,Fever & Pain,O013,Makassar Prime Pharmacy,Sulawesi,Makassar,140,129,129,0,12.3
2024-03-20,P002,Bodrex Flu & Batuk,Cough & Cold,O013,Makassar Prime Pharmacy,Sulawesi,Makassar,153,125,125,0,10.7
2024-03-20,P003,Hemaviton C1000,Vitamin,O013,Makassar Prime Pharmacy,Sulawesi,Makassar,116,79,79,0,9.6
2024-03-20,P004,Vidoran Smart,Multivitamin,O013,Makassar Prime Pharmacy,Sulawesi,Makassar,119,103,103,0,10.6
2024-03-20,P005,Marina Skin Care,Skin Care,O013,Makassar Prime Pharmacy,Sulawesi,Makassar,157,128,128,0,10.1
2024-03-20,P001,Tempra,Fever & Pain,O014,Makassar Health Mart,Sulawesi,Makassar,129,85,85,0,7.6
2024-03-20,P002,Bodrex Flu & Batuk,Cough & Cold,O014,Makassar Health Mart,Sulawesi,Makassar,84,65,65,0,5.4
2024-03-20,P003,Hemaviton C1000,Vitamin,O014,Makassar Health Mart,Sulawesi,Makassar,147,111,111,0,9.8
2024-03-20,P004,Vidoran Smart,Multivitamin,O014,Makassar Health Mart,Sulawesi,Makassar,128,86,86,0,8.1
2024-03-20,P005,Marina Skin Care,Skin Care,O014,Makassar Health Mart,Sulawesi,Makassar,112,95,95,0,7.6
2024-03-21,P001,Tempra,Fever & Pain,O001,Bandung Prime Pharmacy,Jawa Barat,Bandung,146,125,125,0,15.0
2024-03-21,P002,Bodrex Flu & Batuk,Cough & Cold,O001,Bandung Prime Pharmacy,Jawa Barat,Bandung,21,0,0,1,0
2024-03-21,P003,Hemaviton C1000,Vitamin,O001,Bandung Prime Pharmacy,Jawa Barat,Bandung,147,115,115,0,11.7
2024-03-21,P004,Vidoran Smart,Multivitamin,O001,Bandung Prime Pharmacy,Jawa Barat,Bandung,89,60,60,0,6.3
2024-03-21,P005,Marina Skin Care,Skin Care,O001,Bandung Prime Pharmacy,Jawa Barat,Bandung,123,103,103,0,12.3
2024-03-21,P001,Tempra,Fever & Pain,O002,Bandung Health Mart,Jawa Barat,Bandung,145,111,111,0,13.5
2024-03-21,P002,Bodrex Flu & Batuk,Cough & Cold,O002,Bandung Health Mart,Jawa Barat,Bandung,109,67,67,0,5.4
2024-03-21,P003,Hemaviton C1000,Vitamin,O002,Bandung Health Mart,Jawa Barat,Bandung,117,73,73,0,5.9
2024-03-21,P004,Vidoran Smart,Multivitamin,O002,Bandung Health Mart,Jawa Barat,Bandung,86,63,63,0,4.5
2024-03-21,P005,Marina Skin Care,Skin Care,O002,Bandung Health Mart,Jawa Barat,Bandung,99,86,86,0,5.8
2024-03-21,P001,Tempra,Fever & Pain,O003,Bekasi Prime Pharmacy,Jawa Barat,Bekasi,120,92,92,0,8.3
2024-03-21,P002,Bodrex Flu & Batuk,Cough & Cold,O003,Bekasi Prime Pharmacy,Jawa Barat,Bekasi,12,0,0,1,0
2024-03-21,P003,Hemaviton C1000,Vitamin,O003,Bekasi Prime Pharmacy,Jawa Barat,Bekasi,93,49,49,0,3.7
2024-03-21,P004,Vidoran Smart,Multivitamin,O003,Bekasi Prime Pharmacy,Jawa Barat,Bekasi,130,99,99,0,10.4
2024-03-21,P005,Marina Skin Care,Skin Care,O003,Bekasi Prime Pharmacy,Jawa Barat,Bekasi,124,106,106,0,10.4
2024-03-21,P001,Tempra,Fever & Pain,O004,Bekasi Health Mart,Jawa Barat,Bekasi,113,76,76,0,6.0
2024-03-21,P002,Bodrex Flu & Batuk,Cough & Cold,O004,Bekasi Health Mart,Jawa Barat,Bekasi,115,89,89,0,8.3
2024-03-21,P003,Hemaviton C1000,Vitamin,O004,Bekasi Health Mart,Jawa Barat,Bekasi,81,55,55,0,5.3
2024-03-21,P004,Vidoran Smart,Multivitamin,O004,Bekasi Health Mart,Jawa Barat,Bekasi,105,64,64,0,5.3
2024-03-21,P005,Marina Skin Care,Skin Care,O004,Bekasi Health Mart,Jawa Barat,Bekasi,83,67,67,0,6.3
2024-03-21,P001,Tempra,Fever & Pain,O005,Surabaya Prime Pharmacy,Jawa Timur,Surabaya,96,81,81,0,6.0
2024-03-21,P002,Bodrex Flu & Batuk,Cough & Cold,O005,Surabaya Prime Pharmacy,Jawa Timur,Surabaya,109,83,83,0,7.7
2024-03-21,P003,Hemaviton C1000,Vitamin,O005,Surabaya Prime Pharmacy,Jawa Timur,Surabaya,168,133,133,0,9.6
2024-03-21,P004,Vidoran Smart,Multivitamin,O005,Surabaya Prime Pharmacy,Jawa Timur,Surabaya,44,30,30,0,2.5
2024-03-21,P005,Marina Skin Care,Skin Care,O005,Surabaya Prime Pharmacy,Jawa Timur,Surabaya,120,94,94,0,6.3
2024-03-21,P001,Tempra,Fever & Pain,O006,Surabaya Health Mart,Jawa Timur,Surabaya,106,77,77,0,6.2
2024-03-21,P002,Bodrex Flu & Batuk,Cough & Cold,O006,Surabaya Health Mart,Jawa Timur,Surabaya,149,128,128,0,8.7
2024-03-21,P003,Hemaviton C1000,Vitamin,O006,Surabaya Health Mart,Jawa Timur,Surabaya,95,80,80,0,8.6
2024-03-21,P004,Vidoran Smart,Multivitamin,O006,Surabaya Health Mart,Jawa Timur,Surabaya,76,48,48,0,4.7
2024-03-21,P005,Marina Skin Care,Skin Care,O006,Surabaya Health Mart,Jawa Timur,Surabaya,108,89,89,0,6.6
2024-03-21,P001,Tempra,Fever & Pain,O007,Semarang Prime Pharmacy,Jawa Tengah,Semarang,110,85,85,0,6.1
2024-03-21,P002,Bodrex Flu & Batuk,Cough & Cold,O007,Semarang Prime Pharmacy,Jawa Tengah,Semarang,160,129,129,0,11.4
2024-03-21,P003,Hemaviton C1000,Vitamin,O007,Semarang Prime Pharmacy,Jawa Tengah,Semarang,139,102,102,0,10.5
2024-03-21,P004,Vidoran Smart,Multivitamin,O007,Semarang Prime Pharmacy,Jawa Tengah,Semarang,105,88,88,0,6.9
2024-03-21,P005,Marina Skin Care,Skin Care,O007,Semarang Prime Pharmacy,Jawa Tengah,Semarang,96,82,82,0,6.0
2024-03-21,P001,Tempra,Fever & Pain,O008,Semarang Health Mart,Jawa Tengah,Semarang,147,115,115,0,9.9
2024-03-21,P002,Bodrex Flu & Batuk,Cough & Cold,O008,Semarang Health Mart,Jawa Tengah,Semarang,119,103,103,0,7.6
2024-03-21,P003,Hemaviton C1000,Vitamin,O008,Semarang Health Mart,Jawa Tengah,Semarang,92,73,73,0,6.8
2024-03-21,P004,Vidoran Smart,Multivitamin,O008,Semarang Health Mart,Jawa Tengah,Semarang,105,84,84,0,8.2
2024-03-21,P005,Marina Skin Care,Skin Care,O008,Semarang Health Mart,Jawa Tengah,Semarang,101,91,91,0,7.4
2024-03-21,P001,Tempra,Fever & Pain,O009,Medan Prime Pharmacy,Sumatera,Medan,159,135,135,0,10.4
2024-03-21,P002,Bodrex Flu & Batuk,Cough & Cold,O009,Medan Prime Pharmacy,Sumatera,Medan,126,104,104,0,7.9
2024-03-21,P003,Hemaviton C1000,Vitamin,O009,Medan Prime Pharmacy,Sumatera,Medan,98,73,73,0,6.5
2024-03-21,P004,Vidoran Smart,Multivitamin,O009,Medan Prime Pharmacy,Sumatera,Medan,113,79,79,0,5.5
2024-03-21,P005,Marina Skin Care,Skin Care,O009,Medan Prime Pharmacy,Sumatera,Medan,90,68,68,0,4.6
2024-03-21,P001,Tempra,Fever & Pain,O010,Medan Health Mart,Sumatera,Medan,123,108,108,0,8.3
2024-03-21,P002,Bodrex Flu & Batuk,Cough & Cold,O010,Medan Health Mart,Sumatera,Medan,115,75,75,0,7.8
2024-03-21,P003,Hemaviton C1000,Vitamin,O010,Medan Health Mart,Sumatera,Medan,131,113,113,0,7.6
2024-03-21,P004,Vidoran Smart,Multivitamin,O010,Medan Health Mart,Sumatera,Medan,116,102,102,0,7.3
2024-03-21,P005,Marina Skin Care,Skin Care,O010,Medan Health Mart,Sumatera,Medan,124,102,102,0,7.8
2024-03-21,P001,Tempra,Fever & Pain,O011,Balikpapan Prime Pharmacy,Kalimantan,Balikpapan,134,100,100,0,11.5
2024-03-21,P002,Bodrex Flu & Batuk,Cough & Cold,O011,Balikpapan Prime Pharmacy,Kalimantan,Balikpapan,79,67,67,0,8.2
2024-03-21,P003,Hemaviton C1000,Vitamin,O011,Balikpapan Prime Pharmacy,Kalimantan,Balikpapan,150,117,117,0,13.3
2024-03-21,P004,Vidoran Smart,Multivitamin,O011,Balikpapan Prime Pharmacy,Kalimantan,Balikpapan,119,109,109,0,8.2
2024-03-21,P005,Marina Skin Care,Skin Care,O011,Balikpapan Prime Pharmacy,Kalimantan,Balikpapan,112,94,94,0,8.6
2024-03-21,P001,Tempra,Fever & Pain,O012,Balikpapan Health Mart,Kalimantan,Balikpapan,92,80,80,0,8.0
2024-03-21,P002,Bodrex Flu & Batuk,Cough & Cold,O012,Balikpapan Health Mart,Kalimantan,Balikpapan,84,55,55,0,5.8
2024-03-21,P003,Hemaviton C1000,Vitamin,O012,Balikpapan Health Mart,Kalimantan,Balikpapan,108,92,92,0,10.8
2024-03-21,P004,Vidoran Smart,Multivitamin,O012,Balikpapan Health Mart,Kalimantan,Balikpapan,84,40,40,0,4.5
2024-03-21,P005,Marina Skin Care,Skin Care,O012,Balikpapan Health Mart,Kalimantan,Balikpapan,152,107,107,0,7.7
2024-03-21,P001,Tempra,Fever & Pain,O013,Makassar Prime Pharmacy,Sulawesi,Makassar,93,66,66,0,5.3
2024-03-21,P002,Bodrex Flu & Batuk,Cough & Cold,O013,Makassar Prime Pharmacy,Sulawesi,Makassar,114,95,95,0,7.6
2024-03-21,P003,Hemaviton C1000,Vitamin,O013,Makassar Prime Pharmacy,Sulawesi,Makassar,97,80,80,0,7.9
2024-03-21,P004,Vidoran Smart,Multivitamin,O013,Makassar Prime Pharmacy,Sulawesi,Makassar,133,101,101,0,11.2
2024-03-21,P005,Marina Skin Care,Skin Care,O013,Makassar Prime Pharmacy,Sulawesi,Makassar,104,62,62,0,4.7
2024-03-21,P001,Tempra,Fever & Pain,O014,Makassar Health Mart,Sulawesi,Makassar,134,98,98,0,12.2
2024-03-21,P002,Bodrex Flu & Batuk,Cough & Cold,O014,Makassar Health Mart,Sulawesi,Makassar,97,85,85,0,6.7
2024-03-21,P003,Hemaviton C1000,Vitamin,O014,Makassar Health Mart,Sulawesi,Makassar,129,93,93,0,10.1
2024-03-21,P004,Vidoran Smart,Multivitamin,O014,Makassar Health Mart,Sulawesi,Makassar,145,126,126,0,10.2
2024-03-21,P005,Marina Skin Care,Skin Care,O014,Makassar Health Mart,Sulawesi,Makassar,133,111,111,0,12.6
2024-03-22,P001,Tempra,Fever & Pain,O001,Bandung Prime Pharmacy,Jawa Barat,Bandung,105,77,77,0,6.0
2024-03-22,P002,Bodrex Flu & Batuk,Cough & Cold,O001,Bandung Prime Pharmacy,Jawa Barat,Bandung,110,89,89,0,7.9
2024-03-22,P003,Hemaviton C1000,Vitamin,O001,Bandung Prime Pharmacy,Jawa Barat,Bandung,122,90,90,0,7.5
2024-03-22,P004,Vidoran Smart,Multivitamin,O001,Bandung Prime Pharmacy,Jawa Barat,Bandung,158,137,137,0,11.8
2024-03-22,P005,Marina Skin Care,Skin Care,O001,Bandung Prime Pharmacy,Jawa Barat,Bandung,141,98,98,0,9.7
2024-03-22,P001,Tempra,Fever & Pain,O002,Bandung Health Mart,Jawa Barat,Bandung,162,125,125,0,10.1
2024-03-22,P002,Bodrex Flu & Batuk,Cough & Cold,O002,Bandung Health Mart,Jawa Barat,Bandung,132,90,90,0,8.6
2024-03-22,P003,Hemaviton C1000,Vitamin,O002,Bandung Health Mart,Jawa Barat,Bandung,106,81,81,0,6.9
2024-03-22,P004,Vidoran Smart,Multivitamin,O002,Bandung Health Mart,Jawa Barat,Bandung,170,128,128,0,9.7
2024-03-22,P005,Marina Skin Care,Skin Care,O002,Bandung Health Mart,Jawa Barat,Bandung,75,63,63,0,4.2
2024-03-22,P001,Tempra,Fever & Pain,O003,Bekasi Prime Pharmacy,Jawa Barat,Bekasi,126,83,83,0,7.5
2024-03-22,P002,Bodrex Flu & Batuk,Cough & Cold,O003,Bekasi Prime Pharmacy,Jawa Barat,Bekasi,52,42,42,0,4.0
2024-03-22,P003,Hemaviton C1000,Vitamin,O003,Bekasi Prime Pharmacy,Jawa Barat,Bekasi,85,54,54,0,4.3
2024-03-22,P004,Vidoran Smart,Multivitamin,O003,Bekasi Prime Pharmacy,Jawa Barat,Bekasi,111,80,80,0,6.4
2024-03-22,P005,Marina Skin Care,Skin Care,O003,Bekasi Prime Pharmacy,Jawa Barat,Bekasi,122,77,77,0,7.8
2024-03-22,P001,Tempra,Fever & Pain,O004,Bekasi Health Mart,Jawa Barat,Bekasi,78,65,65,0,4.3
2024-03-22,P002,Bodrex Flu & Batuk,Cough & Cold,O004,Bekasi Health Mart,Jawa Barat,Bekasi,149,123,123,0,15.3
2024-03-22,P003,Hemaviton C1000,Vitamin,O004,Bekasi Health Mart,Jawa Barat,Bekasi,150,107,107,0,8.1
2024-03-22,P004,Vidoran Smart,Multivitamin,O004,Bekasi Health Mart,Jawa Barat,Bekasi,162,117,117,0,9.4
2024-03-22,P005,Marina Skin Care,Skin Care,O004,Bekasi Health Mart,Jawa Barat,Bekasi,136,92,92,0,8.3
2024-03-22,P001,Tempra,Fever & Pain,O005,Surabaya Prime Pharmacy,Jawa Timur,Surabaya,108,91,91,0,10.6
2024-03-22,P002,Bodrex Flu & Batuk,Cough & Cold,O005,Surabaya Prime Pharmacy,Jawa Timur,Surabaya,90,52,52,0,6.2
2024-03-22,P003,Hemaviton C1000,Vitamin,O005,Surabaya Prime Pharmacy,Jawa Timur,Surabaya,89,78,78,0,8.1
2024-03-22,P004,Vidoran Smart,Multivitamin,O005,Surabaya Prime Pharmacy,Jawa Timur,Surabaya,102,89,89,0,6.5
2024-03-22,P005,Marina Skin Care,Skin Care,O005,Surabaya Prime Pharmacy,Jawa Timur,Surabaya,123,102,102,0,11.5
2024-03-22,P001,Tempra,Fever & Pain,O006,Surabaya Health Mart,Jawa Timur,Surabaya,113,97,97,0,11.4
2024-03-22,P002,Bodrex Flu & Batuk,Cough & Cold,O006,Surabaya Health Mart,Jawa Timur,Surabaya,117,88,88,0,9.3
2024-03-22,P003,Hemaviton C1000,Vitamin,O006,Surabaya Health Mart,Jawa Timur,Surabaya,165,135,135,0,11.3
2024-03-22,P004,Vidoran Smart,Multivitamin,O006,Surabaya Health Mart,Jawa Timur,Surabaya,132,87,87,0,7.5
2024-03-22,P005,Marina Skin Care,Skin Care,O006,Surabaya Health Mart,Jawa Timur,Surabaya,103,83,83,0,6.1
2024-03-22,P001,Tempra,Fever & Pain,O007,Semarang Prime Pharmacy,Jawa Tengah,Semarang,140,110,110,0,8.5
2024-03-22,P002,Bodrex Flu & Batuk,Cough & Cold,O007,Semarang Prime Pharmacy,Jawa Tengah,Semarang,84,73,73,0,4.9
2024-03-22,P003,Hemaviton C1000,Vitamin,O007,Semarang Prime Pharmacy,Jawa Tengah,Semarang,111,96,96,0,6.5
2024-03-22,P004,Vidoran Smart,Multivitamin,O007,Semarang Prime Pharmacy,Jawa Tengah,Semarang,121,79,79,0,5.9
2024-03-22,P005,Marina Skin Care,Skin Care,O007,Semarang Prime Pharmacy,Jawa Tengah,Semarang,110,86,86,0,9.7
2024-03-22,P001,Tempra,Fever & Pain,O008,Semarang Health Mart,Jawa Tengah,Semarang,148,117,117,0,8.5
2024-03-22,P002,Bodrex Flu & Batuk,Cough & Cold,O008,Semarang Health Mart,Jawa Tengah,Semarang,111,94,94,0,6.7
2024-03-22,P003,Hemaviton C1000,Vitamin,O008,Semarang Health Mart,Jawa Tengah,Semarang,139,99,99,0,7.8
2024-03-22,P004,Vidoran Smart,Multivitamin,O008,Semarang Health Mart,Jawa Tengah,Semarang,123,92,92,0,8.5
2024-03-22,P005,Marina Skin Care,Skin Care,O008,Semarang Health Mart,Jawa Tengah,Semarang,120,93,93,0,10.0
2024-03-22,P001,Tempra,Fever & Pain,O009,Medan Prime Pharmacy,Sumatera,Medan,116,72,72,0,7.2
2024-03-22,P002,Bodrex Flu & Batuk,Cough & Cold,O009,Medan Prime Pharmacy,Sumatera,Medan,152,111,111,0,7.9
2024-03-22,P003,Hemaviton C1000,Vitamin,O009,Medan Prime Pharmacy,Sumatera,Medan,111,82,82,0,6.3
2024-03-22,P004,Vidoran Smart,Multivitamin,O009,Medan Prime Pharmacy,Sumatera,Medan,114,79,79,0,8.8
2024-03-22,P005,Marina Skin Care,Skin Care,O009,Medan Prime Pharmacy,Sumatera,Medan,88,63,63,0,5.1
2024-03-22,P001,Tempra,Fever & Pain,O010,Medan Health Mart,Sumatera,Medan,151,123,123,0,9.8
2024-03-22,P002,Bodrex Flu & Batuk,Cough & Cold,O010,Medan Health Mart,Sumatera,Medan,99,88,88,0,8.2
2024-03-22,P003,Hemaviton C1000,Vitamin,O010,Medan Health Mart,Sumatera,Medan,124,83,83,0,5.7
2024-03-22,P004,Vidoran Smart,Multivitamin,O010,Medan Health Mart,Sumatera,Medan,119,90,90,0,9.6
2024-03-22,P005,Marina Skin Care,Skin Care,O010,Medan Health Mart,Sumatera,Medan,121,93,93,0,8.4
2024-03-22,P001,Tempra,Fever & Pain,O011,Balikpapan Prime Pharmacy,Kalimantan,Balikpapan,98,61,61,0,5.3
2024-03-22,P002,Bodrex Flu & Batuk,Cough & Cold,O011,Balikpapan Prime Pharmacy,Kalimantan,Balikpapan,57,33,33,0,2.4
2024-03-22,P003,Hemaviton C1000,Vitamin,O011,Balikpapan Prime Pharmacy,Kalimantan,Balikpapan,157,115,115,0,10.4
2024-03-22,P004,Vidoran Smart,Multivitamin,O011,Balikpapan Prime Pharmacy,Kalimantan,Balikpapan,133,121,121,0,11.5
2024-03-22,P005,Marina Skin Care,Skin Care,O011,Balikpapan Prime Pharmacy,Kalimantan,Balikpapan,118,103,103,0,9.9
2024-03-22,P001,Tempra,Fever & Pain,O012,Balikpapan Health Mart,Kalimantan,Balikpapan,143,121,121,0,13.0
2024-03-22,P002,Bodrex Flu & Batuk,Cough & Cold,O012,Balikpapan Health Mart,Kalimantan,Balikpapan,101,79,79,0,8.2
2024-03-22,P003,Hemaviton C1000,Vitamin,O012,Balikpapan Health Mart,Kalimantan,Balikpapan,129,91,91,0,9.8
2024-03-22,P004,Vidoran Smart,Multivitamin,O012,Balikpapan Health Mart,Kalimantan,Balikpapan,99,67,67,0,4.6
2024-03-22,P005,Marina Skin Care,Skin Care,O012,Balikpapan Health Mart,Kalimantan,Balikpapan,37,27,27,0,2.2
2024-03-22,P001,Tempra,Fever & Pain,O013,Makassar Prime Pharmacy,Sulawesi,Makassar,105,92,92,0,8.0
2024-03-22,P002,Bodrex Flu & Batuk,Cough & Cold,O013,Makassar Prime Pharmacy,Sulawesi,Makassar,123,93,93,0,7.7
2024-03-22,P003,Hemaviton C1000,Vitamin,O013,Makassar Prime Pharmacy,Sulawesi,Makassar,67,49,49,0,5.3
2024-03-22,P004,Vidoran Smart,Multivitamin,O013,Makassar Prime Pharmacy,Sulawesi,Makassar,113,88,88,0,9.9
2024-03-22,P005,Marina Skin Care,Skin Care,O013,Makassar Prime Pharmacy,Sulawesi,Makassar,125,98,98,0,9.2
2024-03-22,P001,Tempra,Fever & Pain,O014,Makassar Health Mart,Sulawesi,Makassar,110,86,86,0,6.7
2024-03-22,P002,Bodrex Flu & Batuk,Cough & Cold,O014,Makassar Health Mart,Sulawesi,Makassar,134,92,92,0,11.2
2024-03-22,P003,Hemaviton C1000,Vitamin,O014,Makassar Health Mart,Sulawesi,Makassar,135,108,108,0,12.4
2024-03-22,P004,Vidoran Smart,Multivitamin,O014,Makassar Health Mart,Sulawesi,Makassar,70,48,48,0,5.5
2024-03-22,P005,Marina Skin Care,Skin Care,O014,Makassar Health Mart,Sulawesi,Makassar,108,94,94,0,9.2
2024-03-23,P001,Tempra,Fever & Pain,O001,Bandung Prime Pharmacy,Jawa Barat,Bandung,124,106,106,0,7.2
2024-03-23,P002,Bodrex Flu & Batuk,Cough & Cold,O001,Bandung Prime Pharmacy,Jawa Barat,Bandung,141,123,123,0,14.7
2024-03-23,P003,Hemaviton C1000,Vitamin,O001,Bandung Prime Pharmacy,Jawa Barat,Bandung,92,65,65,0,7.3
2024-03-23,P004,Vidoran Smart,Multivitamin,O001,Bandung Prime Pharmacy,Jawa Barat,Bandung,145,126,126,0,15.4
2024-03-23,P005,Marina Skin Care,Skin Care,O001,Bandung Prime Pharmacy,Jawa Barat,Bandung,150,107,107,0,8.6
2024-03-23,P001,Tempra,Fever & Pain,O002,Bandung Health Mart,Jawa Barat,Bandung,135,107,107,0,10.5
2024-03-23,P002,Bodrex Flu & Batuk,Cough & Cold,O002,Bandung Health Mart,Jawa Barat,Bandung,104,76,76,0,9.1
2024-03-23,P003,Hemaviton C1000,Vitamin,O002,Bandung Health Mart,Jawa Barat,Bandung,126,100,100,0,6.9
2024-03-23,P004,Vidoran Smart,Multivitamin,O002,Bandung Health Mart,Jawa Barat,Bandung,146,121,121,0,8.1
2024-03-23,P005,Marina Skin Care,Skin Care,O002,Bandung Health Mart,Jawa Barat,Bandung,141,96,96,0,8.3
2024-03-23,P001,Tempra,Fever & Pain,O003,Bekasi Prime Pharmacy,Jawa Barat,Bekasi,120,101,101,0,10.6
2024-03-23,P002,Bodrex Flu & Batuk,Cough & Cold,O003,Bekasi Prime Pharmacy,Jawa Barat,Bekasi,112,84,84,0,7.0
2024-03-23,P003,Hemaviton C1000,Vitamin,O003,Bekasi Prime Pharmacy,Jawa Barat,Bekasi,140,102,102,0,9.3
2024-03-23,P004,Vidoran Smart,Multivitamin,O003,Bekasi Prime Pharmacy,Jawa Barat,Bekasi,82,55,55,0,6.6
2024-03-23,P005,Marina Skin Care,Skin Care,O003,Bekasi Prime Pharmacy,Jawa Barat,Bekasi,154,128,128,0,13.0
2024-03-23,P001,Tempra,Fever & Pain,O004,Bekasi Health Mart,Jawa Barat,Bekasi,149,106,106,0,10.2
2024-03-23,P002,Bodrex Flu & Batuk,Cough & Cold,O004,Bekasi Health Mart,Jawa Barat,Bekasi,87,66,66,0,6.3
2024-03-23,P003,Hemaviton C1000,Vitamin,O004,Bekasi Health Mart,Jawa Barat,Bekasi,114,89,89,0,8.9
2024-03-23,P004,Vidoran Smart,Multivitamin,O004,Bekasi Health Mart,Jawa Barat,Bekasi,126,109,109,0,10.9
2024-03-23,P005,Marina Skin Care,Skin Care,O004,Bekasi Health Mart,Jawa Barat,Bekasi,104,69,69,0,5.2
2024-03-23,P001,Tempra,Fever & Pain,O005,Surabaya Prime Pharmacy,Jawa Timur,Surabaya,94,81,81,0,9.7
2024-03-23,P002,Bodrex Flu & Batuk,Cough & Cold,O005,Surabaya Prime Pharmacy,Jawa Timur,Surabaya,152,107,107,0,12.6
2024-03-23,P003,Hemaviton C1000,Vitamin,O005,Surabaya Prime Pharmacy,Jawa Timur,Surabaya,154,130,130,0,9.5
2024-03-23,P004,Vidoran Smart,Multivitamin,O005,Surabaya Prime Pharmacy,Jawa Timur,Surabaya,135,103,103,0,7.4
2024-03-23,P005,Marina Skin Care,Skin Care,O005,Surabaya Prime Pharmacy,Jawa Timur,Surabaya,101,72,72,0,5.1
2024-03-23,P001,Tempra,Fever & Pain,O006,Surabaya Health Mart,Jawa Timur,Surabaya,108,76,76,0,5.6
2024-03-23,P002,Bodrex Flu & Batuk,Cough & Cold,O006,Surabaya Health Mart,Jawa Timur,Surabaya,152,108,108,0,10.2
2024-03-23,P003,Hemaviton C1000,Vitamin,O006,Surabaya Health Mart,Jawa Timur,Surabaya,140,95,95,0,11.8
2024-03-23,P004,Vidoran Smart,Multivitamin,O006,Surabaya Health Mart,Jawa Timur,Surabaya,119,76,76,0,5.2
2024-03-23,P005,Marina Skin Care,Skin Care,O006,Surabaya Health Mart,Jawa Timur,Surabaya,118,97,97,0,7.3
2024-03-23,P001,Tempra,Fever & Pain,O007,Semarang Prime Pharmacy,Jawa Tengah,Semarang,156,130,130,0,9.5
2024-03-23,P002,Bodrex Flu & Batuk,Cough & Cold,O007,Semarang Prime Pharmacy,Jawa Tengah,Semarang,133,90,90,0,8.8
2024-03-23,P003,Hemaviton C1000,Vitamin,O007,Semarang Prime Pharmacy,Jawa Tengah,Semarang,157,112,112,0,9.8
2024-03-23,P004,Vidoran Smart,Multivitamin,O007,Semarang Prime Pharmacy,Jawa Tengah,Semarang,134,124,124,0,8.4
2024-03-23,P005,Marina Skin Care,Skin Care,O007,Semarang Prime Pharmacy,Jawa Tengah,Semarang,151,119,119,0,10.4
2024-03-23,P001,Tempra,Fever & Pain,O008,Semarang Health Mart,Jawa Tengah,Semarang,169,131,131,0,9.5
2024-03-23,P002,Bodrex Flu & Batuk,Cough & Cold,O008,Semarang Health Mart,Jawa Tengah,Semarang,119,101,101,0,8.2
2024-03-23,P003,Hemaviton C1000,Vitamin,O008,Semarang Health Mart,Jawa Tengah,Semarang,83,66,66,0,4.5
2024-03-23,P004,Vidoran Smart,Multivitamin,O008,Semarang Health Mart,Jawa Tengah,Semarang,108,88,88,0,9.4
2024-03-23,P005,Marina Skin Care,Skin Care,O008,Semarang Health Mart,Jawa Tengah,Semarang,61,45,45,0,4.0
2024-03-23,P001,Tempra,Fever & Pain,O009,Medan Prime Pharmacy,Sumatera,Medan,108,67,67,0,6.6
2024-03-23,P002,Bodrex Flu & Batuk,Cough & Cold,O009,Medan Prime Pharmacy,Sumatera,Medan,118,97,97,0,6.7
2024-03-23,P003,Hemaviton C1000,Vitamin,O009,Medan Prime Pharmacy,Sumatera,Medan,130,113,113,0,9.5
2024-03-23,P004,Vidoran Smart,Multivitamin,O009,Medan Prime Pharmacy,Sumatera,Medan,135,105,105,0,8.2
2024-03-23,P005,Marina Skin Care,Skin Care,O009,Medan Prime Pharmacy,Sumatera,Medan,123,98,98,0,9.7
2024-03-23,P001,Tempra,Fever & Pain,O010,Medan Health Mart,Sumatera,Medan,140,101,101,0,8.3
2024-03-23,P002,Bodrex Flu & Batuk,Cough & Cold,O010,Medan Health Mart,Sumatera,Medan,124,80,80,0,8.8
2024-03-23,P003,Hemaviton C1000,Vitamin,O010,Medan Health Mart,Sumatera,Medan,98,87,87,0,6.4
2024-03-23,P004,Vidoran Smart,Multivitamin,O010,Medan Health Mart,Sumatera,Medan,91,54,54,0,4.0
2024-03-23,P005,Marina Skin Care,Skin Care,O010,Medan Health Mart,Sumatera,Medan,130,89,89,0,6.3
2024-03-23,P001,Tempra,Fever & Pain,O011,Balikpapan Prime Pharmacy,Kalimantan,Balikpapan,112,91,91,0,10.0
2024-03-23,P002,Bodrex Flu & Batuk,Cough & Cold,O011,Balikpapan Prime Pharmacy,Kalimantan,Balikpapan,129,86,86,0,10.4
2024-03-23,P003,Hemaviton C1000,Vitamin,O011,Balikpapan Prime Pharmacy,Kalimantan,Balikpapan,140,114,114,0,11.7
2024-03-23,P004,Vidoran Smart,Multivitamin,O011,Balikpapan Prime Pharmacy,Kalimantan,Balikpapan,100,60,60,0,5.2
2024-03-23,P005,Marina Skin Care,Skin Care,O011,Balikpapan Prime Pharmacy,Kalimantan,Balikpapan,155,120,120,0,8.7
2024-03-23,P001,Tempra,Fever & Pain,O012,Balikpapan Health Mart,Kalimantan,Balikpapan,158,123,123,0,9.6
2024-03-23,P002,Bodrex Flu & Batuk,Cough & Cold,O012,Balikpapan Health Mart,Kalimantan,Balikpapan,104,80,80,0,8.7
2024-03-23,P003,Hemaviton C1000,Vitamin,O012,Balikpapan Health Mart,Kalimantan,Balikpapan,123,82,82,0,6.5
2024-03-23,P004,Vidoran Smart,Multivitamin,O012,Balikpapan Health Mart,Kalimantan,Balikpapan,123,86,86,0,6.0
2024-03-23,P005,Marina Skin Care,Skin Care,O012,Balikpapan Health Mart,Kalimantan,Balikpapan,106,69,69,0,6.3
2024-03-23,P001,Tempra,Fever & Pain,O013,Makassar Prime Pharmacy,Sulawesi,Makassar,109,76,76,0,9.3
2024-03-23,P002,Bodrex Flu & Batuk,Cough & Cold,O013,Makassar Prime Pharmacy,Sulawesi,Makassar,154,109,109,0,12.2
2024-03-23,P003,Hemaviton C1000,Vitamin,O013,Makassar Prime Pharmacy,Sulawesi,Makassar,139,101,101,0,11.1
2024-03-23,P004,Vidoran Smart,Multivitamin,O013,Makassar Prime Pharmacy,Sulawesi,Makassar,121,88,88,0,9.4
2024-03-23,P005,Marina Skin Care,Skin Care,O013,Makassar Prime Pharmacy,Sulawesi,Makassar,106,73,73,0,5.0
2024-03-23,P001,Tempra,Fever & Pain,O014,Makassar Health Mart,Sulawesi,Makassar,118,102,102,0,7.6
2024-03-23,P002,Bodrex Flu & Batuk,Cough & Cold,O014,Makassar Health Mart,Sulawesi,Makassar,93,83,83,0,7.9
2024-03-23,P003,Hemaviton C1000,Vitamin,O014,Makassar Health Mart,Sulawesi,Makassar,118,102,102,0,12.1
2024-03-23,P004,Vidoran Smart,Multivitamin,O014,Makassar Health Mart,Sulawesi,Makassar,158,113,113,0,10.4
2024-03-23,P005,Marina Skin Care,Skin Care,O014,Makassar Health Mart,Sulawesi,Makassar,145,119,119,0,10.8
2024-03-24,P001,Tempra,Fever & Pain,O001,Bandung Prime Pharmacy,Jawa Barat,Bandung,143,105,105,0,12.0
2024-03-24,P002,Bodrex Flu & Batuk,Cough & Cold,O001,Bandung Prime Pharmacy,Jawa Barat,Bandung,155,110,110,0,9.3
2024-03-24,P003,Hemaviton C1000,Vitamin,O001,Bandung Prime Pharmacy,Jawa Barat,Bandung,117,107,107,0,12.1
2024-03-24,P004,Vidoran Smart,Multivitamin,O001,Bandung Prime Pharmacy,Jawa Barat,Bandung,159,127,127,0,11.9
2024-03-24,P005,Marina Skin Care,Skin Care,O001,Bandung Prime Pharmacy,Jawa Barat,Bandung,123,86,86,0,9.9
2024-03-24,P001,Tempra,Fever & Pain,O002,Bandung Health Mart,Jawa Barat,Bandung,140,127,127,0,11.0
2024-03-24,P002,Bodrex Flu & Batuk,Cough & Cold,O002,Bandung Health Mart,Jawa Barat,Bandung,93,62,62,0,5.6
2024-03-24,P003,Hemaviton C1000,Vitamin,O002,Bandung Health Mart,Jawa Barat,Bandung,160,116,116,0,8.1
2024-03-24,P004,Vidoran Smart,Multivitamin,O002,Bandung Health Mart,Jawa Barat,Bandung,126,102,102,0,11.6
2024-03-24,P005,Marina Skin Care,Skin Care,O002,Bandung Health Mart,Jawa Barat,Bandung,87,65,65,0,5.4
2024-03-24,P001,Tempra,Fever & Pain,O003,Bekasi Prime Pharmacy,Jawa Barat,Bekasi,114,99,99,0,7.9
2024-03-24,P002,Bodrex Flu & Batuk,Cough & Cold,O003,Bekasi Prime Pharmacy,Jawa Barat,Bekasi,206,161,161,0,12.9
2024-03-24,P003,Hemaviton C1000,Vitamin,O003,Bekasi Prime Pharmacy,Jawa Barat,Bekasi,133,109,109,0,13.6
2024-03-24,P004,Vidoran Smart,Multivitamin,O003,Bekasi Prime Pharmacy,Jawa Barat,Bekasi,157,118,118,0,12.8
2024-03-24,P005,Marina Skin Care,Skin Care,O003,Bekasi Prime Pharmacy,Jawa Barat,Bekasi,87,69,69,0,6.0
2024-03-24,P001,Tempra,Fever & Pain,O004,Bekasi Health Mart,Jawa Barat,Bekasi,115,83,83,0,7.7
2024-03-24,P002,Bodrex Flu & Batuk,Cough & Cold,O004,Bekasi Health Mart,Jawa Barat,Bekasi,117,85,85,0,6.8
2024-03-24,P003,Hemaviton C1000,Vitamin,O004,Bekasi Health Mart,Jawa Barat,Bekasi,119,93,93,0,10.5
2024-03-24,P004,Vidoran Smart,Multivitamin,O004,Bekasi Health Mart,Jawa Barat,Bekasi,130,99,99,0,8.4
2024-03-24,P005,Marina Skin Care,Skin Care,O004,Bekasi Health Mart,Jawa Barat,Bekasi,105,93,93,0,6.5
2024-03-24,P001,Tempra,Fever & Pain,O005,Surabaya Prime Pharmacy,Jawa Timur,Surabaya,81,55,55,0,5.8
2024-03-24,P002,Bodrex Flu & Batuk,Cough & Cold,O005,Surabaya Prime Pharmacy,Jawa Timur,Surabaya,135,94,94,0,7.5
2024-03-24,P003,Hemaviton C1000,Vitamin,O005,Surabaya Prime Pharmacy,Jawa Timur,Surabaya,173,130,130,0,15.9
2024-03-24,P004,Vidoran Smart,Multivitamin,O005,Surabaya Prime Pharmacy,Jawa Timur,Surabaya,118,97,97,0,9.4
2024-03-24,P005,Marina Skin Care,Skin Care,O005,Surabaya Prime Pharmacy,Jawa Timur,Surabaya,99,74,74,0,6.5
2024-03-24,P001,Tempra,Fever & Pain,O006,Surabaya Health Mart,Jawa Timur,Surabaya,136,98,98,0,9.1
2024-03-24,P002,Bodrex Flu & Batuk,Cough & Cold,O006,Surabaya Health Mart,Jawa Timur,Surabaya,151,123,123,0,10.4
2024-03-24,P003,Hemaviton C1000,Vitamin,O006,Surabaya Health Mart,Jawa Timur,Surabaya,131,117,117,0,11.8
2024-03-24,P004,Vidoran Smart,Multivitamin,O006,Surabaya Health Mart,Jawa Timur,Surabaya,154,139,139,0,9.8
2024-03-24,P005,Marina Skin Care,Skin Care,O006,Surabaya Health Mart,Jawa Timur,Surabaya,144,112,112,0,8.7
2024-03-24,P001,Tempra,Fever & Pain,O007,Semarang Prime Pharmacy,Jawa Tengah,Semarang,131,92,92,0,7.2
2024-03-24,P002,Bodrex Flu & Batuk,Cough & Cold,O007,Semarang Prime Pharmacy,Jawa Tengah,Semarang,131,107,107,0,10.5
2024-03-24,P003,Hemaviton C1000,Vitamin,O007,Semarang Prime Pharmacy,Jawa Tengah,Semarang,119,85,85,0,7.7
2024-03-24,P004,Vidoran Smart,Multivitamin,O007,Semarang Prime Pharmacy,Jawa Tengah,Semarang,87,67,67,0,5.0
2024-03-24,P005,Marina Skin Care,Skin Care,O007,Semarang Prime Pharmacy,Jawa Tengah,Semarang,99,69,69,0,5.7
2024-03-24,P001,Tempra,Fever & Pain,O008,Semarang Health Mart,Jawa Tengah,Semarang,117,90,90,0,6.8
2024-03-24,P002,Bodrex Flu & Batuk,Cough & Cold,O008,Semarang Health Mart,Jawa Tengah,Semarang,82,49,49,0,3.9
2024-03-24,P003,Hemaviton C1000,Vitamin,O008,Semarang Health Mart,Jawa Tengah,Semarang,167,129,129,0,9.5
2024-03-24,P004,Vidoran Smart,Multivitamin,O008,Semarang Health Mart,Jawa Tengah,Semarang,147,110,110,0,9.7
2024-03-24,P005,Marina Skin Care,Skin Care,O008,Semarang Health Mart,Jawa Tengah,Semarang,96,52,52,0,4.9
2024-03-24,P001,Tempra,Fever & Pain,O009,Medan Prime Pharmacy,Sumatera,Medan,123,96,96,0,7.0
2024-03-24,P002,Bodrex Flu & Batuk,Cough & Cold,O009,Medan Prime Pharmacy,Sumatera,Medan,142,106,106,0,13.0
2024-03-24,P003,Hemaviton C1000,Vitamin,O009,Medan Prime Pharmacy,Sumatera,Medan,121,105,105,0,10.7
2024-03-24,P004,Vidoran Smart,Multivitamin,O009,Medan Prime Pharmacy,Sumatera,Medan,80,68,68,0,4.6
2024-03-24,P005,Marina Skin Care,Skin Care,O009,Medan Prime Pharmacy,Sumatera,Medan,81,44,44,0,3.0
2024-03-24,P001,Tempra,Fever & Pain,O010,Medan Health Mart,Sumatera,Medan,151,108,108,0,8.5
2024-03-24,P002,Bodrex Flu & Batuk,Cough & Cold,O010,Medan Health Mart,Sumatera,Medan,130,96,96,0,11.2
2024-03-24,P003,Hemaviton C1000,Vitamin,O010,Medan Health Mart,Sumatera,Medan,131,114,114,0,8.4
2024-03-24,P004,Vidoran Smart,Multivitamin,O010,Medan Health Mart,Sumatera,Medan,108,71,71,0,5.2
2024-03-24,P005,Marina Skin Care,Skin Care,O010,Medan Health Mart,Sumatera,Medan,113,68,68,0,6.4
2024-03-24,P001,Tempra,Fever & Pain,O011,Balikpapan Prime Pharmacy,Kalimantan,Balikpapan,151,107,107,0,13.4
2024-03-24,P002,Bodrex Flu & Batuk,Cough & Cold,O011,Balikpapan Prime Pharmacy,Kalimantan,Balikpapan,89,74,74,0,6.1
2024-03-24,P003,Hemaviton C1000,Vitamin,O011,Balikpapan Prime Pharmacy,Kalimantan,Balikpapan,94,78,78,0,6.5
2024-03-24,P004,Vidoran Smart,Multivitamin,O011,Balikpapan Prime Pharmacy,Kalimantan,Balikpapan,91,67,67,0,7.7
2024-03-24,P005,Marina Skin Care,Skin Care,O011,Balikpapan Prime Pharmacy,Kalimantan,Balikpapan,108,82,82,0,5.8
2024-03-24,P001,Tempra,Fever & Pain,O012,Balikpapan Health Mart,Kalimantan,Balikpapan,106,65,65,0,5.2
2024-03-24,P002,Bodrex Flu & Batuk,Cough & Cold,O012,Balikpapan Health Mart,Kalimantan,Balikpapan,156,130,130,0,10.0
2024-03-24,P003,Hemaviton C1000,Vitamin,O012,Balikpapan Health Mart,Kalimantan,Balikpapan,117,101,101,0,10.2
2024-03-24,P004,Vidoran Smart,Multivitamin,O012,Balikpapan Health Mart,Kalimantan,Balikpapan,109,77,77,0,6.3
2024-03-24,P005,Marina Skin Care,Skin Care,O012,Balikpapan Health Mart,Kalimantan,Balikpapan,129,103,103,0,9.7
2024-03-24,P001,Tempra,Fever & Pain,O013,Makassar Prime Pharmacy,Sulawesi,Makassar,146,111,111,0,10.1
2024-03-24,P002,Bodrex Flu & Batuk,Cough & Cold,O013,Makassar Prime Pharmacy,Sulawesi,Makassar,164,138,138,0,10.1
2024-03-24,P003,Hemaviton C1000,Vitamin,O013,Makassar Prime Pharmacy,Sulawesi,Makassar,94,77,77,0,6.3
2024-03-24,P004,Vidoran Smart,Multivitamin,O013,Makassar Prime Pharmacy,Sulawesi,Makassar,118,94,94,0,10.9
2024-03-24,P005,Marina Skin Care,Skin Care,O013,Makassar Prime Pharmacy,Sulawesi,Makassar,95,73,73,0,8.1
2024-03-24,P001,Tempra,Fever & Pain,O014,Makassar Health Mart,Sulawesi,Makassar,106,78,78,0,7.4
2024-03-24,P002,Bodrex Flu & Batuk,Cough & Cold,O014,Makassar Health Mart,Sulawesi,Makassar,101,71,71,0,8.4
2024-03-24,P003,Hemaviton C1000,Vitamin,O014,Makassar Health Mart,Sulawesi,Makassar,159,129,129,0,8.9
2024-03-24,P004,Vidoran Smart,Multivitamin,O014,Makassar Health Mart,Sulawesi,Makassar,113,100,100,0,8.3
2024-03-24,P005,Marina Skin Care,Skin Care,O014,Makassar Health Mart,Sulawesi,Makassar,149,116,116,0,10.5
2024-03-25,P001,Tempra,Fever & Pain,O001,Bandung Prime Pharmacy,Jawa Barat,Bandung,139,110,110,0,8.8
2024-03-25,P002,Bodrex Flu & Batuk,Cough & Cold,O001,Bandung Prime Pharmacy,Jawa Barat,Bandung,102,73,73,0,5.8
2024-03-25,P003,Hemaviton C1000,Vitamin,O001,Bandung Prime Pharmacy,Jawa Barat,Bandung,126,88,88,0,6.6
2024-03-25,P004,Vidoran Smart,Multivitamin,O001,Bandung Prime Pharmacy,Jawa Barat,Bandung,99,68,68,0,5.7
2024-03-25,P005,Marina Skin Care,Skin Care,O001,Bandung Prime Pharmacy,Jawa Barat,Bandung,111,69,69,0,5.9
2024-03-25,P001,Tempra,Fever & Pain,O002,Bandung Health Mart,Jawa Barat,Bandung,102,71,71,0,6.1
2024-03-25,P002,Bodrex Flu & Batuk,Cough & Cold,O002,Bandung Health Mart,Jawa Barat,Bandung,133,100,100,0,10.3
2024-03-25,P003,Hemaviton C1000,Vitamin,O002,Bandung Health Mart,Jawa Barat,Bandung,121,97,97,0,10.1
2024-03-25,P004,Vidoran Smart,Multivitamin,O002,Bandung Health Mart,Jawa Barat,Bandung,80,69,69,0,5.4
2024-03-25,P005,Marina Skin Care,Skin Care,O002,Bandung Health Mart,Jawa Barat,Bandung,113,101,101,0,7.6
2024-03-25,P001,Tempra,Fever & Pain,O003,Bekasi Prime Pharmacy,Jawa Barat,Bekasi,133,116,116,0,13.7
2024-03-25,P002,Bodrex Flu & Batuk,Cough & Cold,O003,Bekasi Prime Pharmacy,Jawa Barat,Bekasi,157,114,114,0,11.9
2024-03-25,P003,Hemaviton C1000,Vitamin,O003,Bekasi Prime Pharmacy,Jawa Barat,Bekasi,98,80,80,0,9.0
2024-03-25,P004,Vidoran Smart,Multivitamin,O003,Bekasi Prime Pharmacy,Jawa Barat,Bekasi,117,106,106,0,11.3
2024-03-25,P005,Marina Skin Care,Skin Care,O003,Bekasi Prime Pharmacy,Jawa Barat,Bekasi,134,121,121,0,12.9
2024-03-25,P001,Tempra,Fever & Pain,O004,Bekasi Health Mart,Jawa Barat,Bekasi,116,92,92,0,9.0
2024-03-25,P002,Bodrex Flu & Batuk,Cough & Cold,O004,Bekasi Health Mart,Jawa Barat,Bekasi,137,101,101,0,10.2
2024-03-25,P003,Hemaviton C1000,Vitamin,O004,Bekasi Health Mart,Jawa Barat,Bekasi,96,72,72,0,5.9
2024-03-25,P004,Vidoran Smart,Multivitamin,O004,Bekasi Health Mart,Jawa Barat,Bekasi,66,46,46,0,3.4
2024-03-25,P005,Marina Skin Care,Skin Care,O004,Bekasi Health Mart,Jawa Barat,Bekasi,109,78,78,0,5.4
2024-03-25,P001,Tempra,Fever & Pain,O005,Surabaya Prime Pharmacy,Jawa Timur,Surabaya,130,89,89,0,8.4
2024-03-25,P002,Bodrex Flu & Batuk,Cough & Cold,O005,Surabaya Prime Pharmacy,Jawa Timur,Surabaya,156,117,117,0,10.6
2024-03-25,P003,Hemaviton C1000,Vitamin,O005,Surabaya Prime Pharmacy,Jawa Timur,Surabaya,137,97,97,0,8.4
2024-03-25,P004,Vidoran Smart,Multivitamin,O005,Surabaya Prime Pharmacy,Jawa Timur,Surabaya,78,55,55,0,4.9
2024-03-25,P005,Marina Skin Care,Skin Care,O005,Surabaya Prime Pharmacy,Jawa Timur,Surabaya,126,103,103,0,8.2
2024-03-25,P001,Tempra,Fever & Pain,O006,Surabaya Health Mart,Jawa Timur,Surabaya,104,82,82,0,5.8
2024-03-25,P002,Bodrex Flu & Batuk,Cough & Cold,O006,Surabaya Health Mart,Jawa Timur,Surabaya,95,75,75,0,6.1
2024-03-25,P003,Hemaviton C1000,Vitamin,O006,Surabaya Health Mart,Jawa Timur,Surabaya,72,56,56,0,3.8
2024-03-25,P004,Vidoran Smart,Multivitamin,O006,Surabaya Health Mart,Jawa Timur,Surabaya,137,101,101,0,7.2
2024-03-25,P005,Marina Skin Care,Skin Care,O006,Surabaya Health Mart,Jawa Timur,Surabaya,178,163,163,0,18.8
2024-03-25,P001,Tempra,Fever & Pain,O007,Semarang Prime Pharmacy,Jawa Tengah,Semarang,127,93,93,0,8.4
2024-03-25,P002,Bodrex Flu & Batuk,Cough & Cold,O007,Semarang Prime Pharmacy,Jawa Tengah,Semarang,111,100,100,0,7.3
2024-03-25,P003,Hemaviton C1000,Vitamin,O007,Semarang Prime Pharmacy,Jawa Tengah,Semarang,127,104,104,0,8.8
2024-03-25,P004,Vidoran Smart,Multivitamin,O007,Semarang Prime Pharmacy,Jawa Tengah,Semarang,144,118,118,0,12.1
2024-03-25,P005,Marina Skin Care,Skin Care,O007,Semarang Prime Pharmacy,Jawa Tengah,Semarang,122,94,94,0,10.8
2024-03-25,P001,Tempra,Fever & Pain,O008,Semarang Health Mart,Jawa Tengah,Semarang,113,100,100,0,10.3
2024-03-25,P002,Bodrex Flu & Batuk,Cough & Cold,O008,Semarang Health Mart,Jawa Tengah,Semarang,151,123,123,0,8.9
2024-03-25,P003,Hemaviton C1000,Vitamin,O008,Semarang Health Mart,Jawa Tengah,Semarang,113,103,103,0,9.3
2024-03-25,P004,Vidoran Smart,Multivitamin,O008,Semarang Health Mart,Jawa Tengah,Semarang,102,66,66,0,7.2
2024-03-25,P005,Marina Skin Care,Skin Care,O008,Semarang Health Mart,Jawa Tengah,Semarang,127,83,83,0,8.9
2024-03-25,P001,Tempra,Fever & Pain,O009,Medan Prime Pharmacy,Sumatera,Medan,86,61,61,0,5.0
2024-03-25,P002,Bodrex Flu & Batuk,Cough & Cold,O009,Medan Prime Pharmacy,Sumatera,Medan,85,62,62,0,5.2
2024-03-25,P003,Hemaviton C1000,Vitamin,O009,Medan Prime Pharmacy,Sumatera,Medan,124,97,97,0,7.4
2024-03-25,P004,Vidoran Smart,Multivitamin,O009,Medan Prime Pharmacy,Sumatera,Medan,93,83,83,0,9.1
2024-03-25,P005,Marina Skin Care,Skin Care,O009,Medan Prime Pharmacy,Sumatera,Medan,117,103,103,0,12.8
2024-03-25,P001,Tempra,Fever & Pain,O010,Medan Health Mart,Sumatera,Medan,133,91,91,0,6.6
2024-03-25,P002,Bodrex Flu & Batuk,Cough & Cold,O010,Medan Health Mart,Sumatera,Medan,157,113,113,0,8.2
2024-03-25,P003,Hemaviton C1000,Vitamin,O010,Medan Health Mart,Sumatera,Medan,120,87,87,0,10.0
2024-03-25,P004,Vidoran Smart,Multivitamin,O010,Medan Health Mart,Sumatera,Medan,110,93,93,0,6.4
2024-03-25,P005,Marina Skin Care,Skin Care,O010,Medan Health Mart,Sumatera,Medan,110,69,69,0,4.8
2024-03-25,P001,Tempra,Fever & Pain,O011,Balikpapan Prime Pharmacy,Kalimantan,Balikpapan,95,68,68,0,5.9
2024-03-25,P002,Bodrex Flu & Batuk,Cough & Cold,O011,Balikpapan Prime Pharmacy,Kalimantan,Balikpapan,90,80,80,0,7.8
2024-03-25,P003,Hemaviton C1000,Vitamin,O011,Balikpapan Prime Pharmacy,Kalimantan,Balikpapan,144,104,104,0,9.7
2024-03-25,P004,Vidoran Smart,Multivitamin,O011,Balikpapan Prime Pharmacy,Kalimantan,Balikpapan,151,110,110,0,9.9
2024-03-25,P005,Marina Skin Care,Skin Care,O011,Balikpapan Prime Pharmacy,Kalimantan,Balikpapan,118,90,90,0,8.9
2024-03-25,P001,Tempra,Fever & Pain,O012,Balikpapan Health Mart,Kalimantan,Balikpapan,130,117,117,0,8.6
2024-03-25,P002,Bodrex Flu & Batuk,Cough & Cold,O012,Balikpapan Health Mart,Kalimantan,Balikpapan,107,88,88,0,10.9
2024-03-25,P003,Hemaviton C1000,Vitamin,O012,Balikpapan Health Mart,Kalimantan,Balikpapan,121,86,86,0,6.3
2024-03-25,P004,Vidoran Smart,Multivitamin,O012,Balikpapan Health Mart,Kalimantan,Balikpapan,108,73,73,0,8.8
2024-03-25,P005,Marina Skin Care,Skin Care,O012,Balikpapan Health Mart,Kalimantan,Balikpapan,125,96,96,0,7.4
2024-03-25,P001,Tempra,Fever & Pain,O013,Makassar Prime Pharmacy,Sulawesi,Makassar,88,65,65,0,5.8
2024-03-25,P002,Bodrex Flu & Batuk,Cough & Cold,O013,Makassar Prime Pharmacy,Sulawesi,Makassar,98,70,70,0,8.7
2024-03-25,P003,Hemaviton C1000,Vitamin,O013,Makassar Prime Pharmacy,Sulawesi,Makassar,156,123,123,0,8.5
2024-03-25,P004,Vidoran Smart,Multivitamin,O013,Makassar Prime Pharmacy,Sulawesi,Makassar,109,91,91,0,6.7
2024-03-25,P005,Marina Skin Care,Skin Care,O013,Makassar Prime Pharmacy,Sulawesi,Makassar,142,109,109,0,8.4
2024-03-25,P001,Tempra,Fever & Pain,O014,Makassar Health Mart,Sulawesi,Makassar,116,90,90,0,8.2
2024-03-25,P002,Bodrex Flu & Batuk,Cough & Cold,O014,Makassar Health Mart,Sulawesi,Makassar,144,123,123,0,11.5
2024-03-25,P003,Hemaviton C1000,Vitamin,O014,Makassar Health Mart,Sulawesi,Makassar,139,109,109,0,12.3
2024-03-25,P004,Vidoran Smart,Multivitamin,O014,Makassar Health Mart,Sulawesi,Makassar,129,94,94,0,6.4
2024-03-25,P005,Marina Skin Care,Skin Care,O014,Makassar Health Mart,Sulawesi,Makassar,150,120,120,0,13.1
2024-03-26,P001,Tempra,Fever & Pain,O001,Bandung Prime Pharmacy,Jawa Barat,Bandung,104,74,74,0,6.5
2024-03-26,P002,Bodrex Flu & Batuk,Cough & Cold,O001,Bandung Prime Pharmacy,Jawa Barat,Bandung,120,83,83,0,5.9
2024-03-26,P003,Hemaviton C1000,Vitamin,O001,Bandung Prime Pharmacy,Jawa Barat,Bandung,57,44,44,0,4.3
2024-03-26,P004,Vidoran Smart,Multivitamin,O001,Bandung Prime Pharmacy,Jawa Barat,Bandung,105,88,88,0,6.2
2024-03-26,P005,Marina Skin Care,Skin Care,O001,Bandung Prime Pharmacy,Jawa Barat,Bandung,131,88,88,0,8.7
2024-03-26,P001,Tempra,Fever & Pain,O002,Bandung Health Mart,Jawa Barat,Bandung,107,73,73,0,6.7
2024-03-26,P002,Bodrex Flu & Batuk,Cough & Cold,O002,Bandung Health Mart,Jawa Barat,Bandung,122,88,88,0,5.9
2024-03-26,P003,Hemaviton C1000,Vitamin,O002,Bandung Health Mart,Jawa Barat,Bandung,130,112,112,0,7.9
2024-03-26,P004,Vidoran Smart,Multivitamin,O002,Bandung Health Mart,Jawa Barat,Bandung,110,79,79,0,9.4
2024-03-26,P005,Marina Skin Care,Skin Care,O002,Bandung Health Mart,Jawa Barat,Bandung,113,101,101,0,7.0
2024-03-26,P001,Tempra,Fever & Pain,O003,Bekasi Prime Pharmacy,Jawa Barat,Bekasi,102,77,77,0,8.0
2024-03-26,P002,Bodrex Flu & Batuk,Cough & Cold,O003,Bekasi Prime Pharmacy,Jawa Barat,Bekasi,144,126,126,0,8.4
2024-03-26,P003,Hemaviton C1000,Vitamin,O003,Bekasi Prime Pharmacy,Jawa Barat,Bekasi,67,37,37,0,3.6
2024-03-26,P004,Vidoran Smart,Multivitamin,O003,Bekasi Prime Pharmacy,Jawa Barat,Bekasi,143,112,112,0,7.9
2024-03-26,P005,Marina Skin Care,Skin Care,O003,Bekasi Prime Pharmacy,Jawa Barat,Bekasi,129,119,119,0,13.6
2024-03-26,P001,Tempra,Fever & Pain,O004,Bekasi Health Mart,Jawa Barat,Bekasi,108,97,97,0,7.4
2024-03-26,P002,Bodrex Flu & Batuk,Cough & Cold,O004,Bekasi Health Mart,Jawa Barat,Bekasi,122,102,102,0,9.4
2024-03-26,P003,Hemaviton C1000,Vitamin,O004,Bekasi Health Mart,Jawa Barat,Bekasi,98,86,86,0,6.2
2024-03-26,P004,Vidoran Smart,Multivitamin,O004,Bekasi Health Mart,Jawa Barat,Bekasi,156,123,123,0,13.0
2024-03-26,P005,Marina Skin Care,Skin Care,O004,Bekasi Health Mart,Jawa Barat,Bekasi,118,76,76,0,6.1
2024-03-26,P001,Tempra,Fever & Pain,O005,Surabaya Prime Pharmacy,Jawa Timur,Surabaya,108,70,70,0,5.9
2024-03-26,P002,Bodrex Flu & Batuk,Cough & Cold,O005,Surabaya Prime Pharmacy,Jawa Timur,Surabaya,72,47,47,0,4.6
2024-03-26,P003,Hemaviton C1000,Vitamin,O005,Surabaya Prime Pharmacy,Jawa Timur,Surabaya,111,91,91,0,7.3
2024-03-26,P004,Vidoran Smart,Multivitamin,O005,Surabaya Prime Pharmacy,Jawa Timur,Surabaya,112,69,69,0,7.7
2024-03-26,P005,Marina Skin Care,Skin Care,O005,Surabaya Prime Pharmacy,Jawa Timur,Surabaya,120,77,77,0,6.1
2024-03-26,P001,Tempra,Fever & Pain,O006,Surabaya Health Mart,Jawa Timur,Surabaya,145,122,122,0,9.0
2024-03-26,P002,Bodrex Flu & Batuk,Cough & Cold,O006,Surabaya Health Mart,Jawa Timur,Surabaya,151,116,116,0,11.2
2024-03-26,P003,Hemaviton C1000,Vitamin,O006,Surabaya Health Mart,Jawa Timur,Surabaya,123,86,86,0,7.7
2024-03-26,P004,Vidoran Smart,Multivitamin,O006,Surabaya Health Mart,Jawa Timur,Surabaya,132,99,99,0,12.1
2024-03-26,P005,Marina Skin Care,Skin Care,O006,Surabaya Health Mart,Jawa Timur,Surabaya,136,98,98,0,8.1
2024-03-26,P001,Tempra,Fever & Pain,O007,Semarang Prime Pharmacy,Jawa Tengah,Semarang,106,70,70,0,5.4
2024-03-26,P002,Bodrex Flu & Batuk,Cough & Cold,O007,Semarang Prime Pharmacy,Jawa Tengah,Semarang,137,93,93,0,9.2
2024-03-26,P003,Hemaviton C1000,Vitamin,O007,Semarang Prime Pharmacy,Jawa Tengah,Semarang,110,95,95,0,6.6
2024-03-26,P004,Vidoran Smart,Multivitamin,O007,Semarang Prime Pharmacy,Jawa Tengah,Semarang,152,109,109,0,9.0
2024-03-26,P005,Marina Skin Care,Skin Care,O007,Semarang Prime Pharmacy,Jawa Tengah,Semarang,157,112,112,0,8.1
2024-03-26,P001,Tempra,Fever & Pain,O008,Semarang Health Mart,Jawa Tengah,Semarang,123,99,99,0,6.8
2024-03-26,P002,Bodrex Flu & Batuk,Cough & Cold,O008,Semarang Health Mart,Jawa Tengah,Semarang,142,97,97,0,7.7
2024-03-26,P003,Hemaviton C1000,Vitamin,O008,Semarang Health Mart,Jawa Tengah,Semarang,118,92,92,0,7.5
2024-03-26,P004,Vidoran Smart,Multivitamin,O008,Semarang Health Mart,Jawa Tengah,Semarang,139,128,128,0,10.2
2024-03-26,P005,Marina Skin Care,Skin Care,O008,Semarang Health Mart,Jawa Tengah,Semarang,85,69,69,0,5.3
2024-03-26,P001,Tempra,Fever & Pain,O009,Medan Prime Pharmacy,Sumatera,Medan,107,89,89,0,10.6
2024-03-26,P002,Bodrex Flu & Batuk,Cough & Cold,O009,Medan Prime Pharmacy,Sumatera,Medan,143,105,105,0,9.9
2024-03-26,P003,Hemaviton C1000,Vitamin,O009,Medan Prime Pharmacy,Sumatera,Medan,77,38,38,0,4.2
2024-03-26,P004,Vidoran Smart,Multivitamin,O009,Medan Prime Pharmacy,Sumatera,Medan,86,76,76,0,5.7
2024-03-26,P005,Marina Skin Care,Skin Care,O009,Medan Prime Pharmacy,Sumatera,Medan,145,115,115,0,10.0
2024-03-26,P001,Tempra,Fever & Pain,O010,Medan Health Mart,Sumatera,Medan,134,116,116,0,10.0
2024-03-26,P002,Bodrex Flu & Batuk,Cough & Cold,O010,Medan Health Mart,Sumatera,Medan,165,120,120,0,14.6
2024-03-26,P003,Hemaviton C1000,Vitamin,O010,Medan Health Mart,Sumatera,Medan,140,109,109,0,10.3
2024-03-26,P004,Vidoran Smart,Multivitamin,O010,Medan Health Mart,Sumatera,Medan,119,102,102,0,10.2
2024-03-26,P005,Marina Skin Care,Skin Care,O010,Medan Health Mart,Sumatera,Medan,98,82,82,0,9.6
2024-03-26,P001,Tempra,Fever & Pain,O011,Balikpapan Prime Pharmacy,Kalimantan,Balikpapan,96,81,81,0,7.2
2024-03-26,P002,Bodrex Flu & Batuk,Cough & Cold,O011,Balikpapan Prime Pharmacy,Kalimantan,Balikpapan,145,120,120,0,8.8
2024-03-26,P003,Hemaviton C1000,Vitamin,O011,Balikpapan Prime Pharmacy,Kalimantan,Balikpapan,105,91,91,0,7.1
2024-03-26,P004,Vidoran Smart,Multivitamin,O011,Balikpapan Prime Pharmacy,Kalimantan,Balikpapan,119,95,95,0,10.1
2024-03-26,P005,Marina Skin Care,Skin Care,O011,Balikpapan Prime Pharmacy,Kalimantan,Balikpapan,115,82,82,0,7.4
2024-03-26,P001,Tempra,Fever & Pain,O012,Balikpapan Health Mart,Kalimantan,Balikpapan,131,96,96,0,9.3
2024-03-26,P002,Bodrex Flu & Batuk,Cough & Cold,O012,Balikpapan Health Mart,Kalimantan,Balikpapan,157,147,147,0,11.8
2024-03-26,P003,Hemaviton C1000,Vitamin,O012,Balikpapan Health Mart,Kalimantan,Balikpapan,132,99,99,0,9.0
2024-03-26,P004,Vidoran Smart,Multivitamin,O012,Balikpapan Health Mart,Kalimantan,Balikpapan,131,106,106,0,10.7
2024-03-26,P005,Marina Skin Care,Skin Care,O012,Balikpapan Health Mart,Kalimantan,Balikpapan,134,104,104,0,7.9
2024-03-26,P001,Tempra,Fever & Pain,O013,Makassar Prime Pharmacy,Sulawesi,Makassar,159,123,123,0,9.6
2024-03-26,P002,Bodrex Flu & Batuk,Cough & Cold,O013,Makassar Prime Pharmacy,Sulawesi,Makassar,175,130,130,0,8.9
2024-03-26,P003,Hemaviton C1000,Vitamin,O013,Makassar Prime Pharmacy,Sulawesi,Makassar,128,96,96,0,7.7
2024-03-26,P004,Vidoran Smart,Multivitamin,O013,Makassar Prime Pharmacy,Sulawesi,Makassar,115,98,98,0,6.9
2024-03-26,P005,Marina Skin Care,Skin Care,O013,Makassar Prime Pharmacy,Sulawesi,Makassar,106,73,73,0,5.1
2024-03-26,P001,Tempra,Fever & Pain,O014,Makassar Health Mart,Sulawesi,Makassar,132,110,110,0,8.5
2024-03-26,P002,Bodrex Flu & Batuk,Cough & Cold,O014,Makassar Health Mart,Sulawesi,Makassar,156,111,111,0,12.5
2024-03-26,P003,Hemaviton C1000,Vitamin,O014,Makassar Health Mart,Sulawesi,Makassar,117,84,84,0,8.5
2024-03-26,P004,Vidoran Smart,Multivitamin,O014,Makassar Health Mart,Sulawesi,Makassar,106,79,79,0,9.1
2024-03-26,P005,Marina Skin Care,Skin Care,O014,Makassar Health Mart,Sulawesi,Makassar,79,68,68,0,4.9
2024-03-27,P001,Tempra,Fever & Pain,O001,Bandung Prime Pharmacy,Jawa Barat,Bandung,142,118,118,0,8.6
2024-03-27,P002,Bodrex Flu & Batuk,Cough & Cold,O001,Bandung Prime Pharmacy,Jawa Barat,Bandung,163,124,124,0,9.2
2024-03-27,P003,Hemaviton C1000,Vitamin,O001,Bandung Prime Pharmacy,Jawa Barat,Bandung,60,43,43,0,4.8
2024-03-27,P004,Vidoran Smart,Multivitamin,O001,Bandung Prime Pharmacy,Jawa Barat,Bandung,185,140,140,0,15.7
2024-03-27,P005,Marina Skin Care,Skin Care,O001,Bandung Prime Pharmacy,Jawa Barat,Bandung,102,68,68,0,8.0
2024-03-27,P001,Tempra,Fever & Pain,O002,Bandung Health Mart,Jawa Barat,Bandung,149,110,110,0,8.0
2024-03-27,P002,Bodrex Flu & Batuk,Cough & Cold,O002,Bandung Health Mart,Jawa Barat,Bandung,91,76,76,0,9.0
2024-03-27,P003,Hemaviton C1000,Vitamin,O002,Bandung Health Mart,Jawa Barat,Bandung,123,80,80,0,5.9
2024-03-27,P004,Vidoran Smart,Multivitamin,O002,Bandung Health Mart,Jawa Barat,Bandung,150,113,113,0,7.6
2024-03-27,P005,Marina Skin Care,Skin Care,O002,Bandung Health Mart,Jawa Barat,Bandung,94,49,49,0,4.4
2024-03-27,P001,Tempra,Fever & Pain,O003,Bekasi Prime Pharmacy,Jawa Barat,Bekasi,111,101,101,0,7.2
2024-03-27,P002,Bodrex Flu & Batuk,Cough & Cold,O003,Bekasi Prime Pharmacy,Jawa Barat,Bekasi,102,80,80,0,7.2
2024-03-27,P003,Hemaviton C1000,Vitamin,O003,Bekasi Prime Pharmacy,Jawa Barat,Bekasi,151,107,107,0,11.1
2024-03-27,P004,Vidoran Smart,Multivitamin,O003,Bekasi Prime Pharmacy,Jawa Barat,Bekasi,92,74,74,0,5.4
2024-03-27,P005,Marina Skin Care,Skin Care,O003,Bekasi Prime Pharmacy,Jawa Barat,Bekasi,95,78,78,0,9.3
2024-03-27,P001,Tempra,Fever & Pain,O004,Bekasi Health Mart,Jawa Barat,Bekasi,146,122,122,0,10.5
2024-03-27,P002,Bodrex Flu & Batuk,Cough & Cold,O004,Bekasi Health Mart,Jawa Barat,Bekasi,121,94,94,0,6.3
2024-03-27,P003,Hemaviton C1000,Vitamin,O004,Bekasi Health Mart,Jawa Barat,Bekasi,127,98,98,0,7.4
2024-03-27,P004,Vidoran Smart,Multivitamin,O004,Bekasi Health Mart,Jawa Barat,Bekasi,62,46,46,0,5.1
2024-03-27,P005,Marina Skin Care,Skin Care,O004,Bekasi Health Mart,Jawa Barat,Bekasi,125,92,92,0,9.5
2024-03-27,P001,Tempra,Fever & Pain,O005,Surabaya Prime Pharmacy,Jawa Timur,Surabaya,138,113,113,0,13.3
2024-03-27,P002,Bodrex Flu & Batuk,Cough & Cold,O005,Surabaya Prime Pharmacy,Jawa Timur,Surabaya,113,92,92,0,7.9
2024-03-27,P003,Hemaviton C1000,Vitamin,O005,Surabaya Prime Pharmacy,Jawa Timur,Surabaya,147,127,127,0,10.5
2024-03-27,P004,Vidoran Smart,Multivitamin,O005,Surabaya Prime Pharmacy,Jawa Timur,Surabaya,137,93,93,0,10.9
2024-03-27,P005,Marina Skin Care,Skin Care,O005,Surabaya Prime Pharmacy,Jawa Timur,Surabaya,140,111,111,0,11.7
2024-03-27,P001,Tempra,Fever & Pain,O006,Surabaya Health Mart,Jawa Timur,Surabaya,117,91,91,0,11.1
2024-03-27,P002,Bodrex Flu & Batuk,Cough & Cold,O006,Surabaya Health Mart,Jawa Timur,Surabaya,105,77,77,0,8.3
2024-03-27,P003,Hemaviton C1000,Vitamin,O006,Surabaya Health Mart,Jawa Timur,Surabaya,102,64,64,0,4.3
2024-03-27,P004,Vidoran Smart,Multivitamin,O006,Surabaya Health Mart,Jawa Timur,Surabaya,190,148,148,0,10.9
2024-03-27,P005,Marina Skin Care,Skin Care,O006,Surabaya Health Mart,Jawa Timur,Surabaya,185,148,148,0,10.2
2024-03-27,P001,Tempra,Fever & Pain,O007,Semarang Prime Pharmacy,Jawa Tengah,Semarang,131,117,117,0,9.1
2024-03-27,P002,Bodrex Flu & Batuk,Cough & Cold,O007,Semarang Prime Pharmacy,Jawa Tengah,Semarang,117,95,95,0,9.2
2024-03-27,P003,Hemaviton C1000,Vitamin,O007,Semarang Prime Pharmacy,Jawa Tengah,Semarang,141,106,106,0,13.2
2024-03-27,P004,Vidoran Smart,Multivitamin,O007,Semarang Prime Pharmacy,Jawa Tengah,Semarang,125,89,89,0,9.3
2024-03-27,P005,Marina Skin Care,Skin Care,O007,Semarang Prime Pharmacy,Jawa Tengah,Semarang,106,68,68,0,6.2
2024-03-27,P001,Tempra,Fever & Pain,O008,Semarang Health Mart,Jawa Tengah,Semarang,137,119,119,0,11.1
2024-03-27,P002,Bodrex Flu & Batuk,Cough & Cold,O008,Semarang Health Mart,Jawa Tengah,Semarang,108,85,85,0,5.8
2024-03-27,P003,Hemaviton C1000,Vitamin,O008,Semarang Health Mart,Jawa Tengah,Semarang,136,111,111,0,8.0
2024-03-27,P004,Vidoran Smart,Multivitamin,O008,Semarang Health Mart,Jawa Tengah,Semarang,158,115,115,0,8.2
2024-03-27,P005,Marina Skin Care,Skin Care,O008,Semarang Health Mart,Jawa Tengah,Semarang,83,50,50,0,4.1
2024-03-27,P001,Tempra,Fever & Pain,O009,Medan Prime Pharmacy,Sumatera,Medan,127,97,97,0,10.4
2024-03-27,P002,Bodrex Flu & Batuk,Cough & Cold,O009,Medan Prime Pharmacy,Sumatera,Medan,123,95,95,0,11.8
2024-03-27,P003,Hemaviton C1000,Vitamin,O009,Medan Prime Pharmacy,Sumatera,Medan,137,117,117,0,11.6
2024-03-27,P004,Vidoran Smart,Multivitamin,O009,Medan Prime Pharmacy,Sumatera,Medan,97,52,52,0,5.5
2024-03-27,P005,Marina Skin Care,Skin Care,O009,Medan Prime Pharmacy,Sumatera,Medan,83,64,64,0,4.5
2024-03-27,P001,Tempra,Fever & Pain,O010,Medan Health Mart,Sumatera,Medan,132,118,118,0,7.9
2024-03-27,P002,Bodrex Flu & Batuk,Cough & Cold,O010,Medan Health Mart,Sumatera,Medan,125,87,87,0,8.1
2024-03-27,P003,Hemaviton C1000,Vitamin,O010,Medan Health Mart,Sumatera,Medan,125,96,96,0,9.2
2024-03-27,P004,Vidoran Smart,Multivitamin,O010,Medan Health Mart,Sumatera,Medan,110,95,95,0,7.0
2024-03-27,P005,Marina Skin Care,Skin Care,O010,Medan Health Mart,Sumatera,Medan,111,97,97,0,11.8
2024-03-27,P001,Tempra,Fever & Pain,O011,Balikpapan Prime Pharmacy,Kalimantan,Balikpapan,133,95,95,0,11.4
2024-03-27,P002,Bodrex Flu & Batuk,Cough & Cold,O011,Balikpapan Prime Pharmacy,Kalimantan,Balikpapan,135,95,95,0,9.4
2024-03-27,P003,Hemaviton C1000,Vitamin,O011,Balikpapan Prime Pharmacy,Kalimantan,Balikpapan,116,101,101,0,7.8
2024-03-27,P004,Vidoran Smart,Multivitamin,O011,Balikpapan Prime Pharmacy,Kalimantan,Balikpapan,108,90,90,0,9.6
2024-03-27,P005,Marina Skin Care,Skin Care,O011,Balikpapan Prime Pharmacy,Kalimantan,Balikpapan,139,102,102,0,11.2
2024-03-27,P001,Tempra,Fever & Pain,O012,Balikpapan Health Mart,Kalimantan,Balikpapan,135,113,113,0,11.5
2024-03-27,P002,Bodrex Flu & Batuk,Cough & Cold,O012,Balikpapan Health Mart,Kalimantan,Balikpapan,158,118,118,0,9.8
2024-03-27,P003,Hemaviton C1000,Vitamin,O012,Balikpapan Health Mart,Kalimantan,Balikpapan,134,89,89,0,7.6
2024-03-27,P004,Vidoran Smart,Multivitamin,O012,Balikpapan Health Mart,Kalimantan,Balikpapan,178,140,140,0,12.0
2024-03-27,P005,Marina Skin Care,Skin Care,O012,Balikpapan Health Mart,Kalimantan,Balikpapan,197,163,163,0,13.7
2024-03-27,P001,Tempra,Fever & Pain,O013,Makassar Prime Pharmacy,Sulawesi,Makassar,143,130,130,0,10.9
2024-03-27,P002,Bodrex Flu & Batuk,Cough & Cold,O013,Makassar Prime Pharmacy,Sulawesi,Makassar,93,66,66,0,5.0
2024-03-27,P003,Hemaviton C1000,Vitamin,O013,Makassar Prime Pharmacy,Sulawesi,Makassar,58,33,33,0,2.8
2024-03-27,P004,Vidoran Smart,Multivitamin,O013,Makassar Prime Pharmacy,Sulawesi,Makassar,144,114,114,0,9.6
2024-03-27,P005,Marina Skin Care,Skin Care,O013,Makassar Prime Pharmacy,Sulawesi,Makassar,147,123,123,0,8.4
2024-03-27,P001,Tempra,Fever & Pain,O014,Makassar Health Mart,Sulawesi,Makassar,98,70,70,0,5.2
2024-03-27,P002,Bodrex Flu & Batuk,Cough & Cold,O014,Makassar Health Mart,Sulawesi,Makassar,71,52,52,0,5.2
2024-03-27,P003,Hemaviton C1000,Vitamin,O014,Makassar Health Mart,Sulawesi,Makassar,140,118,118,0,9.7
2024-03-27,P004,Vidoran Smart,Multivitamin,O014,Makassar Health Mart,Sulawesi,Makassar,115,92,92,0,6.9
2024-03-27,P005,Marina Skin Care,Skin Care,O014,Makassar Health Mart,Sulawesi,Makassar,87,67,67,0,7.1
2024-03-28,P001,Tempra,Fever & Pain,O001,Bandung Prime Pharmacy,Jawa Barat,Bandung,148,118,118,0,12.8
2024-03-28,P002,Bodrex Flu & Batuk,Cough & Cold,O001,Bandung Prime Pharmacy,Jawa Barat,Bandung,139,105,105,0,10.5
2024-03-28,P003,Hemaviton C1000,Vitamin,O001,Bandung Prime Pharmacy,Jawa Barat,Bandung,109,83,83,0,5.5
2024-03-28,P004,Vidoran Smart,Multivitamin,O001,Bandung Prime Pharmacy,Jawa Barat,Bandung,144,125,125,0,12.5
2024-03-28,P005,Marina Skin Care,Skin Care,O001,Bandung Prime Pharmacy,Jawa Barat,Bandung,91,76,76,0,6.4
2024-03-28,P001,Tempra,Fever & Pain,O002,Bandung Health Mart,Jawa Barat,Bandung,148,103,103,0,8.9
2024-03-28,P002,Bodrex Flu & Batuk,Cough & Cold,O002,Bandung Health Mart,Jawa Barat,Bandung,120,93,93,0,7.7
2024-03-28,P003,Hemaviton C1000,Vitamin,O002,Bandung Health Mart,Jawa Barat,Bandung,114,73,73,0,7.9
2024-03-28,P004,Vidoran Smart,Multivitamin,O002,Bandung Health Mart,Jawa Barat,Bandung,111,95,95,0,7.1
2024-03-28,P005,Marina Skin Care,Skin Care,O002,Bandung Health Mart,Jawa Barat,Bandung,167,129,129,0,14.8
2024-03-28,P001,Tempra,Fever & Pain,O003,Bekasi Prime Pharmacy,Jawa Barat,Bekasi,133,94,94,0,7.0
2024-03-28,P002,Bodrex Flu & Batuk,Cough & Cold,O003,Bekasi Prime Pharmacy,Jawa Barat,Bekasi,119,107,107,0,10.1
2024-03-28,P003,Hemaviton C1000,Vitamin,O003,Bekasi Prime Pharmacy,Jawa Barat,Bekasi,111,69,69,0,8.5
2024-03-28,P004,Vidoran Smart,Multivitamin,O003,Bekasi Prime Pharmacy,Jawa Barat,Bekasi,154,130,130,0,13.3
2024-03-28,P005,Marina Skin Care,Skin Care,O003,Bekasi Prime Pharmacy,Jawa Barat,Bekasi,166,137,137,0,10.4
2024-03-28,P001,Tempra,Fever & Pain,O004,Bekasi Health Mart,Jawa Barat,Bekasi,98,88,88,0,8.1
2024-03-28,P002,Bodrex Flu & Batuk,Cough & Cold,O004,Bekasi Health Mart,Jawa Barat,Bekasi,119,94,94,0,8.2
2024-03-28,P003,Hemaviton C1000,Vitamin,O004,Bekasi Health Mart,Jawa Barat,Bekasi,115,102,102,0,10.0
2024-03-28,P004,Vidoran Smart,Multivitamin,O004,Bekasi Health Mart,Jawa Barat,Bekasi,141,111,111,0,10.3
2024-03-28,P005,Marina Skin Care,Skin Care,O004,Bekasi Health Mart,Jawa Barat,Bekasi,91,61,61,0,4.5
2024-03-28,P001,Tempra,Fever & Pain,O005,Surabaya Prime Pharmacy,Jawa Timur,Surabaya,163,137,137,0,10.7
2024-03-28,P002,Bodrex Flu & Batuk,Cough & Cold,O005,Surabaya Prime Pharmacy,Jawa Timur,Surabaya,149,127,127,0,9.9
2024-03-28,P003,Hemaviton C1000,Vitamin,O005,Surabaya Prime Pharmacy,Jawa Timur,Surabaya,105,77,77,0,9.1
2024-03-28,P004,Vidoran Smart,Multivitamin,O005,Surabaya Prime Pharmacy,Jawa Timur,Surabaya,105,83,83,0,5.9
2024-03-28,P005,Marina Skin Care,Skin Care,O005,Surabaya Prime Pharmacy,Jawa Timur,Surabaya,121,84,84,0,5.7
2024-03-28,P001,Tempra,Fever & Pain,O006,Surabaya Health Mart,Jawa Timur,Surabaya,125,93,93,0,8.5
2024-03-28,P002,Bodrex Flu & Batuk,Cough & Cold,O006,Surabaya Health Mart,Jawa Timur,Surabaya,117,75,75,0,6.7
2024-03-28,P003,Hemaviton C1000,Vitamin,O006,Surabaya Health Mart,Jawa Timur,Surabaya,122,110,110,0,11.1
2024-03-28,P004,Vidoran Smart,Multivitamin,O006,Surabaya Health Mart,Jawa Timur,Surabaya,120,110,110,0,12.6
2024-03-28,P005,Marina Skin Care,Skin Care,O006,Surabaya Health Mart,Jawa Timur,Surabaya,126,92,92,0,6.9
2024-03-28,P001,Tempra,Fever & Pain,O007,Semarang Prime Pharmacy,Jawa Tengah,Semarang,120,103,103,0,8.3
2024-03-28,P002,Bodrex Flu & Batuk,Cough & Cold,O007,Semarang Prime Pharmacy,Jawa Tengah,Semarang,128,83,83,0,8.2
2024-03-28,P003,Hemaviton C1000,Vitamin,O007,Semarang Prime Pharmacy,Jawa Tengah,Semarang,119,85,85,0,10.5
2024-03-28,P004,Vidoran Smart,Multivitamin,O007,Semarang Prime Pharmacy,Jawa Tengah,Semarang,115,82,82,0,6.2
2024-03-28,P005,Marina Skin Care,Skin Care,O007,Semarang Prime Pharmacy,Jawa Tengah,Semarang,132,101,101,0,8.0
2024-03-28,P001,Tempra,Fever & Pain,O008,Semarang Health Mart,Jawa Tengah,Semarang,150,111,111,0,7.8
2024-03-28,P002,Bodrex Flu & Batuk,Cough & Cold,O008,Semarang Health Mart,Jawa Tengah,Semarang,44,28,28,0,1.9
2024-03-28,P003,Hemaviton C1000,Vitamin,O008,Semarang Health Mart,Jawa Tengah,Semarang,113,94,94,0,10.4
2024-03-28,P004,Vidoran Smart,Multivitamin,O008,Semarang Health Mart,Jawa Tengah,Semarang,130,103,103,0,9.2
2024-03-28,P005,Marina Skin Care,Skin Care,O008,Semarang Health Mart,Jawa Tengah,Semarang,135,107,107,0,7.6
2024-03-28,P001,Tempra,Fever & Pain,O009,Medan Prime Pharmacy,Sumatera,Medan,153,125,125,0,10.6
2024-03-28,P002,Bodrex Flu & Batuk,Cough & Cold,O009,Medan Prime Pharmacy,Sumatera,Medan,91,70,70,0,5.5
2024-03-28,P003,Hemaviton C1000,Vitamin,O009,Medan Prime Pharmacy,Sumatera,Medan,119,96,96,0,7.5
2024-03-28,P004,Vidoran Smart,Multivitamin,O009,Medan Prime Pharmacy,Sumatera,Medan,142,113,113,0,8.0
2024-03-28,P005,Marina Skin Care,Skin Care,O009,Medan Prime Pharmacy,Sumatera,Medan,110,65,65,0,6.7
2024-03-28,P001,Tempra,Fever & Pain,O010,Medan Health Mart,Sumatera,Medan,106,68,68,0,4.9
2024-03-28,P002,Bodrex Flu & Batuk,Cough & Cold,O010,Medan Health Mart,Sumatera,Medan,118,84,84,0,5.6
2024-03-28,P003,Hemaviton C1000,Vitamin,O010,Medan Health Mart,Sumatera,Medan,102,84,84,0,8.3
2024-03-28,P004,Vidoran Smart,Multivitamin,O010,Medan Health Mart,Sumatera,Medan,111,88,88,0,7.8
2024-03-28,P005,Marina Skin Care,Skin Care,O010,Medan Health Mart,Sumatera,Medan,120,94,94,0,9.3
2024-03-28,P001,Tempra,Fever & Pain,O011,Balikpapan Prime Pharmacy,Kalimantan,Balikpapan,101,80,80,0,9.3
2024-03-28,P002,Bodrex Flu & Batuk,Cough & Cold,O011,Balikpapan Prime Pharmacy,Kalimantan,Balikpapan,123,111,111,0,8.2
2024-03-28,P003,Hemaviton C1000,Vitamin,O011,Balikpapan Prime Pharmacy,Kalimantan,Balikpapan,127,89,89,0,6.8
2024-03-28,P004,Vidoran Smart,Multivitamin,O011,Balikpapan Prime Pharmacy,Kalimantan,Balikpapan,86,76,76,0,6.0
2024-03-28,P005,Marina Skin Care,Skin Care,O011,Balikpapan Prime Pharmacy,Kalimantan,Balikpapan,98,67,67,0,5.8
2024-03-28,P001,Tempra,Fever & Pain,O012,Balikpapan Health Mart,Kalimantan,Balikpapan,115,92,92,0,9.2
2024-03-28,P002,Bodrex Flu & Batuk,Cough & Cold,O012,Balikpapan Health Mart,Kalimantan,Balikpapan,116,105,105,0,7.7
2024-03-28,P003,Hemaviton C1000,Vitamin,O012,Balikpapan Health Mart,Kalimantan,Balikpapan,160,115,115,0,13.2
2024-03-28,P004,Vidoran Smart,Multivitamin,O012,Balikpapan Health Mart,Kalimantan,Balikpapan,126,114,114,0,9.9
2024-03-28,P005,Marina Skin Care,Skin Care,O012,Balikpapan Health Mart,Kalimantan,Balikpapan,79,57,57,0,5.3
2024-03-28,P001,Tempra,Fever & Pain,O013,Makassar Prime Pharmacy,Sulawesi,Makassar,154,135,135,0,12.8
2024-03-28,P002,Bodrex Flu & Batuk,Cough & Cold,O013,Makassar Prime Pharmacy,Sulawesi,Makassar,101,73,73,0,6.7
2024-03-28,P003,Hemaviton C1000,Vitamin,O013,Makassar Prime Pharmacy,Sulawesi,Makassar,168,127,127,0,13.7
2024-03-28,P004,Vidoran Smart,Multivitamin,O013,Makassar Prime Pharmacy,Sulawesi,Makassar,98,79,79,0,5.5
2024-03-28,P005,Marina Skin Care,Skin Care,O013,Makassar Prime Pharmacy,Sulawesi,Makassar,148,112,112,0,13.0
2024-03-28,P001,Tempra,Fever & Pain,O014,Makassar Health Mart,Sulawesi,Makassar,142,108,108,0,10.2
2024-03-28,P002,Bodrex Flu & Batuk,Cough & Cold,O014,Makassar Health Mart,Sulawesi,Makassar,85,70,70,0,5.4
2024-03-28,P003,Hemaviton C1000,Vitamin,O014,Makassar Health Mart,Sulawesi,Makassar,127,98,98,0,7.2
2024-03-28,P004,Vidoran Smart,Multivitamin,O014,Makassar Health Mart,Sulawesi,Makassar,55,36,36,0,3.7
2024-03-28,P005,Marina Skin Care,Skin Care,O014,Makassar Health Mart,Sulawesi,Makassar,141,101,101,0,7.4
2024-03-29,P001,Tempra,Fever & Pain,O001,Bandung Prime Pharmacy,Jawa Barat,Bandung,136,94,94,0,6.9
2024-03-29,P002,Bodrex Flu & Batuk,Cough & Cold,O001,Bandung Prime Pharmacy,Jawa Barat,Bandung,133,121,121,0,10.3
2024-03-29,P003,Hemaviton C1000,Vitamin,O001,Bandung Prime Pharmacy,Jawa Barat,Bandung,128,100,100,0,8.3
2024-03-29,P004,Vidoran Smart,Multivitamin,O001,Bandung Prime Pharmacy,Jawa Barat,Bandung,141,118,118,0,12.6
2024-03-29,P005,Marina Skin Care,Skin Care,O001,Bandung Prime Pharmacy,Jawa Barat,Bandung,131,90,90,0,7.5
2024-03-29,P001,Tempra,Fever & Pain,O002,Bandung Health Mart,Jawa Barat,Bandung,105,60,60,0,5.4
2024-03-29,P002,Bodrex Flu & Batuk,Cough & Cold,O002,Bandung Health Mart,Jawa Barat,Bandung,89,51,51,0,6.1
2024-03-29,P003,Hemaviton C1000,Vitamin,O002,Bandung Health Mart,Jawa Barat,Bandung,159,126,126,0,10.1
2024-03-29,P004,Vidoran Smart,Multivitamin,O002,Bandung Health Mart,Jawa Barat,Bandung,122,89,89,0,7.3
2024-03-29,P005,Marina Skin Care,Skin Care,O002,Bandung Health Mart,Jawa Barat,Bandung,77,66,66,0,4.8
2024-03-29,P001,Tempra,Fever & Pain,O003,Bekasi Prime Pharmacy,Jawa Barat,Bekasi,124,86,86,0,5.8
2024-03-29,P002,Bodrex Flu & Batuk,Cough & Cold,O003,Bekasi Prime Pharmacy,Jawa Barat,Bekasi,105,94,94,0,6.4
2024-03-29,P003,Hemaviton C1000,Vitamin,O003,Bekasi Prime Pharmacy,Jawa Barat,Bekasi,98,68,68,0,7.1
2024-03-29,P004,Vidoran Smart,Multivitamin,O003,Bekasi Prime Pharmacy,Jawa Barat,Bekasi,136,121,121,0,10.4
2024-03-29,P005,Marina Skin Care,Skin Care,O003,Bekasi Prime Pharmacy,Jawa Barat,Bekasi,106,86,86,0,8.5
2024-03-29,P001,Tempra,Fever & Pain,O004,Bekasi Health Mart,Jawa Barat,Bekasi,99,71,71,0,7.8
2024-03-29,P002,Bodrex Flu & Batuk,Cough & Cold,O004,Bekasi Health Mart,Jawa Barat,Bekasi,137,127,127,0,14.5
2024-03-29,P003,Hemaviton C1000,Vitamin,O004,Bekasi Health Mart,Jawa Barat,Bekasi,62,49,49,0,3.7
2024-03-29,P004,Vidoran Smart,Multivitamin,O004,Bekasi Health Mart,Jawa Barat,Bekasi,123,89,89,0,7.9
2024-03-29,P005,Marina Skin Care,Skin Care,O004,Bekasi Health Mart,Jawa Barat,Bekasi,99,73,73,0,5.4
2024-03-29,P001,Tempra,Fever & Pain,O005,Surabaya Prime Pharmacy,Jawa Timur,Surabaya,120,106,106,0,11.1
2024-03-29,P002,Bodrex Flu & Batuk,Cough & Cold,O005,Surabaya Prime Pharmacy,Jawa Timur,Surabaya,167,145,145,0,12.9
2024-03-29,P003,Hemaviton C1000,Vitamin,O005,Surabaya Prime Pharmacy,Jawa Timur,Surabaya,145,101,101,0,11.6
2024-03-29,P004,Vidoran Smart,Multivitamin,O005,Surabaya Prime Pharmacy,Jawa Timur,Surabaya,91,76,76,0,5.9
2024-03-29,P005,Marina Skin Care,Skin Care,O005,Surabaya Prime Pharmacy,Jawa Timur,Surabaya,97,54,54,0,4.2
2024-03-29,P001,Tempra,Fever & Pain,O006,Surabaya Health Mart,Jawa Timur,Surabaya,122,83,83,0,6.5
2024-03-29,P002,Bodrex Flu & Batuk,Cough & Cold,O006,Surabaya Health Mart,Jawa Timur,Surabaya,150,118,118,0,12.7
2024-03-29,P003,Hemaviton C1000,Vitamin,O006,Surabaya Health Mart,Jawa Timur,Surabaya,151,111,111,0,8.4
2024-03-29,P004,Vidoran Smart,Multivitamin,O006,Surabaya Health Mart,Jawa Timur,Surabaya,129,94,94,0,7.5
2024-03-29,P005,Marina Skin Care,Skin Care,O006,Surabaya Health Mart,Jawa Timur,Surabaya,125,98,98,0,8.3
2024-03-29,P001,Tempra,Fever & Pain,O007,Semarang Prime Pharmacy,Jawa Tengah,Semarang,125,98,98,0,6.6
2024-03-29,P002,Bodrex Flu & Batuk,Cough & Cold,O007,Semarang Prime Pharmacy,Jawa Tengah,Semarang,81,66,66,0,4.6
2024-03-29,P003,Hemaviton C1000,Vitamin,O007,Semarang Prime Pharmacy,Jawa Tengah,Semarang,132,88,88,0,6.3
2024-03-29,P004,Vidoran Smart,Multivitamin,O007,Semarang Prime Pharmacy,Jawa Tengah,Semarang,107,65,65,0,4.7
2024-03-29,P005,Marina Skin Care,Skin Care,O007,Semarang Prime Pharmacy,Jawa Tengah,Semarang,113,79,79,0,5.8
2024-03-29,P001,Tempra,Fever & Pain,O008,Semarang Health Mart,Jawa Tengah,Semarang,132,102,102,0,9.9
2024-03-29,P002,Bodrex Flu & Batuk,Cough & Cold,O008,Semarang Health Mart,Jawa Tengah,Semarang,97,70,70,0,5.2
2024-03-29,P003,Hemaviton C1000,Vitamin,O008,Semarang Health Mart,Jawa Tengah,Semarang,111,98,98,0,10.3
2024-03-29,P004,Vidoran Smart,Multivitamin,O008,Semarang Health Mart,Jawa Tengah,Semarang,157,133,133,0,11.4
2024-03-29,P005,Marina Skin Care,Skin Care,O008,Semarang Health Mart,Jawa Tengah,Semarang,127,82,82,0,5.8
2024-03-29,P001,Tempra,Fever & Pain,O009,Medan Prime Pharmacy,Sumatera,Medan,146,116,116,0,9.1
2024-03-29,P002,Bodrex Flu & Batuk,Cough & Cold,O009,Medan Prime Pharmacy,Sumatera,Medan,116,85,85,0,5.7
2024-03-29,P003,Hemaviton C1000,Vitamin,O009,Medan Prime Pharmacy,Sumatera,Medan,172,137,137,0,9.4
2024-03-29,P004,Vidoran Smart,Multivitamin,O009,Medan Prime Pharmacy,Sumatera,Medan,117,79,79,0,6.2
2024-03-29,P005,Marina Skin Care,Skin Care,O009,Medan Prime Pharmacy,Sumatera,Medan,159,139,139,0,13.1
2024-03-29,P001,Tempra,Fever & Pain,O010,Medan Health Mart,Sumatera,Medan,60,49,49,0,3.5
2024-03-29,P002,Bodrex Flu & Batuk,Cough & Cold,O010,Medan Health Mart,Sumatera,Medan,154,120,120,0,8.3
2024-03-29,P003,Hemaviton C1000,Vitamin,O010,Medan Health Mart,Sumatera,Medan,137,115,115,0,11.8
2024-03-29,P004,Vidoran Smart,Multivitamin,O010,Medan Health Mart,Sumatera,Medan,147,129,129,0,9.2
2024-03-29,P005,Marina Skin Care,Skin Care,O010,Medan Health Mart,Sumatera,Medan,114,71,71,0,6.5
2024-03-29,P001,Tempra,Fever & Pain,O011,Balikpapan Prime Pharmacy,Kalimantan,Balikpapan,121,108,108,0,10.7
2024-03-29,P002,Bodrex Flu & Batuk,Cough & Cold,O011,Balikpapan Prime Pharmacy,Kalimantan,Balikpapan,157,118,118,0,13.0
2024-03-29,P003,Hemaviton C1000,Vitamin,O011,Balikpapan Prime Pharmacy,Kalimantan,Balikpapan,85,63,63,0,5.0
2024-03-29,P004,Vidoran Smart,Multivitamin,O011,Balikpapan Prime Pharmacy,Kalimantan,Balikpapan,119,87,87,0,5.9
2024-03-29,P005,Marina Skin Care,Skin Care,O011,Balikpapan Prime Pharmacy,Kalimantan,Balikpapan,89,68,68,0,7.8
2024-03-29,P001,Tempra,Fever & Pain,O012,Balikpapan Health Mart,Kalimantan,Balikpapan,182,147,147,0,14.4
2024-03-29,P002,Bodrex Flu & Batuk,Cough & Cold,O012,Balikpapan Health Mart,Kalimantan,Balikpapan,114,82,82,0,10.1
2024-03-29,P003,Hemaviton C1000,Vitamin,O012,Balikpapan Health Mart,Kalimantan,Balikpapan,138,94,94,0,11.2
2024-03-29,P004,Vidoran Smart,Multivitamin,O012,Balikpapan Health Mart,Kalimantan,Balikpapan,147,137,137,0,11.4
2024-03-29,P005,Marina Skin Care,Skin Care,O012,Balikpapan Health Mart,Kalimantan,Balikpapan,142,103,103,0,8.3
2024-03-29,P001,Tempra,Fever & Pain,O013,Makassar Prime Pharmacy,Sulawesi,Makassar,114,96,96,0,10.7
2024-03-29,P002,Bodrex Flu & Batuk,Cough & Cold,O013,Makassar Prime Pharmacy,Sulawesi,Makassar,96,83,83,0,7.6
2024-03-29,P003,Hemaviton C1000,Vitamin,O013,Makassar Prime Pharmacy,Sulawesi,Makassar,156,140,140,0,15.2
2024-03-29,P004,Vidoran Smart,Multivitamin,O013,Makassar Prime Pharmacy,Sulawesi,Makassar,97,60,60,0,4.3
2024-03-29,P005,Marina Skin Care,Skin Care,O013,Makassar Prime Pharmacy,Sulawesi,Makassar,133,121,121,0,13.6
2024-03-29,P001,Tempra,Fever & Pain,O014,Makassar Health Mart,Sulawesi,Makassar,90,61,61,0,6.5
2024-03-29,P002,Bodrex Flu & Batuk,Cough & Cold,O014,Makassar Health Mart,Sulawesi,Makassar,130,93,93,0,10.3
2024-03-29,P003,Hemaviton C1000,Vitamin,O014,Makassar Health Mart,Sulawesi,Makassar,154,125,125,0,9.0
2024-03-29,P004,Vidoran Smart,Multivitamin,O014,Makassar Health Mart,Sulawesi,Makassar,143,121,121,0,8.3
2024-03-29,P005,Marina Skin Care,Skin Care,O014,Makassar Health Mart,Sulawesi,Makassar,132,94,94,0,8.3
2024-03-30,P001,Tempra,Fever & Pain,O001,Bandung Prime Pharmacy,Jawa Barat,Bandung,148,121,121,0,12.9
2024-03-30,P002,Bodrex Flu & Batuk,Cough & Cold,O001,Bandung Prime Pharmacy,Jawa Barat,Bandung,113,88,88,0,10.6
2024-03-30,P003,Hemaviton C1000,Vitamin,O001,Bandung Prime Pharmacy,Jawa Barat,Bandung,107,64,64,0,6.1
2024-03-30,P004,Vidoran Smart,Multivitamin,O001,Bandung Prime Pharmacy,Jawa Barat,Bandung,130,108,108,0,9.5
2024-03-30,P005,Marina Skin Care,Skin Care,O001,Bandung Prime Pharmacy,Jawa Barat,Bandung,85,58,58,0,4.1
2024-03-30,P001,Tempra,Fever & Pain,O002,Bandung Health Mart,Jawa Barat,Bandung,178,139,139,0,14.9
2024-03-30,P002,Bodrex Flu & Batuk,Cough & Cold,O002,Bandung Health Mart,Jawa Barat,Bandung,153,129,129,0,9.6
2024-03-30,P003,Hemaviton C1000,Vitamin,O002,Bandung Health Mart,Jawa Barat,Bandung,107,97,97,0,8.6
2024-03-30,P004,Vidoran Smart,Multivitamin,O002,Bandung Health Mart,Jawa Barat,Bandung,138,122,122,0,11.2
2024-03-30,P005,Marina Skin Care,Skin Care,O002,Bandung Health Mart,Jawa Barat,Bandung,149,114,114,0,9.7
2024-03-30,P001,Tempra,Fever & Pain,O003,Bekasi Prime Pharmacy,Jawa Barat,Bekasi,136,99,99,0,8.3
2024-03-30,P002,Bodrex Flu & Batuk,Cough & Cold,O003,Bekasi Prime Pharmacy,Jawa Barat,Bekasi,114,104,104,0,9.2
2024-03-30,P003,Hemaviton C1000,Vitamin,O003,Bekasi Prime Pharmacy,Jawa Barat,Bekasi,138,102,102,0,9.6
2024-03-30,P004,Vidoran Smart,Multivitamin,O003,Bekasi Prime Pharmacy,Jawa Barat,Bekasi,107,87,87,0,8.6
2024-03-30,P005,Marina Skin Care,Skin Care,O003,Bekasi Prime Pharmacy,Jawa Barat,Bekasi,108,92,92,0,6.5
2024-03-30,P001,Tempra,Fever & Pain,O004,Bekasi Health Mart,Jawa Barat,Bekasi,156,114,114,0,8.9
2024-03-30,P002,Bodrex Flu & Batuk,Cough & Cold,O004,Bekasi Health Mart,Jawa Barat,Bekasi,116,75,75,0,8.3
2024-03-30,P003,Hemaviton C1000,Vitamin,O004,Bekasi Health Mart,Jawa Barat,Bekasi,127,110,110,0,10.2
2024-03-30,P004,Vidoran Smart,Multivitamin,O004,Bekasi Health Mart,Jawa Barat,Bekasi,138,95,95,0,6.4
2024-03-30,P005,Marina Skin Care,Skin Care,O004,Bekasi Health Mart,Jawa Barat,Bekasi,135,116,116,0,8.6
2024-03-30,P001,Tempra,Fever & Pain,O005,Surabaya Prime Pharmacy,Jawa Timur,Surabaya,119,93,93,0,10.7
2024-03-30,P002,Bodrex Flu & Batuk,Cough & Cold,O005,Surabaya Prime Pharmacy,Jawa Timur,Surabaya,141,125,125,0,8.7
2024-03-30,P003,Hemaviton C1000,Vitamin,O005,Surabaya Prime Pharmacy,Jawa Timur,Surabaya,151,119,119,0,9.5
2024-03-30,P004,Vidoran Smart,Multivitamin,O005,Surabaya Prime Pharmacy,Jawa Timur,Surabaya,95,79,79,0,5.7
2024-03-30,P005,Marina Skin Care,Skin Care,O005,Surabaya Prime Pharmacy,Jawa Timur,Surabaya,114,69,69,0,5.3
2024-03-30,P001,Tempra,Fever & Pain,O006,Surabaya Health Mart,Jawa Timur,Surabaya,161,126,126,0,13.0
2024-03-30,P002,Bodrex Flu & Batuk,Cough & Cold,O006,Surabaya Health Mart,Jawa Timur,Surabaya,112,94,94,0,8.3
2024-03-30,P003,Hemaviton C1000,Vitamin,O006,Surabaya Health Mart,Jawa Timur,Surabaya,109,80,80,0,6.5
2024-03-30,P004,Vidoran Smart,Multivitamin,O006,Surabaya Health Mart,Jawa Timur,Surabaya,110,98,98,0,7.9
2024-03-30,P005,Marina Skin Care,Skin Care,O006,Surabaya Health Mart,Jawa Timur,Surabaya,123,94,94,0,9.2
2024-03-30,P001,Tempra,Fever & Pain,O007,Semarang Prime Pharmacy,Jawa Tengah,Semarang,114,104,104,0,12.1
2024-03-30,P002,Bodrex Flu & Batuk,Cough & Cold,O007,Semarang Prime Pharmacy,Jawa Tengah,Semarang,110,80,80,0,5.4
2024-03-30,P003,Hemaviton C1000,Vitamin,O007,Semarang Prime Pharmacy,Jawa Tengah,Semarang,109,69,69,0,5.1
2024-03-30,P004,Vidoran Smart,Multivitamin,O007,Semarang Prime Pharmacy,Jawa Tengah,Semarang,116,103,103,0,11.1
2024-03-30,P005,Marina Skin Care,Skin Care,O007,Semarang Prime Pharmacy,Jawa Tengah,Semarang,119,95,95,0,8.7
2024-03-30,P001,Tempra,Fever & Pain,O008,Semarang Health Mart,Jawa Tengah,Semarang,123,102,102,0,8.1
2024-03-30,P002,Bodrex Flu & Batuk,Cough & Cold,O008,Semarang Health Mart,Jawa Tengah,Semarang,98,74,74,0,7.0
2024-03-30,P003,Hemaviton C1000,Vitamin,O008,Semarang Health Mart,Jawa Tengah,Semarang,99,83,83,0,6.1
2024-03-30,P004,Vidoran Smart,Multivitamin,O008,Semarang Health Mart,Jawa Tengah,Semarang,156,113,113,0,9.3
2024-03-30,P005,Marina Skin Care,Skin Care,O008,Semarang Health Mart,Jawa Tengah,Semarang,110,94,94,0,8.5
2024-03-30,P001,Tempra,Fever & Pain,O009,Medan Prime Pharmacy,Sumatera,Medan,107,76,76,0,6.5
2024-03-30,P002,Bodrex Flu & Batuk,Cough & Cold,O009,Medan Prime Pharmacy,Sumatera,Medan,134,89,89,0,8.5
2024-03-30,P003,Hemaviton C1000,Vitamin,O009,Medan Prime Pharmacy,Sumatera,Medan,134,106,106,0,7.4
2024-03-30,P004,Vidoran Smart,Multivitamin,O009,Medan Prime Pharmacy,Sumatera,Medan,146,106,106,0,7.5
2024-03-30,P005,Marina Skin Care,Skin Care,O009,Medan Prime Pharmacy,Sumatera,Medan,173,133,133,0,9.8
2024-03-30,P001,Tempra,Fever & Pain,O010,Medan Health Mart,Sumatera,Medan,127,115,115,0,8.7
2024-03-30,P002,Bodrex Flu & Batuk,Cough & Cold,O010,Medan Health Mart,Sumatera,Medan,105,86,86,0,7.7
2024-03-30,P003,Hemaviton C1000,Vitamin,O010,Medan Health Mart,Sumatera,Medan,136,123,123,0,9.1
2024-03-30,P004,Vidoran Smart,Multivitamin,O010,Medan Health Mart,Sumatera,Medan,127,109,109,0,12.9
2024-03-30,P005,Marina Skin Care,Skin Care,O010,Medan Health Mart,Sumatera,Medan,122,90,90,0,6.0
2024-03-30,P001,Tempra,Fever & Pain,O011,Balikpapan Prime Pharmacy,Kalimantan,Balikpapan,125,115,115,0,13.7
2024-03-30,P002,Bodrex Flu & Batuk,Cough & Cold,O011,Balikpapan Prime Pharmacy,Kalimantan,Balikpapan,145,135,135,0,10.1
2024-03-30,P003,Hemaviton C1000,Vitamin,O011,Balikpapan Prime Pharmacy,Kalimantan,Balikpapan,114,103,103,0,11.6
2024-03-30,P004,Vidoran Smart,Multivitamin,O011,Balikpapan Prime Pharmacy,Kalimantan,Balikpapan,83,58,58,0,4.5
2024-03-30,P005,Marina Skin Care,Skin Care,O011,Balikpapan Prime Pharmacy,Kalimantan,Balikpapan,110,77,77,0,9.5
2024-03-30,P001,Tempra,Fever & Pain,O012,Balikpapan Health Mart,Kalimantan,Balikpapan,172,128,128,0,8.9
2024-03-30,P002,Bodrex Flu & Batuk,Cough & Cold,O012,Balikpapan Health Mart,Kalimantan,Balikpapan,105,71,71,0,7.6
2024-03-30,P003,Hemaviton C1000,Vitamin,O012,Balikpapan Health Mart,Kalimantan,Balikpapan,127,106,106,0,8.9
2024-03-30,P004,Vidoran Smart,Multivitamin,O012,Balikpapan Health Mart,Kalimantan,Balikpapan,95,70,70,0,5.2
2024-03-30,P005,Marina Skin Care,Skin Care,O012,Balikpapan Health Mart,Kalimantan,Balikpapan,137,101,101,0,11.8
2024-03-30,P001,Tempra,Fever & Pain,O013,Makassar Prime Pharmacy,Sulawesi,Makassar,109,87,87,0,10.7
2024-03-30,P002,Bodrex Flu & Batuk,Cough & Cold,O013,Makassar Prime Pharmacy,Sulawesi,Makassar,108,88,88,0,9.8
2024-03-30,P003,Hemaviton C1000,Vitamin,O013,Makassar Prime Pharmacy,Sulawesi,Makassar,180,135,135,0,9.7
2024-03-30,P004,Vidoran Smart,Multivitamin,O013,Makassar Prime Pharmacy,Sulawesi,Makassar,126,81,81,0,6.1
2024-03-30,P005,Marina Skin Care,Skin Care,O013,Makassar Prime Pharmacy,Sulawesi,Makassar,113,86,86,0,7.8
2024-03-30,P001,Tempra,Fever & Pain,O014,Makassar Health Mart,Sulawesi,Makassar,140,96,96,0,11.2
2024-03-30,P002,Bodrex Flu & Batuk,Cough & Cold,O014,Makassar Health Mart,Sulawesi,Makassar,139,109,109,0,9.2
2024-03-30,P003,Hemaviton C1000,Vitamin,O014,Makassar Health Mart,Sulawesi,Makassar,188,143,143,0,10.4
2024-03-30,P004,Vidoran Smart,Multivitamin,O014,Makassar Health Mart,Sulawesi,Makassar,120,105,105,0,10.3
2024-03-30,P005,Marina Skin Care,Skin Care,O014,Makassar Health Mart,Sulawesi,Makassar,80,44,44,0,4.8
2024-03-31,P001,Tempra,Fever & Pain,O001,Bandung Prime Pharmacy,Jawa Barat,Bandung,145,130,130,0,15.6
2024-03-31,P002,Bodrex Flu & Batuk,Cough & Cold,O001,Bandung Prime Pharmacy,Jawa Barat,Bandung,134,94,94,0,10.6
2024-03-31,P003,Hemaviton C1000,Vitamin,O001,Bandung Prime Pharmacy,Jawa Barat,Bandung,125,102,102,0,12.0
2024-03-31,P004,Vidoran Smart,Multivitamin,O001,Bandung Prime Pharmacy,Jawa Barat,Bandung,131,96,96,0,9.9
2024-03-31,P005,Marina Skin Care,Skin Care,O001,Bandung Prime Pharmacy,Jawa Barat,Bandung,81,71,71,0,4.8
2024-03-31,P001,Tempra,Fever & Pain,O002,Bandung Health Mart,Jawa Barat,Bandung,96,71,71,0,6.9
2024-03-31,P002,Bodrex Flu & Batuk,Cough & Cold,O002,Bandung Health Mart,Jawa Barat,Bandung,100,55,55,0,4.1
2024-03-31,P003,Hemaviton C1000,Vitamin,O002,Bandung Health Mart,Jawa Barat,Bandung,139,96,96,0,7.4
2024-03-31,P004,Vidoran Smart,Multivitamin,O002,Bandung Health Mart,Jawa Barat,Bandung,150,120,120,0,13.7
2024-03-31,P005,Marina Skin Care,Skin Care,O002,Bandung Health Mart,Jawa Barat,Bandung,155,117,117,0,12.8
2024-03-31,P001,Tempra,Fever & Pain,O003,Bekasi Prime Pharmacy,Jawa Barat,Bekasi,162,122,122,0,11.2
2024-03-31,P002,Bodrex Flu & Batuk,Cough & Cold,O003,Bekasi Prime Pharmacy,Jawa Barat,Bekasi,125,106,106,0,10.9
2024-03-31,P003,Hemaviton C1000,Vitamin,O003,Bekasi Prime Pharmacy,Jawa Barat,Bekasi,102,79,79,0,5.4
2024-03-31,P004,Vidoran Smart,Multivitamin,O003,Bekasi Prime Pharmacy,Jawa Barat,Bekasi,118,102,102,0,8.1
2024-03-31,P005,Marina Skin Care,Skin Care,O003,Bekasi Prime Pharmacy,Jawa Barat,Bekasi,81,61,61,0,5.0
2024-03-31,P001,Tempra,Fever & Pain,O004,Bekasi Health Mart,Jawa Barat,Bekasi,149,117,117,0,10.2
2024-03-31,P002,Bodrex Flu & Batuk,Cough & Cold,O004,Bekasi Health Mart,Jawa Barat,Bekasi,135,110,110,0,11.7
2024-03-31,P003,Hemaviton C1000,Vitamin,O004,Bekasi Health Mart,Jawa Barat,Bekasi,124,88,88,0,9.8
2024-03-31,P004,Vidoran Smart,Multivitamin,O004,Bekasi Health Mart,Jawa Barat,Bekasi,99,81,81,0,5.9
2024-03-31,P005,Marina Skin Care,Skin Care,O004,Bekasi Health Mart,Jawa Barat,Bekasi,109,93,93,0,6.6
2024-03-31,P001,Tempra,Fever & Pain,O005,Surabaya Prime Pharmacy,Jawa Timur,Surabaya,135,109,109,0,11.5
2024-03-31,P002,Bodrex Flu & Batuk,Cough & Cold,O005,Surabaya Prime Pharmacy,Jawa Timur,Surabaya,125,93,93,0,7.2
2024-03-31,P003,Hemaviton C1000,Vitamin,O005,Surabaya Prime Pharmacy,Jawa Timur,Surabaya,104,81,81,0,5.6
2024-03-31,P004,Vidoran Smart,Multivitamin,O005,Surabaya Prime Pharmacy,Jawa Timur,Surabaya,102,92,92,0,10.0
2024-03-31,P005,Marina Skin Care,Skin Care,O005,Surabaya Prime Pharmacy,Jawa Timur,Surabaya,110,93,93,0,10.7
2024-03-31,P001,Tempra,Fever & Pain,O006,Surabaya Health Mart,Jawa Timur,Surabaya,135,114,114,0,7.7
2024-03-31,P002,Bodrex Flu & Batuk,Cough & Cold,O006,Surabaya Health Mart,Jawa Timur,Surabaya,134,110,110,0,12.0
2024-03-31,P003,Hemaviton C1000,Vitamin,O006,Surabaya Health Mart,Jawa Timur,Surabaya,150,122,122,0,9.7
2024-03-31,P004,Vidoran Smart,Multivitamin,O006,Surabaya Health Mart,Jawa Timur,Surabaya,115,98,98,0,7.7
2024-03-31,P005,Marina Skin Care,Skin Care,O006,Surabaya Health Mart,Jawa Timur,Surabaya,76,56,56,0,4.3
2024-03-31,P001,Tempra,Fever & Pain,O007,Semarang Prime Pharmacy,Jawa Tengah,Semarang,106,70,70,0,4.8
2024-03-31,P002,Bodrex Flu & Batuk,Cough & Cold,O007,Semarang Prime Pharmacy,Jawa Tengah,Semarang,118,86,86,0,10.1
2024-03-31,P003,Hemaviton C1000,Vitamin,O007,Semarang Prime Pharmacy,Jawa Tengah,Semarang,121,85,85,0,8.8
2024-03-31,P004,Vidoran Smart,Multivitamin,O007,Semarang Prime Pharmacy,Jawa Tengah,Semarang,139,113,113,0,10.1
2024-03-31,P005,Marina Skin Care,Skin Care,O007,Semarang Prime Pharmacy,Jawa Tengah,Semarang,130,88,88,0,9.2
2024-03-31,P001,Tempra,Fever & Pain,O008,Semarang Health Mart,Jawa Tengah,Semarang,142,112,112,0,8.0
2024-03-31,P002,Bodrex Flu & Batuk,Cough & Cold,O008,Semarang Health Mart,Jawa Tengah,Semarang,111,67,67,0,6.2
2024-03-31,P003,Hemaviton C1000,Vitamin,O008,Semarang Health Mart,Jawa Tengah,Semarang,125,96,96,0,8.4
2024-03-31,P004,Vidoran Smart,Multivitamin,O008,Semarang Health Mart,Jawa Tengah,Semarang,126,114,114,0,12.8
2024-03-31,P005,Marina Skin Care,Skin Care,O008,Semarang Health Mart,Jawa Tengah,Semarang,83,68,68,0,6.1
2024-03-31,P001,Tempra,Fever & Pain,O009,Medan Prime Pharmacy,Sumatera,Medan,113,77,77,0,5.9
2024-03-31,P002,Bodrex Flu & Batuk,Cough & Cold,O009,Medan Prime Pharmacy,Sumatera,Medan,133,94,94,0,7.9
2024-03-31,P003,Hemaviton C1000,Vitamin,O009,Medan Prime Pharmacy,Sumatera,Medan,101,90,90,0,7.0
2024-03-31,P004,Vidoran Smart,Multivitamin,O009,Medan Prime Pharmacy,Sumatera,Medan,90,80,80,0,7.5
2024-03-31,P005,Marina Skin Care,Skin Care,O009,Medan Prime Pharmacy,Sumatera,Medan,118,96,96,0,8.0
2024-03-31,P001,Tempra,Fever & Pain,O010,Medan Health Mart,Sumatera,Medan,120,100,100,0,8.7
2024-03-31,P002,Bodrex Flu & Batuk,Cough & Cold,O010,Medan Health Mart,Sumatera,Medan,120,84,84,0,6.3
2024-03-31,P003,Hemaviton C1000,Vitamin,O010,Medan Health Mart,Sumatera,Medan,118,104,104,0,9.3
2024-03-31,P004,Vidoran Smart,Multivitamin,O010,Medan Health Mart,Sumatera,Medan,151,112,112,0,12.8
2024-03-31,P005,Marina Skin Care,Skin Care,O010,Medan Health Mart,Sumatera,Medan,105,62,62,0,6.0
2024-03-31,P001,Tempra,Fever & Pain,O011,Balikpapan Prime Pharmacy,Kalimantan,Balikpapan,69,53,53,0,4.5
2024-03-31,P002,Bodrex Flu & Batuk,Cough & Cold,O011,Balikpapan Prime Pharmacy,Kalimantan,Balikpapan,145,103,103,0,9.9
2024-03-31,P003,Hemaviton C1000,Vitamin,O011,Balikpapan Prime Pharmacy,Kalimantan,Balikpapan,101,86,86,0,6.7
2024-03-31,P004,Vidoran Smart,Multivitamin,O011,Balikpapan Prime Pharmacy,Kalimantan,Balikpapan,67,49,49,0,5.7
2024-03-31,P005,Marina Skin Care,Skin Care,O011,Balikpapan Prime Pharmacy,Kalimantan,Balikpapan,76,57,57,0,4.4
2024-03-31,P001,Tempra,Fever & Pain,O012,Balikpapan Health Mart,Kalimantan,Balikpapan,142,126,126,0,13.5
2024-03-31,P002,Bodrex Flu & Batuk,Cough & Cold,O012,Balikpapan Health Mart,Kalimantan,Balikpapan,90,76,76,0,5.9
2024-03-31,P003,Hemaviton C1000,Vitamin,O012,Balikpapan Health Mart,Kalimantan,Balikpapan,104,62,62,0,6.2
2024-03-31,P004,Vidoran Smart,Multivitamin,O012,Balikpapan Health Mart,Kalimantan,Balikpapan,157,119,119,0,8.9
2024-03-31,P005,Marina Skin Care,Skin Care,O012,Balikpapan Health Mart,Kalimantan,Balikpapan,151,113,113,0,10.1
2024-03-31,P001,Tempra,Fever & Pain,O013,Makassar Prime Pharmacy,Sulawesi,Makassar,109,65,65,0,7.4
2024-03-31,P002,Bodrex Flu & Batuk,Cough & Cold,O013,Makassar Prime Pharmacy,Sulawesi,Makassar,128,105,105,0,7.4
2024-03-31,P003,Hemaviton C1000,Vitamin,O013,Makassar Prime Pharmacy,Sulawesi,Makassar,129,114,114,0,11.7
2024-03-31,P004,Vidoran Smart,Multivitamin,O013,Makassar Prime Pharmacy,Sulawesi,Makassar,163,132,132,0,12.0
2024-03-31,P005,Marina Skin Care,Skin Care,O013,Makassar Prime Pharmacy,Sulawesi,Makassar,74,61,61,0,4.3
2024-03-31,P001,Tempra,Fever & Pain,O014,Makassar Health Mart,Sulawesi,Makassar,131,114,114,0,7.9
2024-03-31,P002,Bodrex Flu & Batuk,Cough & Cold,O014,Makassar Health Mart,Sulawesi,Makassar,128,107,107,0,13.2
2024-03-31,P003,Hemaviton C1000,Vitamin,O014,Makassar Health Mart,Sulawesi,Makassar,164,120,120,0,8.7
2024-03-31,P004,Vidoran Smart,Multivitamin,O014,Makassar Health Mart,Sulawesi,Makassar,176,132,132,0,12.1
2024-03-31,P005,Marina Skin Care,Skin Care,O014,Makassar Health Mart,Sulawesi,Makassar,123,96,96,0,11.1
